600.004808,1.307e-28,3,6,1265,1175
600.014738,2.293e-26,3,6,1265,1175
600.033813,7.496e-30,3,6,1265,1175
600.04754,7.085e-27,3,6,1265,1175
600.064993,3.323e-30,3,6,1265,1175
600.105224,5.655e-28,3,6,1265,1175
600.118301,2.466e-29,3,6,1265,1175
600.124408,6.659e-29,4,6,1265,1175
600.198592,1.385e-25,4,6,1265,1175
600.216555,9.034e-30,3,6,1265,1175
600.224434,1.431e-30,3,6,1265,1175
600.22492,8.757e-30,3,6,1265,1175
600.228018,2.393e-27,3,6,1265,1175
600.236694,2.428e-26,3,6,1265,1175
600.271583,6.581e-29,4,7,1265,1175
600.286287,4.414e-28,3,6,1265,1175
600.294635,9.386e-30,3,6,1265,1175
600.317885,2.645e-29,3,6,1265,1175
600.328095,8.811e-30,3,6,1265,1175
600.332554,5.877e-26,3,6,1265,1175
600.33829,8.79e-30,3,6,1265,1175
600.339658,1.189e-30,3,6,1265,1175
600.341506,1.406e-24,3,6,1265,1175
600.348896,1.238e-26,3,6,1265,1175
600.358069,3.094e-28,4,7,1265,1175
600.364567,1.581e-28,3,6,1265,1175
600.375186,1.653e-28,3,6,1265,1175
600.386073,4.265e-29,3,6,1265,1175
600.418523,2.552e-29,3,6,1265,1175
600.438488,6.497e-29,3,6,1265,1175
600.443674,2.46e-30,3,6,1265,1175
600.460128,3.132e-30,3,6,1265,1175
600.467099,4.562e-28,3,6,1265,1175
600.472424,7.697e-24,4,7,1265,1175
600.472444,1.148e-24,4,6,1265,1175
600.49293,8.197e-30,3,6,1265,1175
600.507841,3.157e-27,3,6,1265,1175
600.526294,3.191e-30,3,7,1265,1175
600.584984,7.014e-30,3,6,1265,1175
600.586761,2.69e-28,3,6,1265,1175
600.601962,1.981e-30,3,6,1265,1175
600.602064,1.063e-30,3,6,1265,1175
600.633474,5.741e-28,3,6,1265,1175
600.635041,3.829e-28,4,6,1265,1175
600.653064,1.162e-30,3,6,1265,1175
600.654799,1.83e-30,3,6,1265,1175
600.676591,6.396e-29,3,6,1265,1175
600.683934,2.717e-29,3,6,1265,1175
600.694531,1.011e-26,4,7,1265,1175
600.699035,1.24e-30,3,6,1265,1175
600.708578,2.822e-30,3,6,1265,1175
600.732632,1.126e-28,3,6,1265,1175
600.740111,1.288e-30,3,6,1265,1175
600.763412,1.065e-28,3,6,1265,1175
600.770071,1.808e-25,3,7,1265,1175
600.772721,4.09e-27,3,6,1265,1175
600.776415,1.3e-30,3,6,1265,1175
600.801113,2.346e-29,3,6,1265,1175
600.80221,6.817e-27,3,6,1265,1175
600.808059,1.27e-30,3,6,1265,1175
600.835143,1.194e-30,3,6,1265,1175
600.842564,3.76e-27,3,6,1265,1175
600.843684,2.436e-30,3,6,1265,1175
600.857752,1.072e-30,3,6,1265,1175
600.870106,1.913e-30,3,6,1265,1175
600.876826,3.582e-28,4,6,1265,1175
600.893355,2.13e-29,3,6,1265,1175
600.89966,6.532e-27,4,7,1265,1175
600.963663,5.333e-30,3,6,1265,1175
600.989574,1.168e-30,3,6,1265,1175
600.999703,1.436e-27,4,7,1265,1175
601.015923,1.042e-30,3,6,1265,1175
601.022862,5.203e-27,3,6,1265,1175
601.068938,2.945e-26,4,6,1265,1175
601.09272,1.39e-29,3,6,1265,1175
601.094886,1.093e-26,3,6,1265,1175
601.098015,1.353e-24,3,6,1265,1175
601.101458,8.764e-29,4,6,1265,1175
601.108863,5.208e-28,3,6,1265,1175
601.114973,9.432e-29,4,7,1265,1175
601.115237,3.526e-29,3,6,1265,1175
601.141635,4.536e-30,3,7,1265,1175
601.154623,2.424e-29,3,6,1265,1175
601.161088,8.06e-26,3,6,1265,1175
601.167816,4.413e-26,3,6,1265,1175
601.1734,1.205e-23,4,7,1265,1175
601.194191,5.734e-29,3,6,1265,1175
601.195684,3.633e-30,3,6,1265,1175
601.227596,1.216e-23,3,7,1265,1175
601.258269,1.893e-27,3,6,1265,1175
601.258459,6.496e-27,3,6,1265,1175
601.262452,2.505e-30,3,6,1265,1175
601.262707,7.407e-30,3,6,1265,1175
601.277516,1.104e-28,3,6,1265,1175
601.303798,2.033e-29,3,6,1265,1175
601.352317,3.973e-30,3,6,1265,1175
601.359546,1.881e-24,4,7,1265,1175
601.392338,5.129e-30,3,6,1265,1175
601.394475,1.987e-26,3,6,1265,1175
601.410198,9.68e-29,3,6,1265,1175
601.410395,1.158e-29,3,6,1265,1175
601.433139,1.249e-27,3,6,1265,1175
601.459631,4.319e-27,3,7,1265,1175
601.478248,1.158e-28,4,6,1265,1175
601.4797,7.959e-27,3,6,1265,1175
601.486861,2.78e-30,3,6,1265,1175
601.543722,6.378e-28,4,7,1265,1175
601.556801,2.382e-21,3,7,1265,1175
601.560036,2.548e-30,3,6,1265,1175
601.567051,1.325e-28,4,7,1265,1175
601.586402,6.523e-27,3,6,1265,1175
601.604649,2.445e-29,3,6,1265,1175
601.611289,1.188e-29,3,6,1265,1175
601.662803,5.895e-28,3,6,1265,1175
601.685289,2.957e-28,3,6,1265,1175
601.686766,9.563e-27,3,6,1265,1175
601.72492,1.438e-29,3,6,1265,1175
601.750656,2.9e-30,3,6,1265,1175
601.754172,2.124e-26,3,6,1265,1175
601.760863,1.817e-25,4,6,1265,1175
601.779077,1.461e-28,3,6,1265,1175
601.811902,4.064e-28,3,6,1265,1175
601.814333,6.428e-30,4,7,1265,1175
601.825765,1.722e-29,3,6,1265,1175
601.838364,9.598e-27,3,6,1265,1175
601.839631,9.123e-30,3,6,1265,1175
601.843195,2.902e-29,3,6,1265,1175
601.86445,1.295e-24,3,6,1265,1175
601.876253,1.013e-25,3,6,1265,1175
601.879076,3.883e-30,3,6,1265,1175
601.879829,1.126e-26,3,6,1265,1175
601.897589,9.915e-30,3,6,1265,1175
601.92918,2.712e-30,3,6,1265,1175
601.929628,1.55e-28,3,6,1265,1175
601.944398,5.036e-29,3,6,1265,1175
601.971839,2.294e-29,3,6,1265,1175
601.97892,6.654e-30,3,6,1265,1175
602.001567,1.392e-24,4,6,1265,1175
602.039499,1.665e-23,3,7,1265,1175
602.050344,3.156e-30,3,6,1265,1175
602.059052,1.3e-26,3,6,1265,1175
602.064572,5.918e-28,3,6,1265,1175
602.087619,4.551e-29,3,6,1265,1175
602.094139,1.215e-30,3,6,1265,1175
602.123022,5.146e-28,4,6,1265,1175
602.12678,5.862e-28,3,6,1265,1175
602.139409,8.264e-29,3,6,1265,1175
602.158381,2.076e-30,3,6,1265,1175
602.167561,3.5e-25,3,7,1265,1175
602.170021,1.648e-26,4,7,1265,1175
602.181066,2.485e-27,4,7,1265,1175
602.190211,2.794e-30,3,6,1265,1175
602.211695,3.38e-30,3,6,1265,1175
602.224588,1.468e-26,3,6,1265,1175
602.22536,1.607e-30,3,6,1265,1175
602.239424,2.157e-29,3,6,1265,1175
602.284895,6.043e-28,4,6,1265,1175
602.303578,1.266e-26,4,7,1265,1175
602.306309,8.444e-29,3,6,1265,1175
602.334667,6.2e-27,3,6,1265,1175
602.366828,1.427e-29,3,6,1265,1175
602.376582,1.621e-26,3,6,1265,1175
602.38805,1.883e-28,4,7,1265,1175
602.405357,1.931e-27,3,6,1265,1175
602.406998,1.782e-30,3,6,1265,1175
602.423402,6.354e-30,3,6,1265,1175
602.434019,1.513e-28,4,6,1265,1175
602.436465,9.069e-30,4,7,1265,1175
602.470258,2.721e-30,3,6,1265,1175
602.497033,2.69e-29,3,6,1265,1175
602.50592,2.346e-29,3,6,1265,1175
602.515169,1.748e-26,3,6,1265,1175
602.569686,2.379e-29,3,6,1265,1175
602.575183,1.457e-30,3,6,1265,1175
602.582226,8.393e-27,3,6,1265,1175
602.601725,2.023e-30,3,6,1265,1175
602.61716,1.231e-24,3,6,1265,1175
602.6222,2.606e-26,4,6,1265,1175
602.636208,6.395e-28,3,6,1265,1175
602.640471,1.839e-26,3,6,1265,1175
602.694675,2.153e-29,3,6,1265,1175
602.697684,4.182e-26,3,6,1265,1175
602.69883,4.404e-29,3,6,1265,1175
602.705135,2.571e-30,3,6,1265,1175
602.711041,1.255e-23,4,7,1265,1175
602.734125,1.295e-27,4,7,1265,1175
602.740854,1.218e-25,3,6,1265,1175
602.752213,5.957e-30,3,6,1265,1175
602.752603,1.882e-26,3,6,1265,1175
602.76195,1.688e-26,3,6,1265,1175
602.766936,2.701e-30,3,6,1265,1175
602.770149,2.096e-23,4,7,1265,1175
602.794809,1.761e-29,3,6,1265,1175
602.807456,7.045e-29,3,6,1265,1175
602.821102,8.273e-29,3,6,1265,1175
602.835723,2.876e-24,4,7,1265,1175
602.838066,1.982e-28,4,6,1265,1175
602.851667,1.868e-26,3,6,1265,1175
602.859837,2.17e-27,3,6,1265,1175
602.867531,2.626e-28,4,7,1265,1175
602.881446,7.245e-30,3,6,1265,1175
602.900422,2.281e-30,3,6,1265,1175
602.902093,4.467e-30,3,6,1265,1175
602.911047,1.571e-29,3,6,1265,1175
602.91266,1.135e-30,3,6,1265,1175
602.926789,1.157e-29,3,6,1265,1175
602.937754,1.79e-26,3,6,1265,1175
602.986733,1.756e-27,3,6,1265,1175
602.988863,3.646e-30,3,6,1265,1175
603.000737,1.003e-30,3,6,1265,1175
603.010945,1.646e-26,3,6,1265,1175
603.051232,6.036e-28,3,6,1265,1175
603.060388,2.599e-27,3,7,1265,1175
603.071307,1.435e-26,3,6,1265,1175
603.08391,2.358e-29,3,6,1265,1175
603.101633,1.823e-28,3,6,1265,1175
603.108707,1.275e-29,4,7,1265,1175
603.118897,1.164e-26,3,6,1265,1175
603.12292,5.864e-27,3,6,1265,1175
603.131576,2.55e-21,3,7,1265,1175
603.153761,8.416e-27,3,6,1265,1175
603.158901,2.166e-29,3,6,1265,1175
603.159795,1.772e-30,3,6,1265,1175
603.175931,4.806e-27,3,6,1265,1175
603.18087,1.319e-28,3,6,1265,1175
603.214033,3.95e-30,3,6,1265,1175
603.220433,5.935e-28,3,6,1265,1175
603.258487,5.081e-30,3,6,1265,1175
603.267835,1.82e-26,3,6,1265,1175
603.294974,1.942e-29,3,6,1265,1175
603.295461,1.236e-30,3,6,1265,1175
603.319951,6.029e-30,3,6,1265,1175
603.323142,7.306e-27,3,6,1265,1175
603.324344,2.341e-25,4,6,1265,1175
603.361206,1.455e-30,3,6,1265,1175
603.372839,4.233e-27,4,7,1265,1175
603.383537,1.164e-24,3,6,1265,1175
603.395181,2.721e-30,3,6,1265,1175
603.412438,1.396e-25,3,6,1265,1175
603.446367,3.833e-29,3,6,1265,1175
603.450174,9.234e-30,3,6,1265,1175
603.458278,1.094e-29,3,6,1265,1175
603.460375,5.302e-30,3,6,1265,1175
603.466177,2.165e-30,3,6,1265,1175
603.48251,1.419e-28,3,6,1265,1175
603.49432,3.184e-29,3,6,1265,1175
603.505444,9.194e-30,3,6,1265,1175
603.514306,6.958e-30,3,6,1265,1175
603.523741,1.582e-24,4,6,1265,1175
603.524628,2.015e-29,3,6,1265,1175
603.538953,5.962e-29,3,6,1265,1175
603.559443,5.878e-30,3,6,1265,1175
603.568841,6.672e-25,4,7,1265,1175
603.606644,2.515e-23,3,7,1265,1175
603.612824,5.794e-28,3,6,1265,1175
603.613337,1.069e-30,3,6,1265,1175
603.614719,6.798e-28,4,6,1265,1175
603.618982,4.107e-30,3,6,1265,1175
603.643441,3.086e-30,3,6,1265,1175
603.64914,2.645e-26,4,7,1265,1175
603.658706,1.094e-29,3,6,1265,1175
603.660272,1.343e-30,3,6,1265,1175
603.665386,2.69e-30,3,6,1265,1175
603.66542,2.642e-30,3,6,1265,1175
603.667763,7.021e-28,3,6,1265,1175
603.668769,3.7e-28,4,7,1265,1175
603.697072,1.004e-27,4,6,1265,1175
603.711244,2.417e-26,4,7,1265,1175
603.737194,1.785e-29,4,7,1265,1175
603.756613,9.362e-30,3,6,1265,1175
603.773449,2.57e-28,4,6,1265,1175
603.796447,1.499e-29,3,6,1265,1175
603.823686,2.081e-30,3,6,1265,1175
603.831386,6.091e-30,3,6,1265,1175
603.857401,5.865e-29,3,6,1265,1175
603.86357,5.509e-27,3,6,1265,1175
603.923226,3.897e-29,3,6,1265,1175
603.929574,2.591e-27,4,7,1265,1175
603.95846,4.722e-30,3,6,1265,1175
603.979391,3.172e-30,3,6,1265,1175
603.985691,1.237e-29,3,6,1265,1175
604.018731,1.579e-29,3,6,1265,1175
604.032602,8.879e-30,3,6,1265,1175
604.064876,6.331e-27,3,6,1265,1175
604.099723,3.333e-29,3,6,1265,1175
604.102577,7.156e-30,3,6,1265,1175
604.104668,2.902e-30,3,6,1265,1175
604.117186,1.406e-26,3,6,1265,1175
604.127591,4.754e-30,3,6,1265,1175
604.131997,1.094e-24,3,6,1265,1175
604.155249,7.293e-28,3,6,1265,1175
604.173117,5.125e-28,4,7,1265,1175
604.174788,2.16e-26,4,6,1265,1175
604.18696,2.632e-29,3,6,1265,1175
604.19641,5.04e-29,3,6,1265,1175
604.19964,3.322e-29,3,6,1265,1175
604.201817,1.606e-29,3,6,1265,1175
604.203791,3.34e-28,4,6,1265,1175
604.22286,1.272e-29,3,6,1265,1175
604.227025,2.039e-29,3,6,1265,1175
604.231462,1.871e-29,3,6,1265,1175
604.233427,3.796e-26,3,6,1265,1175
604.237965,4.703e-30,3,6,1265,1175
604.240564,8.307e-30,3,6,1265,1175
604.250582,7.706e-30,3,6,1265,1175
604.251428,1.273e-23,4,7,1265,1175
604.261434,2.79e-30,3,6,1265,1175
604.268488,7.006e-30,3,6,1265,1175
604.288518,1.389e-30,3,6,1265,1175
604.304643,8.813e-28,3,6,1265,1175
604.305201,2.893e-23,3,7,1265,1175
604.305687,1.838e-30,3,6,1265,1175
604.31592,4.324e-24,4,7,1265,1175
604.323691,1.579e-25,3,6,1265,1175
604.368049,5.131e-29,3,6,1265,1175
604.373912,1.006e-29,3,6,1265,1175
604.402281,1.015e-29,3,6,1265,1175
604.402407,1.789e-29,3,6,1265,1175
604.405258,2.046e-29,3,6,1265,1175
604.409392,2.491e-29,4,7,1265,1175
604.459656,2.436e-27,3,6,1265,1175
604.509464,5.659e-30,3,6,1265,1175
604.511971,1.438e-29,3,6,1265,1175
604.529165,1.447e-29,3,6,1265,1175
604.535377,1.013e-28,3,6,1265,1175
604.541885,2.425e-27,3,6,1265,1175
604.556021,2.217e-29,3,6,1265,1175
604.55753,1.131e-30,3,6,1265,1175
604.569883,1.164e-28,3,6,1265,1175
604.571505,2.473e-29,3,6,1265,1175
604.575131,7.096e-27,4,7,1265,1175
604.59627,2.559e-29,3,6,1265,1175
604.596626,3.208e-29,3,6,1265,1175
604.624614,2.007e-30,3,6,1265,1175
604.649331,2.026e-29,3,6,1265,1175
604.655575,1.539e-27,3,7,1265,1175
604.657135,5.153e-27,3,6,1265,1175
604.702904,2.358e-30,3,6,1265,1175
604.704987,2.66e-21,3,7,1265,1175
604.712628,2.858e-30,3,6,1265,1175
604.717962,5.459e-30,3,6,1265,1175
604.730426,3.357e-29,3,6,1265,1175
604.741294,1.278e-29,3,6,1265,1175
604.742905,9.763e-28,3,6,1265,1175
604.762967,2.789e-29,3,6,1265,1175
604.766211,9.21e-30,3,6,1265,1175
604.772916,2.449e-29,3,6,1265,1175
604.775102,3.139e-29,3,6,1265,1175
604.7776,1.529e-26,3,6,1265,1175
604.778022,5.798e-28,3,6,1265,1175
604.803132,5.462e-27,3,6,1265,1175
604.870256,3.772e-29,3,6,1265,1175
604.879456,4.473e-29,3,6,1265,1175
604.88889,2.963e-25,4,6,1265,1175
604.896908,2.19e-29,3,6,1265,1175
604.898731,1.023e-24,3,6,1265,1175
604.901729,1.856e-29,3,6,1265,1175
604.913346,1.006e-29,3,6,1265,1175
604.931227,4.228e-29,3,6,1265,1175
604.937165,4.147e-30,3,6,1265,1175
604.941044,1.717e-25,3,6,1265,1175
604.94199,3.777e-29,3,6,1265,1175
604.944297,2.865e-29,3,6,1265,1175
604.949095,1.79e-30,3,6,1265,1175
604.957016,7.162e-28,4,7,1265,1175
604.971377,5.014e-29,3,6,1265,1175
604.973913,1.252e-24,3,7,1265,1175
605.018884,5.851e-29,3,6,1265,1175
605.020346,1.18e-29,3,6,1265,1175
605.023633,4.106e-29,3,6,1265,1175
605.033702,1.271e-28,3,6,1265,1175
605.038921,1.711e-24,4,6,1265,1175
605.043844,3.46e-29,4,7,1265,1175
605.056327,9.045e-30,3,6,1265,1175
605.066501,6.546e-29,3,6,1265,1175
605.077061,1.733e-29,3,6,1265,1175
605.091537,5.564e-28,3,6,1265,1175
605.097159,4.454e-29,3,6,1265,1175
605.110015,8.822e-28,4,6,1265,1175
605.113352,1.64e-27,4,6,1265,1175
605.119757,4.296e-28,4,6,1265,1175
605.122664,4.542e-26,4,7,1265,1175
605.130356,5.105e-27,4,7,1265,1175
605.131823,4.176e-26,4,7,1265,1175
605.133858,2.522e-30,3,6,1265,1175
605.149006,7.511e-29,3,6,1265,1175
605.155798,8.392e-29,3,6,1265,1175
605.173807,3.257e-23,3,7,1265,1175
605.21423,1.572e-30,3,6,1265,1175
605.239269,2.937e-30,3,6,1265,1175
605.23943,1.056e-28,3,6,1265,1175
605.240824,5.145e-29,3,6,1265,1175
605.264352,6.772e-29,3,6,1265,1175
605.270118,9.459e-29,3,6,1265,1175
605.276581,7.834e-28,3,6,1265,1175
605.292875,1.292e-30,3,7,1265,1175
605.317553,1.305e-28,3,6,1265,1175
605.344631,6.374e-29,3,6,1265,1175
605.349463,1.086e-30,3,6,1265,1175
605.351362,4.084e-30,3,6,1265,1175
605.355007,7.699e-30,3,6,1265,1175
605.373185,5.817e-29,3,6,1265,1175
605.382515,1.168e-28,3,6,1265,1175
605.388794,4.788e-27,3,6,1265,1175
605.390316,1.581e-28,3,6,1265,1175
605.416704,3.011e-29,3,6,1265,1175
605.457863,1.879e-28,3,6,1265,1175
605.46021,1.149e-26,3,6,1265,1175
605.462253,1.03e-29,3,6,1265,1175
605.483894,9.849e-28,4,7,1265,1175
605.48649,1.414e-28,3,6,1265,1175
605.494432,6.431e-29,3,6,1265,1175
605.495299,1.099e-28,3,6,1265,1175
605.520329,2.188e-28,3,6,1265,1175
605.542744,4.691e-27,3,6,1265,1175
605.558873,2.594e-29,3,6,1265,1175
605.572011,1.265e-27,3,6,1265,1175
605.57536,5.537e-28,4,6,1265,1175
605.576881,3.545e-29,3,6,1265,1175
605.577844,2.496e-28,3,6,1265,1175
605.582328,1.677e-28,3,6,1265,1175
605.586749,3.868e-29,3,6,1265,1175
605.604742,6.943e-29,3,6,1265,1175
605.605478,1.308e-29,3,6,1265,1175
605.624273,2.306e-30,3,6,1265,1175
605.630527,2.785e-28,3,6,1265,1175
605.642433,9.512e-25,3,6,1265,1175
605.665849,7.882e-28,3,6,1265,1175
605.670307,1.948e-28,3,6,1265,1175
605.678493,3.038e-28,3,6,1265,1175
605.696546,2.461e-29,3,6,1265,1175
605.701318,4.052e-29,3,6,1265,1175
605.702674,1.454e-30,3,6,1265,1175
605.704275,7.308e-29,3,6,1265,1175
605.716366,4.79e-29,4,7,1265,1175
605.716698,1.755e-28,3,6,1265,1175
605.719893,3.646e-30,3,6,1265,1175
605.721845,3.234e-28,3,6,1265,1175
605.726704,1.619e-26,4,6,1265,1175
605.745666,2.779e-30,3,6,1265,1175
605.746785,2.981e-30,3,6,1265,1175
605.750694,2.213e-28,3,6,1265,1175
605.76068,3.353e-28,3,6,1265,1175
605.764799,1.592e-29,3,6,1265,1175
605.7751,3.26e-26,3,6,1265,1175
605.788037,1.171e-26,4,7,1265,1175
605.793182,7.484e-29,3,6,1265,1175
605.794627,1.251e-23,4,7,1265,1175
605.795085,3.379e-28,3,6,1265,1175
605.800045,6.396e-24,4,7,1265,1175
605.815538,7.969e-30,3,6,1265,1175
605.823745,2.457e-28,3,6,1265,1175
605.825139,3.296e-28,3,6,1265,1175
605.829639,3.007e-30,3,7,1265,1175
605.832707,3.56e-23,3,7,1265,1175
605.850912,3.095e-28,3,6,1265,1175
605.869683,1.374e-29,3,6,1265,1175
605.871596,7.433e-29,3,6,1265,1175
605.871634,2.177e-30,3,6,1265,1175
605.872463,2.776e-28,3,6,1265,1175
605.889701,2.664e-28,3,6,1265,1175
605.889844,2.342e-28,3,6,1265,1175
605.903096,1.807e-28,3,6,1265,1175
605.909528,1.871e-25,3,6,1265,1175
605.91225,1.191e-28,3,6,1265,1175
605.917328,5.205e-29,3,6,1265,1175
605.928768,2.756e-28,3,6,1265,1175
605.939637,7.128e-29,3,6,1265,1175
605.946053,1.006e-28,3,6,1265,1175
605.948787,2.814e-28,3,6,1265,1175
605.956361,1.065e-30,3,6,1265,1175
605.965282,3.691e-30,3,6,1265,1175
605.986572,4.924e-29,3,6,1265,1175
605.99741,6.557e-29,3,6,1265,1175
606.001212,2.891e-28,3,6,1265,1175
606.002529,2.997e-30,3,6,1265,1175
606.020912,2.036e-29,3,6,1265,1175
606.038156,4.673e-29,3,6,1265,1175
606.045005,5.721e-29,3,6,1265,1175
606.047167,2.879e-28,3,6,1265,1175
606.057548,2.672e-27,3,6,1265,1175
606.082496,4.642e-29,3,6,1265,1175
606.086823,2.768e-28,3,6,1265,1175
606.098497,3.293e-27,3,6,1265,1175
606.109942,3.356e-29,3,6,1265,1175
606.111814,4.429e-30,3,6,1265,1175
606.120331,2.552e-28,3,6,1265,1175
606.127387,1.917e-29,3,6,1265,1175
606.131726,4.259e-28,3,6,1265,1175
606.14782,2.23e-28,3,6,1265,1175
606.152591,3.099e-29,3,6,1265,1175
606.169401,1.812e-28,3,6,1265,1175
606.182036,8.269e-30,3,6,1265,1175
606.185158,1.312e-28,3,6,1265,1175
606.189085,4.432e-27,3,6,1265,1175
606.195154,7.495e-29,3,6,1265,1175
606.21776,1.384e-29,3,6,1265,1175
606.244643,8.969e-28,3,7,1265,1175
606.251841,1.974e-30,3,6,1265,1175
606.252683,1.365e-27,4,7,1265,1175
606.2734,1.695e-29,3,6,1265,1175
606.277082,2.7e-21,3,7,1265,1175
606.278232,4.012e-27,3,6,1265,1175
606.283378,1.26e-26,3,6,1265,1175
606.291029,2.948e-30,3,6,1265,1175
606.295608,1.482e-29,3,6,1265,1175
606.296794,2.895e-27,3,6,1265,1175
606.316197,2.948e-29,3,6,1265,1175
606.325782,6.472e-28,3,6,1265,1175
606.335469,5.511e-28,3,6,1265,1175
606.336738,9.908e-27,4,7,1265,1175
606.34897,1.481e-30,3,6,1265,1175
606.351337,6.891e-30,3,7,1265,1175
606.356434,6.603e-29,4,7,1265,1175
606.382783,2.314e-24,4,7,1265,1175
606.409157,3.185e-30,3,6,1265,1175
606.409991,8.801e-25,3,6,1265,1175
606.438083,2.104e-29,3,6,1265,1175
606.45436,3.681e-25,4,6,1265,1175
606.461994,1.961e-25,3,6,1265,1175
606.472948,7.068e-28,4,6,1265,1175
606.511144,9.674e-28,3,6,1265,1175
606.521613,1.126e-30,3,6,1265,1175
606.531247,3.002e-30,3,6,1265,1175
606.533731,2.639e-27,4,6,1265,1175
606.537085,3.604e-30,3,6,1265,1175
606.537841,8.404e-26,4,7,1265,1175
606.547061,1.779e-24,4,6,1265,1175
606.562846,5.204e-28,3,6,1265,1175
606.583067,1.113e-28,3,6,1265,1175
606.583786,1.241e-29,3,6,1265,1175
606.595383,2.308e-30,3,6,1265,1175
606.608803,1.125e-27,4,6,1265,1175
606.618006,6.486e-26,4,7,1265,1175
606.629309,1.46e-29,3,6,1265,1175
606.657887,8.522e-30,3,6,1265,1175
606.670455,1.937e-30,3,6,1265,1175
606.671203,2.158e-30,3,6,1265,1175
606.688014,1.422e-27,3,6,1265,1175
606.740927,3.857e-23,4,7,1265,1175
606.770129,1.026e-28,3,6,1265,1175
606.791057,9.218e-27,3,6,1265,1175
606.799947,1.864e-27,4,7,1265,1175
606.81217,6.473e-30,3,6,1265,1175
606.837683,2.727e-30,3,6,1265,1175
606.853201,1.784e-27,3,6,1265,1175
606.85659,2.056e-27,3,6,1265,1175
606.85818,1.555e-29,3,7,1265,1175
606.890928,8.345e-28,3,6,1265,1175
606.900133,6.611e-30,3,6,1265,1175
606.906239,3.236e-29,3,6,1265,1175
606.910204,4.075e-27,3,6,1265,1175
606.948678,2.452e-29,3,6,1265,1175
606.95272,9.033e-28,4,6,1265,1175
606.966759,2.186e-29,3,6,1265,1175
606.966832,3.767e-30,3,6,1265,1175
606.992077,1.103e-30,3,6,1265,1175
606.994076,5.589e-29,3,6,1265,1175
607.011636,1.902e-26,4,7,1265,1175
607.015114,1.977e-30,3,6,1265,1175
607.015735,3.416e-27,3,6,1265,1175
607.017062,2.922e-27,4,6,1265,1175
607.029606,9.07e-29,4,7,1265,1175
607.07718,1.144e-29,3,6,1265,1175
607.09141,1.13e-30,3,6,1265,1175
607.132293,1.103e-29,3,6,1265,1175
607.148369,8.097e-25,3,6,1265,1175
607.167855,8.162e-28,3,6,1265,1175
607.169618,4.082e-27,4,6,1265,1175
607.189471,1.791e-29,3,6,1265,1175
607.191734,4.125e-30,3,6,1265,1175
607.197923,2.776e-30,3,6,1265,1175
607.219327,2.682e-30,3,6,1265,1175
607.224681,4.666e-30,3,6,1265,1175
607.239824,1.373e-30,3,6,1265,1175
607.277942,1.004e-26,3,6,1265,1175
607.288008,9.304e-24,4,7,1265,1175
607.294492,1.327e-29,3,6,1265,1175
607.301716,4.828e-29,3,6,1265,1175
607.309323,8.523e-29,3,6,1265,1175
607.31444,5.606e-27,4,6,1265,1175
607.322741,2.585e-26,3,6,1265,1175
607.33221,1.99e-29,3,6,1265,1175
607.337593,1.125e-30,3,6,1265,1175
607.340691,1.186e-23,4,7,1265,1175
607.350384,3.455e-29,3,7,1265,1175
607.352618,4.071e-23,4,7,1265,1175
607.357113,1.525e-30,3,6,1265,1175
607.368707,1.843e-29,3,6,1265,1175
607.396472,2.965e-30,3,6,1265,1175
607.411403,5.095e-29,3,6,1265,1175
607.451702,7.567e-27,4,6,1265,1175
607.455256,1.99e-29,3,6,1265,1175
607.478515,1.829e-29,3,6,1265,1175
607.483557,6.692e-29,3,6,1265,1175
607.498284,2.086e-25,3,6,1265,1175
607.522421,8.188e-30,3,6,1265,1175
607.548974,1.894e-26,4,7,1265,1175
607.555667,2.561e-27,4,7,1265,1175
607.577365,3.405e-29,3,6,1265,1175
607.581573,1.003e-26,4,6,1265,1175
607.617078,5.263e-30,3,6,1265,1175
607.639168,4.78e-30,3,6,1265,1175
607.639603,2.809e-29,3,6,1265,1175
607.653342,2.862e-27,3,6,1265,1175
607.656472,4.393e-27,3,6,1265,1175
607.6745,2.046e-29,3,6,1265,1175
607.67498,1.241e-28,4,7,1265,1175
607.690658,9.862e-30,3,6,1265,1175
607.693832,2.021e-29,3,6,1265,1175
607.695688,3.896e-30,3,6,1265,1175
607.704217,1.307e-26,4,6,1265,1175
607.718811,3.735e-27,3,6,1265,1175
607.748335,2.895e-27,3,6,1265,1175
607.771017,1.524e-29,3,6,1265,1175
607.785081,1.018e-26,3,6,1265,1175
607.795454,4.21e-24,4,7,1265,1175
607.81276,5.734e-29,3,6,1265,1175
607.819791,1.673e-26,4,6,1265,1175
607.827028,5.142e-28,3,7,1265,1175
607.828168,7.558e-29,4,7,1265,1175
607.833018,1.144e-27,4,6,1265,1175
607.847047,4.698e-27,3,6,1265,1175
607.847897,2.657e-21,3,7,1265,1175
607.854278,5.645e-30,3,6,1265,1175
607.876214,2.404e-30,3,6,1265,1175
607.892667,5.11e-28,3,6,1265,1175
607.917277,7.416e-25,3,6,1265,1175
607.927616,1.518e-29,3,6,1265,1175
607.928443,2.101e-26,4,6,1265,1175
607.938446,1.666e-30,3,6,1265,1175
607.941002,1.049e-30,3,6,1175,1175
607.956777,1.531e-25,4,7,1265,1175
607.958205,4.179e-27,4,6,1265,1175
607.975206,2.123e-25,3,6,1265,1175
608.020618,4.487e-25,4,6,1265,1175
608.026678,4.751e-28,3,6,1265,1175
608.030318,2.591e-26,4,6,1265,1175
608.038521,9.496e-29,3,6,1265,1175
608.04811,1.789e-24,4,6,1265,1175
608.049729,2.063e-30,3,6,1265,1175
608.059976,1.058e-30,3,6,1265,1175
608.075139,2.556e-30,3,6,1265,1175
608.095065,1.367e-30,4,6,1265,1175
608.107626,9.911e-26,4,7,1265,1175
608.109772,7.262e-27,3,6,1265,1175
608.110981,1.408e-27,4,6,1265,1175
608.121352,3.471e-27,4,7,1265,1175
608.125552,3.135e-26,4,6,1265,1175
608.130463,9.553e-29,3,6,1265,1175
608.148068,2.472e-27,3,6,1265,1175
608.148584,1.272e-29,3,6,1265,1175
608.181548,1.206e-29,3,6,1265,1175
608.199714,1.625e-28,3,6,1265,1175
608.214274,3.719e-26,4,6,1265,1175
608.223094,1.266e-30,3,6,1265,1175
608.245991,3.039e-26,4,7,1265,1175
608.250002,3.481e-29,3,6,1265,1175
608.254671,7.649e-30,3,6,1265,1175
608.254782,1.547e-28,3,6,1265,1175
608.261242,1.487e-30,3,7,1265,1175
608.268775,3.954e-29,3,6,1265,1175
608.291752,1.628e-28,4,7,1265,1175
608.296606,4.325e-26,4,6,1265,1175
608.30794,4.295e-23,3,7,1265,1175
608.311598,1.668e-29,3,6,1265,1175
608.316136,6.057e-30,3,6,1265,1175
608.332243,4.173e-30,3,6,1265,1175
608.334401,3.594e-29,3,6,1265,1175
608.335826,1.45e-27,4,6,1265,1175
608.349096,1.691e-28,4,7,1265,1175
608.372664,4.926e-26,4,6,1265,1175
608.408838,7.938e-29,3,6,1265,1175
608.409773,1.037e-30,3,6,1265,1175
608.427662,3.398e-27,3,6,1265,1175
608.438541,2.474e-30,3,6,1265,1175
608.442553,5.489e-26,4,6,1265,1175
608.459744,1.501e-29,3,6,1265,1175
608.461689,2.479e-28,3,6,1265,1175
608.483748,2.444e-27,3,6,1265,1175
608.491338,5.769e-30,3,6,1265,1175
608.506375,5.98e-26,4,6,1265,1175
608.510691,8.559e-28,3,6,1265,1175
608.517834,7.694e-30,3,6,1265,1175
608.550533,1.345e-30,3,6,1265,1175
608.56422,6.359e-26,4,6,1265,1175
608.616172,6.587e-26,4,6,1265,1175
608.634033,3.11e-30,3,7,1265,1175
608.649705,6.754e-25,3,6,1265,1175
608.65758,2.013e-30,3,6,1265,1175
608.659395,3.907e-28,3,6,1265,1175
608.659635,7.077e-29,3,6,1265,1175
608.661097,8.156e-28,3,6,1265,1175
608.662309,6.631e-26,4,6,1265,1175
608.671972,2.077e-30,3,6,1265,1175
608.678267,8.246e-29,3,6,1265,1175
608.678332,1.282e-29,3,6,1265,1175
608.682082,2.516e-30,3,6,1265,1175
608.694331,3.249e-30,3,6,1265,1175
608.702698,6.463e-26,4,6,1265,1175
608.737399,6.067e-26,4,6,1265,1175
608.739062,1.821e-30,3,6,1265,1175
608.74136,3.451e-28,4,7,1265,1175
608.766463,5.437e-26,4,6,1265,1175
608.767304,3.566e-26,4,7,1265,1175
608.77972,1.331e-23,4,7,1265,1175
608.789936,4.585e-26,4,6,1265,1175
608.807852,3.536e-26,4,6,1265,1175
608.820237,2.33e-26,4,6,1265,1175
608.820342,1.084e-29,3,6,1265,1175
608.827112,1.018e-26,3,6,1265,1175
608.831501,1.423e-30,3,6,1265,1175
608.848063,6.056e-28,3,6,1265,1175
608.864878,4.414e-23,4,7,1265,1175
608.865869,4.731e-27,4,7,1265,1175
608.870934,2.43e-29,3,6,1265,1175
608.876368,1.796e-26,3,6,1265,1175
608.889663,1.078e-23,4,7,1265,1175
608.900816,5.635e-29,3,6,1265,1175
608.928757,1.609e-29,3,6,1265,1175
608.932907,9.42e-29,3,6,1265,1175
608.934941,1.49e-29,3,6,1265,1175
608.941459,6.101e-30,3,6,1265,1175
608.993535,7.626e-30,3,6,1265,1175
608.99451,6.403e-30,3,7,1265,1175
608.999498,2.294e-28,4,7,1265,1175
609.01195,4.58e-29,3,6,1265,1175
609.018472,1.833e-30,3,7,1265,1175
609.027864,9.229e-28,3,6,1265,1175
609.046293,3.296e-30,3,6,1265,1175
609.053575,2.866e-30,3,6,1265,1175
609.064104,1.363e-29,3,6,1265,1175
609.082309,6.455e-30,3,6,1265,1175
609.089873,2.219e-25,3,6,1265,1175
609.095725,1.332e-30,3,6,1265,1175
609.136326,2.976e-29,3,6,1265,1175
609.177216,7.204e-28,4,7,1265,1175
609.183327,1.045e-29,4,6,1265,1175
609.198976,1.383e-27,3,6,1265,1175
609.199961,1.822e-27,4,6,1265,1175
609.21193,7.541e-24,3,7,1265,1175
609.213331,2.054e-27,3,6,1265,1175
609.215714,5.756e-27,3,6,1265,1175
609.24635,3.085e-27,3,6,1265,1175
609.246881,2.985e-27,3,6,1265,1175
609.25798,1.156e-29,3,6,1265,1175
609.282617,8.079e-27,3,6,1265,1175
609.3382,1.782e-30,3,6,1265,1175
609.342903,1.298e-29,3,7,1265,1175
609.346247,1.121e-30,3,6,1175,1175
609.350728,4.528e-29,3,6,1265,1175
609.361067,2.422e-30,3,6,1265,1175
609.361584,2.037e-27,3,6,1265,1175
609.379476,2.744e-25,4,7,1265,1175
609.386767,6.511e-27,4,6,1265,1175
609.393605,6.307e-27,3,6,1265,1175
609.402151,2.901e-28,3,7,1265,1175
609.412781,1.077e-29,3,6,1265,1175
609.416408,5.62e-27,3,6,1265,1175
609.417463,2.523e-21,3,7,1265,1175
609.420542,6.126e-25,3,6,1265,1175
609.448183,6.366e-27,4,7,1265,1175
609.449503,4.629e-28,3,6,1265,1175
609.456455,3.365e-27,3,6,1265,1175
609.480586,2.203e-25,3,6,1265,1175
609.482954,4.24e-28,3,6,1265,1175
609.491151,4.779e-26,4,7,1265,1175
609.496669,1.804e-30,3,6,1265,1175
609.515878,2.949e-27,3,6,1265,1175
609.54031,1.845e-30,4,6,1265,1175
609.542016,1.748e-24,4,6,1265,1175
609.587533,5.366e-25,4,6,1265,1175
609.599545,1.48e-27,4,7,1265,1175
609.600622,1.49e-25,4,7,1265,1175
609.616451,1.73e-27,4,6,1265,1175
609.633379,2.532e-28,3,6,1265,1175
609.646137,4.73e-29,3,6,1265,1175
609.662052,4.196e-27,3,6,1265,1175
609.665424,1.116e-29,3,6,1265,1175
609.672134,9.585e-30,3,6,1265,1175
609.674817,3.102e-28,4,7,1265,1175
609.675738,8.037e-29,3,6,1265,1175
609.679439,2.589e-29,3,7,1265,1175
609.691495,1.586e-30,3,6,1265,1175
609.708383,5.814e-29,3,6,1265,1175
609.714693,1.266e-29,3,6,1265,1175
609.724641,2.29e-27,4,6,1265,1175
609.733951,9.764e-30,3,6,1265,1175
609.758457,2.592e-30,3,6,1265,1175
609.765736,6.972e-30,3,6,1265,1175
609.783618,1.704e-30,3,6,1265,1175
609.797891,2.006e-29,3,6,1265,1175
609.800306,5.868e-27,3,6,1265,1175
609.808526,6.832e-29,3,6,1265,1175
609.822279,4.029e-30,3,6,1265,1175
609.830931,1.108e-28,3,6,1265,1175
609.846517,6.431e-30,3,6,1265,1175
609.84994,1.413e-29,4,6,1265,1175
609.87477,4.564e-23,3,7,1265,1175
609.930839,8.061e-27,3,6,1265,1175
609.941023,2.779e-27,3,6,1265,1175
609.946683,1.719e-27,3,6,1265,1175
609.953274,1.314e-28,3,6,1265,1175
609.991953,6.611e-26,4,7,1265,1175
609.996937,5.765e-29,3,6,1265,1175
610.004345,5.086e-29,3,7,1265,1175
610.008576,2.994e-27,4,7,1265,1175
610.041698,2.196e-30,3,6,1265,1175
610.053855,1.088e-26,3,6,1265,1175
610.081434,2.902e-30,3,6,1265,1175
610.110297,1.608e-30,3,6,1265,1175
610.133577,2.299e-30,3,6,1265,1175
610.135751,8.5e-28,3,6,1265,1175
610.141955,1.527e-30,3,6,1265,1175
610.145392,7.899e-28,3,6,1265,1175
610.146334,5.525e-25,3,6,1265,1175
610.163048,9.012e-30,3,6,1265,1175
610.169555,1.442e-26,3,6,1265,1175
610.183194,8.604e-27,4,7,1265,1175
610.275091,1.873e-23,4,7,1265,1175
610.278142,1.876e-26,3,6,1265,1175
610.317845,9.834e-29,3,7,1265,1175
610.328196,1.765e-30,3,6,1265,1175
610.330001,4.177e-28,4,7,1265,1175
610.342139,8.691e-30,3,6,1265,1175
610.349576,2.67e-29,3,6,1265,1175
610.354152,1.197e-29,3,6,1265,1175
610.369429,4.589e-23,3,7,1265,1175
610.371564,1.386e-29,3,6,1265,1175
610.376318,3.146e-29,3,6,1265,1175
610.379815,2.397e-26,3,6,1265,1175
610.386286,1.303e-28,3,6,1265,1175
610.387022,4.916e-30,3,6,1265,1175
610.390437,7.349e-29,3,6,1265,1175
610.404536,5.962e-27,4,7,1265,1175
610.426989,9.038e-30,3,6,1265,1175
610.435982,9.219e-27,3,6,1265,1175
610.441572,9.258e-24,4,7,1265,1175
610.445199,1.153e-30,3,6,1265,1175
610.469552,2.03e-30,3,6,1265,1175
610.470827,4.156e-30,3,6,1265,1175
610.472685,2.172e-30,3,6,1265,1175
610.474771,3.005e-26,3,6,1265,1175
610.498526,6.437e-29,3,6,1265,1175
610.518393,1.903e-29,4,6,1265,1175
610.554567,1.016e-30,3,7,1265,1175
610.563202,3.695e-26,3,6,1265,1175
610.565772,3.972e-30,3,7,1265,1175
610.573765,2.855e-27,4,6,1265,1175
610.603132,4.255e-29,3,6,1265,1175
610.620163,1.871e-28,3,7,1265,1175
610.632213,1.33e-23,3,7,1265,1175
610.645296,4.455e-26,3,6,1265,1175
610.673106,1.432e-27,3,6,1265,1175
610.684196,2.273e-25,3,6,1265,1175
610.711027,4.273e-27,3,6,1265,1175
610.717931,2.701e-30,3,6,1265,1175
610.721234,5.264e-26,3,6,1265,1175
610.735213,1.434e-30,3,6,1265,1175
610.747153,7.394e-26,4,7,1265,1175
610.766971,1.138e-30,3,6,1175,1175
610.771741,2.499e-27,3,6,1265,1175
610.77589,6.295e-27,3,6,1265,1175
610.776135,7.408e-27,3,6,1265,1175
610.778203,4.498e-27,3,6,1265,1175
610.780505,1.149e-26,4,7,1265,1175
610.787653,1.169e-26,4,7,1265,1175
610.789483,3.462e-30,3,6,1265,1175
610.79119,6.091e-26,3,6,1265,1175
610.794974,1.299e-30,3,6,1265,1175
610.80594,4.842e-25,4,7,1265,1175
610.819413,9.984e-27,4,6,1265,1175
610.821671,1.878e-29,3,6,1265,1175
610.830233,1.67e-30,3,6,1265,1175
610.838014,3.026e-27,3,6,1265,1175
610.855331,6.898e-26,3,6,1265,1175
610.893458,7.508e-30,3,6,1265,1175
610.911522,3.506e-28,3,7,1265,1175
610.913815,7.638e-26,3,6,1265,1175
610.919736,4.963e-25,3,6,1265,1175
610.931596,3.702e-28,3,6,1265,1175
610.935988,1.545e-30,3,6,1265,1175
610.936395,7.658e-27,3,6,1265,1175
610.938477,7.363e-29,3,6,1265,1175
610.966789,8.257e-26,3,6,1265,1175
610.969416,1.61e-28,3,7,1265,1175
610.978033,2.207e-25,3,6,1265,1175
610.985802,2.293e-21,3,7,1265,1175
610.989822,2.45e-30,4,6,1265,1175
611.005856,4.103e-28,3,6,1265,1175
611.006755,5.603e-28,4,7,1265,1175
611.009931,7.341e-30,3,6,1265,1175
611.014391,8.702e-26,3,6,1265,1175
611.028723,1.663e-24,4,6,1265,1175
611.034777,1.492e-29,3,6,1265,1175
611.037989,5.536e-29,3,6,1265,1175
611.048333,8.233e-30,3,6,1265,1175
611.056747,8.921e-26,3,6,1265,1175
611.071115,3.883e-28,3,6,1265,1175
611.088683,9.252e-29,3,6,1265,1175
611.093975,8.869e-26,3,6,1265,1175
611.09693,2.202e-25,4,7,1265,1175
611.119134,3.559e-27,4,6,1265,1175
611.125122,2.086e-27,4,6,1265,1175
611.126176,8.513e-26,3,6,1265,1175
611.146723,2.633e-29,3,6,1265,1175
611.152951,6.807e-27,4,6,1265,1175
611.153443,7.836e-26,3,6,1265,1175
611.154976,6.29e-25,4,6,1265,1175
611.158158,2.254e-26,4,7,1265,1175
611.163616,2.756e-30,3,6,1265,1175
611.166818,1.949e-30,3,6,1265,1175
611.175853,6.842e-26,3,6,1265,1175
611.178641,1.584e-30,3,6,1265,1175
611.188055,2.554e-29,4,6,1265,1175
611.192141,6.463e-28,3,7,1265,1175
611.193472,5.554e-26,3,6,1265,1175
611.206351,4.017e-26,3,6,1265,1175
611.214528,2.295e-26,3,6,1265,1175
611.218735,6.631e-29,3,6,1265,1175
611.223131,1.207e-25,4,7,1265,1175
611.236507,2.06e-28,3,6,1265,1175
611.248071,1.069e-30,3,6,1265,1175
611.260251,1.52e-28,3,6,1265,1175
611.281997,1.219e-29,3,6,1265,1175
611.28669,7.76e-30,3,6,1265,1175
611.32118,4.609e-29,3,6,1265,1175
611.367043,1.115e-30,3,6,1265,1175
611.370254,9.907e-29,3,6,1265,1175
611.404433,1.188e-27,3,6,1265,1175
611.433284,4.892e-30,3,6,1265,1175
611.441337,4.669e-23,3,7,1265,1175
611.450139,2.229e-27,3,6,1265,1175
611.462242,1.173e-27,4,7,1265,1175
611.507553,1.541e-26,4,7,1265,1175
611.511355,4.112e-30,3,6,1265,1175
611.516278,4.281e-26,4,7,1265,1175
611.573434,2.05e-30,3,6,1265,1175
611.590306,5.896e-30,3,6,1265,1175
611.607776,1.104e-30,3,6,1265,1175
611.620541,7.438e-28,3,6,1265,1175
611.638149,4.433e-25,3,6,1265,1175
611.643532,6.23e-30,3,6,1265,1175
611.647006,1.91e-30,3,6,1265,1175
611.666501,7.486e-28,4,7,1265,1175
611.671168,1.885e-30,3,6,1265,1175
611.721037,1.849e-29,3,6,1265,1175
611.722042,2.094e-27,4,7,1265,1175
611.765976,8.204e-28,3,6,1265,1175
611.766515,4.709e-29,3,6,1265,1175
611.774035,2.59e-23,4,7,1265,1175
611.775061,1.16e-28,3,6,1265,1175
611.782465,5.896e-30,3,6,1265,1175
611.806863,1.171e-29,3,6,1265,1175
611.827901,2.146e-30,3,6,1265,1175
611.843782,1.771e-28,3,6,1265,1175
611.855786,3.483e-30,3,6,1265,1175
611.856492,2.633e-30,3,6,1265,1175
611.85948,3.413e-29,4,6,1265,1175
611.859669,6.838e-30,3,6,1265,1175
611.862242,7.999e-26,4,7,1265,1175
611.866207,4.605e-23,3,7,1265,1175
611.884811,4.001e-29,3,6,1265,1175
611.88672,1.23e-30,3,6,1265,1175
611.954414,4.401e-27,4,6,1265,1175
611.97176,3.68e-27,4,7,1265,1175
611.993702,3.194e-27,3,6,1265,1175
611.996435,7.345e-24,4,7,1265,1175
612.005774,1.228e-30,3,6,1265,1175
612.01402,1.125e-25,4,7,1265,1175
612.040913,1.491e-30,3,6,1265,1175
612.056304,2.308e-23,3,7,1265,1175
612.056835,2.069e-30,3,7,1265,1175
612.074807,5.984e-29,3,6,1265,1175
612.093086,6.945e-30,3,6,1265,1175
612.094755,7.189e-29,3,6,1265,1175
612.109653,8.476e-30,4,7,1265,1175
612.113142,5.903e-27,3,6,1265,1175
612.118383,2.043e-26,4,7,1265,1175
612.127539,9.819e-28,3,6,1265,1175
612.196279,1.471e-25,4,7,1265,1175
612.202845,1.081e-30,3,6,1175,1175
612.211612,6.362e-27,4,7,1265,1175
612.214467,2.494e-30,3,6,1265,1175
612.223695,4.862e-30,3,6,1265,1175
612.236169,8.412e-25,4,7,1265,1175
612.256136,1.506e-26,4,6,1265,1175
612.264807,4.819e-27,3,6,1265,1175
612.281148,2.254e-25,3,6,1265,1175
612.295016,1.986e-27,3,6,1265,1175
612.337645,9.36e-27,3,6,1265,1175
612.339561,9.491e-30,3,6,1265,1175
612.344877,4.752e-30,3,6,1265,1175
612.344895,9.963e-28,4,7,1265,1175
612.367478,1.296e-30,3,6,1265,1175
612.369523,5.147e-30,3,6,1265,1175
612.372522,3.167e-28,3,6,1265,1175
612.38668,2.523e-29,3,6,1265,1175
612.389363,2.485e-30,3,6,1265,1175
612.40402,2.286e-29,3,6,1265,1175
612.414806,3.946e-25,3,6,1265,1175
612.426604,2.967e-27,3,6,1265,1175
612.441815,1.082e-26,4,7,1265,1175
612.443589,3.196e-30,4,6,1265,1175
612.444003,6.331e-29,3,6,1265,1175
612.461034,2.17e-25,4,7,1265,1175
612.46744,2.143e-25,3,6,1265,1175
612.475279,1.448e-28,3,6,1265,1175
612.47533,8.706e-27,3,6,1265,1175
612.506216,3.395e-29,3,6,1265,1175
612.508174,1.543e-24,4,6,1265,1175
612.512916,5.859e-28,3,6,1265,1175
612.518615,2.663e-25,4,7,1265,1175
612.519284,5.439e-27,4,6,1265,1175
612.528039,3.179e-28,3,6,1265,1175
612.528211,8.795e-29,3,7,1265,1175
612.532182,4.543e-29,4,6,1265,1175
612.534152,9.913e-29,3,6,1265,1175
612.549754,4.384e-30,3,6,1265,1175
612.552928,1.971e-21,3,7,1265,1175
612.561598,3.561e-28,3,6,1265,1175
612.596492,3.202e-25,4,7,1265,1175
612.632323,3.618e-29,3,6,1265,1175
612.636906,2.467e-27,4,6,1265,1175
612.64889,2.346e-30,3,6,1265,1175
612.662582,1.812e-26,4,7,1265,1175
612.679528,1.407e-30,3,6,1265,1175
612.686344,1.186e-30,3,6,1265,1175
612.696694,2.048e-28,3,6,1265,1175
612.701642,1.335e-26,4,6,1265,1175
612.716284,1.985e-30,3,6,1265,1175
612.722826,7.223e-25,4,6,1265,1175
612.759292,5.369e-29,3,6,1265,1175
612.786584,4.664e-27,3,6,1265,1175
612.829476,4.743e-25,4,7,1265,1175
612.838862,2.715e-26,4,7,1265,1175
612.839934,6.054e-30,3,6,1265,1175
612.850248,1.129e-29,3,6,1265,1175
612.85689,8.079e-28,3,6,1265,1175
612.874127,2.984e-26,4,7,1265,1175
612.935114,1.258e-28,3,6,1265,1175
612.943754,1.495e-30,3,6,1265,1175
612.947312,5.725e-30,3,6,1265,1175
612.954856,1.755e-27,3,6,1265,1175
613.001254,1.786e-30,3,6,1265,1175
613.007554,4.624e-23,3,7,1265,1175
613.009008,1.321e-27,4,7,1265,1175
613.014853,3.08e-30,3,6,1265,1175
613.076662,4.834e-26,4,7,1265,1175
613.086332,6.825e-28,3,6,1265,1175
613.094207,2.81e-29,3,6,1265,1175
613.119695,4.235e-30,3,6,1265,1175
613.125038,3.491e-25,3,6,1265,1175
613.129086,8.314e-25,4,7,1265,1175
613.130517,3.784e-30,3,6,1265,1175
613.165817,1.801e-28,3,6,1265,1175
613.185934,8.176e-29,3,6,1265,1175
613.206587,6.023e-29,4,6,1265,1175
613.232954,2.165e-30,3,6,1265,1175
613.234578,9.71e-30,3,6,1265,1175
613.239594,1.641e-30,3,6,1265,1175
613.245018,5.495e-30,3,6,1265,1175
613.254312,1.628e-30,3,6,1265,1175
613.26452,2.346e-27,3,6,1265,1175
613.270398,7.703e-26,4,7,1265,1175
613.276465,3.521e-23,4,7,1265,1175
613.291765,1.685e-25,4,7,1265,1175
613.305486,2.364e-28,3,6,1265,1175
613.330834,2.556e-30,3,6,1265,1175
613.341888,6.673e-27,4,6,1265,1175
613.355148,4.482e-23,3,7,1265,1175
613.372709,5.281e-30,3,6,1265,1175
613.376389,1.459e-30,3,6,1265,1175
613.379133,8.103e-30,3,6,1265,1175
613.393133,2.633e-30,3,6,1265,1175
613.39637,4.995e-29,3,6,1265,1175
613.401226,7.717e-28,3,6,1265,1175
613.417669,1.434e-24,4,7,1265,1175
613.432932,1.603e-30,3,6,1265,1175
613.455544,1.207e-25,4,7,1265,1175
613.461103,7.603e-27,3,6,1265,1175
613.461876,3.573e-26,4,7,1265,1175
613.484205,3.943e-23,3,7,1265,1175
613.551239,8.273e-29,3,6,1265,1175
613.554258,5.103e-24,4,7,1265,1175
613.559343,4.148e-30,3,7,1265,1175
613.576509,6.619e-28,3,6,1265,1175
613.632305,1.861e-25,4,7,1265,1175
613.639824,1.067e-29,3,6,1265,1175
613.650331,1.78e-29,4,7,1265,1175
613.663708,6.711e-30,3,6,1265,1175
613.670009,3.026e-30,3,6,1265,1175
613.670165,1.438e-24,4,7,1265,1175
613.689224,1.744e-27,4,7,1265,1175
613.689418,7.838e-29,3,6,1265,1175
613.695445,2.433e-24,4,7,1265,1175
613.695769,4.268e-30,3,6,1265,1175
613.69693,2.236e-26,4,6,1265,1175
613.705846,3.842e-25,4,7,1265,1175
613.749267,3.624e-27,3,6,1265,1175
613.779823,3.446e-29,3,6,1265,1175
613.79094,1.065e-30,3,6,1265,1175
613.800887,2.822e-25,4,7,1265,1175
613.805649,2.655e-28,3,6,1265,1175
613.812416,9.252e-30,3,6,1265,1175
613.816205,1.55e-27,3,6,1265,1175
613.827935,4.827e-28,3,6,1265,1175
613.840843,3.469e-30,3,6,1265,1175
613.863867,7.068e-29,3,6,1265,1175
613.868152,2.23e-28,3,6,1265,1175
613.876339,4.297e-29,3,6,1265,1175
613.880615,2.172e-25,3,6,1265,1175
613.882324,7.953e-29,4,6,1265,1175
613.900159,1.16e-26,3,6,1265,1175
613.901596,4.098e-30,4,6,1265,1175
613.905693,3.08e-25,3,6,1265,1175
613.925072,8.176e-27,4,6,1265,1175
613.930329,2.79e-29,3,6,1265,1175
613.942025,6.859e-30,3,6,1265,1175
613.94869,2.025e-25,3,6,1265,1175
613.952906,3.068e-29,3,6,1265,1175
613.958772,8.696e-28,3,6,1265,1175
613.961492,4.207e-25,4,7,1265,1175
613.962632,4.063e-24,4,7,1265,1175
613.980308,1.4e-24,4,6,1265,1175
614.010316,9.425e-27,3,6,1265,1175
614.012523,2.798e-27,3,6,1265,1175
614.065548,1.787e-30,3,6,1265,1175
614.067682,2.236e-30,3,6,1265,1175
614.07148,3.477e-30,3,6,1265,1175
614.077908,4.727e-29,3,7,1265,1175
614.099245,4.577e-25,4,7,1265,1175
614.114318,6.166e-25,4,7,1265,1175
614.116595,3.029e-28,3,6,1265,1175
614.116728,1.819e-30,3,6,1265,1175
614.118845,1.564e-21,3,7,1265,1175
614.137542,2.764e-30,3,6,1265,1175
614.13761,1.208e-28,3,6,1265,1175
614.140156,2.71e-28,3,6,1265,1175
614.151719,2.859e-27,4,6,1265,1175
614.177041,4.711e-26,4,7,1265,1175
614.219447,6.674e-24,4,7,1265,1175
614.249518,1.934e-26,4,6,1265,1175
614.259563,8.885e-25,4,7,1265,1175
614.290966,8.117e-25,4,6,1265,1175
614.297239,4.268e-29,3,6,1265,1175
614.303941,5.401e-28,3,6,1265,1175
614.357532,2.293e-27,4,7,1265,1175
614.361047,1.384e-26,3,6,1265,1175
614.389273,7.832e-30,3,6,1265,1175
614.393842,4.638e-30,3,6,1265,1175
614.397418,1.259e-24,4,7,1265,1175
614.416626,1.521e-30,3,6,1265,1175
614.418965,9.943e-30,3,6,1265,1175
614.455015,1.357e-27,3,6,1265,1175
614.466101,1.078e-23,4,7,1265,1175
614.471133,2.389e-30,3,6,1265,1175
614.473673,4.201e-29,3,6,1265,1175
614.503024,1.476e-28,3,6,1265,1175
614.523576,1.695e-27,3,6,1265,1175
614.528074,1.752e-24,4,7,1265,1175
614.542541,6.114e-28,3,6,1265,1175
614.559716,1.046e-28,4,6,1265,1175
614.562699,2.751e-28,3,6,1265,1175
614.573326,4.45e-23,3,7,1265,1175
614.580389,2.481e-25,4,7,1265,1175
614.591124,1.061e-30,3,6,1265,1175
614.591443,2.831e-30,3,6,1265,1175
614.606885,2.7e-25,3,6,1265,1175
614.607996,1.397e-28,3,6,1265,1175
614.620441,1.006e-30,3,6,1265,1175
614.640372,8.527e-30,3,6,1265,1175
614.651714,2.397e-24,4,7,1265,1175
614.654633,7.9e-30,3,6,1265,1175
614.702804,1.714e-23,4,7,1265,1175
614.736164,9.95e-27,4,6,1265,1175
614.751307,4.574e-30,3,6,1265,1175
614.758565,2.18e-30,3,6,1265,1175
614.76852,3.221e-24,4,7,1265,1175
614.771492,3.1e-28,3,6,1265,1175
614.782298,4.705e-23,3,7,1265,1175
614.795472,2.434e-30,3,6,1265,1175
614.811035,6.153e-26,4,7,1265,1175
614.821911,9.607e-27,3,6,1265,1175
614.836179,4.243e-23,3,7,1265,1175
614.837209,2.978e-30,3,6,1265,1175
614.863456,1.361e-30,3,6,1265,1175
614.866737,2.054e-30,3,6,1265,1175
614.878666,4.253e-24,4,7,1265,1175
614.881032,4.006e-30,3,6,1265,1175
614.910951,6.119e-29,3,6,1265,1175
614.915916,6.63e-23,3,7,1265,1175
614.929763,2.68e-23,4,7,1265,1175
614.949505,1.17e-29,3,6,1265,1175
614.957738,6.698e-25,4,7,1265,1175
614.982324,5.514e-24,4,7,1265,1175
614.985063,1.897e-30,3,6,1265,1175
615.019886,4.388e-28,3,6,1265,1175
615.032315,1.124e-28,3,6,1265,1175
615.039731,3.003e-27,4,7,1265,1175
615.04135,7.087e-28,3,6,1265,1175
615.062153,8.187e-30,3,7,1265,1175
615.079396,1.307e-30,3,6,1265,1175
615.079658,7.02e-24,4,7,1265,1175
615.107926,2.42e-24,4,7,1265,1175
615.109521,9.099e-30,3,6,1265,1175
615.115033,2.619e-24,3,7,1265,1175
615.136254,7.213e-28,3,6,1265,1175
615.141786,3.266e-26,4,6,1265,1175
615.147181,4.122e-23,4,7,1265,1175
615.153623,6.556e-30,3,6,1265,1175
615.162148,5.108e-29,3,6,1265,1175
615.170827,8.771e-24,4,7,1265,1175
615.179163,7.19e-30,3,6,1265,1175
615.188024,3.682e-29,4,7,1265,1175
615.188666,1.055e-29,3,6,1265,1175
615.215171,2.113e-29,3,6,1265,1175
615.219232,2.606e-29,3,6,1265,1175
615.229172,2.678e-27,3,6,1265,1175
615.230896,2.183e-28,3,6,1265,1175
615.238482,1.37e-28,4,6,1265,1175
615.255984,1.075e-23,4,7,1265,1175
615.257057,5.337e-29,3,6,1265,1175
615.26728,3.378e-28,3,6,1265,1175
615.282434,8.325e-29,3,6,1265,1175
615.297279,7.687e-29,3,6,1265,1175
615.30227,7.308e-29,3,6,1265,1175
615.307283,2.299e-30,3,6,1265,1175
615.335275,1.292e-23,4,7,1265,1175
615.335333,1.188e-27,3,6,1265,1175
615.336488,1.209e-26,4,6,1265,1175
615.340416,1.056e-29,3,6,1265,1175
615.355257,6.234e-23,4,7,1265,1175
615.363831,5.161e-30,4,6,1265,1175
615.392333,2.36e-25,3,6,1265,1175
615.402693,1.647e-28,3,6,1265,1175
615.408675,1.27e-27,3,6,1265,1175
615.40884,1.523e-23,4,7,1265,1175
615.421661,1.864e-25,3,6,1265,1175
615.432631,5.993e-30,3,6,1265,1175
615.445065,1.243e-24,4,6,1265,1175
615.451158,2.648e-30,3,6,1265,1175
615.463597,1.411e-26,3,6,1265,1175
615.476809,1.758e-23,4,7,1265,1175
615.482474,2.04e-25,3,6,1265,1175
615.520229,3.492e-29,3,6,1265,1175
615.520444,3.184e-28,3,6,1265,1175
615.522016,8.045e-26,4,7,1265,1175
615.539309,1.986e-23,4,7,1265,1175
615.541243,9.812e-27,3,6,1265,1175
615.544893,1.171e-29,3,6,1265,1175
615.554184,9.272e-23,4,7,1265,1175
615.559677,2.309e-30,3,6,1265,1175
615.590532,3.521e-28,3,6,1265,1175
615.595656,2.514e-27,3,6,1265,1175
615.596454,2.194e-23,4,7,1265,1175
615.605133,6.433e-25,4,7,1265,1175
615.617862,2.499e-29,3,7,1265,1175
615.632612,3.187e-30,3,6,1265,1175
615.648355,2.368e-23,4,7,1265,1175
615.655456,5.483e-28,3,6,1265,1175
615.669483,3.244e-27,4,6,1265,1175
615.670706,2.527e-28,3,6,1265,1175
615.678977,1.354e-30,3,6,1265,1175
615.683551,1.087e-21,3,7,1265,1175
615.695111,2.491e-23,4,7,1265,1175
615.71208,3.918e-27,4,7,1265,1175
615.736813,2.55e-23,4,7,1265,1175
615.744154,1.356e-22,4,7,1265,1175
615.745469,3.551e-28,3,6,1265,1175
615.74868,1.379e-28,3,6,1265,1175
615.752688,1.969e-30,3,6,1265,1175
615.770982,1.204e-27,3,6,1265,1175
615.773545,2.531e-23,4,7,1265,1175
615.796526,2.453e-26,4,6,1265,1175
615.804304,1.484e-30,3,6,1265,1175
615.80538,2.427e-23,4,7,1265,1175
615.807654,8.62e-28,3,6,1265,1175
615.819119,1.268e-30,3,6,1265,1175
615.832383,2.231e-23,4,7,1265,1175
615.832399,3.332e-29,3,6,1265,1175
615.837212,1.052e-29,3,6,1265,1175
615.85461,1.947e-23,4,7,1265,1175
615.859284,8.917e-25,4,6,1265,1175
615.859446,6.178e-29,3,6,1265,1175
615.872105,1.579e-23,4,7,1265,1175
615.879884,3.592e-25,4,7,1265,1175
615.884906,1.142e-23,4,7,1265,1175
615.89304,6.519e-24,4,7,1265,1175
615.918866,1.788e-28,4,6,1265,1175
615.925352,1.949e-22,5,7,1265,1175
615.941354,2.249e-26,3,6,1265,1175
615.948564,3.491e-30,3,6,1265,1175
615.950453,1.03e-27,3,6,1265,1175
615.965702,4.131e-28,3,6,1265,1175
615.976951,1.257e-27,3,6,1265,1175
615.987305,8.135e-30,3,6,1265,1175
615.988934,5.353e-28,3,6,1265,1175
616.032851,2.35e-28,3,6,1265,1175
616.041838,1.301e-29,3,6,1265,1175
616.058679,1.861e-30,3,6,1265,1175
616.066955,6.311e-30,3,6,1265,1175
616.073889,1.637e-28,3,6,1265,1175
616.083572,2.05e-25,3,6,1265,1175
616.097958,2.755e-22,5,7,1265,1175
616.115438,7.82e-30,3,6,1265,1175
616.137213,1.459e-26,4,6,1265,1175
616.138553,4.172e-23,4,7,1265,1175
616.147179,3.204e-30,3,6,1265,1175
616.163251,1.721e-27,3,6,1265,1175
616.165912,1.043e-25,4,7,1265,1175
616.170886,5.34e-30,3,6,1265,1175
616.19158,9.35e-30,3,6,1265,1175
616.19539,1.19e-26,3,6,1265,1175
616.216866,1.15e-24,4,7,1265,1175
616.22413,1.293e-29,3,6,1265,1175
616.241896,3.989e-28,3,6,1265,1175
616.262148,3.827e-22,5,7,1265,1175
616.268579,1.593e-29,3,6,1265,1175
616.26896,1.249e-29,3,6,1265,1175
616.289759,1.169e-30,3,6,1265,1175
616.291449,6.177e-23,4,7,1265,1175
616.30713,2.583e-30,3,6,1265,1175
616.309229,3.917e-23,4,7,1265,1175
616.324981,1.825e-29,3,6,1265,1175
616.34723,3.393e-30,3,6,1265,1175
616.351438,1.097e-22,3,7,1265,1175
616.358546,2.674e-30,3,6,1265,1175
616.366447,2.229e-27,3,6,1265,1175
616.384404,2.984e-30,3,6,1265,1175
616.393406,1.984e-29,3,6,1265,1175
616.396403,5.091e-27,4,7,1265,1175
616.418094,5.225e-22,3,7,1265,1175
616.428512,7.35e-29,3,6,1265,1175
616.453046,1.06e-27,3,6,1265,1175
616.45754,2.861e-28,3,6,1265,1175
616.473939,2.068e-29,3,6,1265,1175
616.474271,1.116e-30,3,6,1265,1175
616.48683,1.573e-29,3,6,1265,1175
616.51419,1.246e-30,3,6,1265,1175
616.517921,1.502e-28,3,6,1265,1175
616.549454,4.008e-24,4,7,1265,1175
616.55096,7.449e-29,3,6,1265,1175
616.561134,1.211e-29,3,6,1265,1175
616.565327,1.591e-29,4,7,1265,1175
616.565958,7.009e-22,3,7,1265,1175
616.566675,2.081e-29,3,6,1265,1175
616.586422,2.752e-27,3,6,1265,1175
616.590696,4.691e-26,4,6,1265,1175
616.600658,2.324e-28,4,6,1265,1175
616.64818,1.761e-28,3,6,1265,1175
616.648328,6.501e-29,3,6,1265,1175
616.664693,1.192e-29,3,6,1265,1175
616.671724,2.032e-29,3,6,1265,1175
616.672645,5.031e-28,3,6,1265,1175
616.686186,6.363e-28,3,6,1265,1175
616.70442,1.945e-27,3,6,1265,1175
616.705902,9.235e-22,3,7,1265,1175
616.722952,7.496e-29,4,7,1265,1175
616.743958,8.129e-29,3,6,1265,1175
616.744918,1.597e-29,3,6,1265,1175
616.753526,1.757e-26,4,6,1265,1175
616.7687,1.499e-30,3,6,1265,1175
616.789205,1.929e-29,3,6,1265,1175
616.79974,1.016e-29,3,6,1265,1175
616.823047,3.252e-27,3,6,1265,1175
616.830278,6.382e-30,4,6,1265,1175
616.838077,1.195e-21,3,7,1265,1175
616.843163,3.859e-30,3,6,1265,1175
616.852417,8.941e-28,3,6,1265,1175
616.862615,1.823e-27,4,6,1265,1175
616.873716,1.352e-25,4,7,1265,1175
616.873725,8.593e-29,3,6,1265,1175
616.874657,1.777e-25,3,6,1265,1175
616.886224,1.676e-25,3,6,1265,1175
616.902382,1.081e-24,4,6,1265,1175
616.919248,1.786e-29,3,6,1265,1175
616.945437,2.17e-30,3,6,1265,1175
616.962632,1.519e-21,3,7,1265,1175
617.006862,8.409e-28,3,6,1265,1175
617.008385,2.876e-30,3,6,1265,1175
617.018804,1.309e-29,3,6,1265,1175
617.027878,1.682e-26,3,6,1265,1175
617.04772,4.49e-28,3,6,1265,1175
617.061992,1.614e-29,3,6,1265,1175
617.067991,9.881e-27,3,6,1265,1175
617.072659,6.588e-27,4,7,1265,1175
617.076182,3.695e-27,3,6,1265,1175
617.079706,1.894e-21,3,7,1265,1175
617.086593,1.87e-25,3,6,1265,1175
617.088512,3.787e-29,3,6,1265,1175
617.114097,8.887e-25,4,7,1265,1175
617.133948,3.588e-30,3,6,1265,1175
617.147415,1.3e-29,3,7,1265,1175
617.175898,2.115e-27,3,6,1265,1175
617.181356,2.296e-28,3,6,1265,1175
617.189434,2.319e-21,3,7,1265,1175
617.190122,3.601e-27,4,6,1265,1175
617.190235,5.113e-25,4,7,1265,1175
617.202479,1.904e-30,3,6,1265,1175
617.208295,1.035e-30,3,6,1265,1175
617.217582,1.427e-29,3,6,1265,1175
617.223782,2.068e-28,3,6,1265,1175
617.236915,1.117e-30,3,6,1265,1175
617.247035,5.578e-22,5,7,1265,1175
617.251532,8.934e-29,3,6,1265,1175
617.257693,1.084e-30,3,7,1265,1175
617.284039,3.007e-28,4,6,1265,1175
617.290393,1.415e-29,3,6,1265,1175
617.291101,1.388e-29,3,6,1265,1175
617.291944,2.783e-21,3,7,1265,1175
617.342603,2.874e-26,4,6,1265,1175
617.345679,4.049e-27,3,6,1265,1175
617.364592,2.555e-29,3,6,1265,1175
617.367163,1.5e-28,3,6,1265,1175
617.37482,6.101e-28,3,6,1265,1175
617.386171,1.234e-29,3,6,1265,1175
617.387357,3.275e-21,3,7,1265,1175
617.425265,4.585e-28,3,6,1265,1175
617.427674,9.56e-25,4,6,1265,1175
617.441005,7.679e-28,3,6,1265,1175
617.444166,1.7e-30,3,6,1265,1175
617.449406,1.953e-29,3,6,1265,1175
617.46064,3.889e-28,3,6,1265,1175
617.461687,1.324e-24,4,7,1265,1175
617.47147,4.951e-30,3,6,1265,1175
617.475786,3.775e-21,3,7,1265,1175
617.483376,1.942e-24,4,7,1265,1175
617.485528,1.316e-29,3,6,1265,1175
617.504236,2.581e-30,3,6,1265,1175
617.521304,1.203e-30,3,6,1265,1175
617.526552,1.739e-25,4,7,1265,1175
617.527424,3.024e-26,3,6,1265,1175
617.542215,4.629e-30,3,6,1265,1175
617.545008,2.103e-26,4,6,1265,1175
617.553929,5.856e-30,3,6,1265,1175
617.554978,1.53e-25,3,6,1265,1175
617.557339,4.26e-21,3,7,1265,1175
617.567914,1.046e-29,3,6,1265,1175
617.581367,1.446e-26,3,6,1265,1175
617.598524,1.296e-29,3,6,1265,1175
617.631376,4.291e-27,3,6,1265,1175
617.632114,4.702e-21,3,7,1265,1175
617.647602,1.739e-28,3,6,1265,1175
617.685668,2.162e-30,3,6,1265,1175
617.700205,5.068e-21,3,7,1265,1175
617.703127,3.819e-23,4,7,1265,1175
617.716795,5.037e-28,3,6,1265,1175
617.745299,1.151e-29,3,6,1265,1175
617.754052,3.186e-30,3,6,1265,1175
617.759231,8.492e-27,4,7,1265,1175
617.761697,5.327e-21,3,7,1265,1175
617.762969,8.686e-30,3,6,1265,1175
617.774219,3.532e-23,4,7,1265,1175
617.778355,1.533e-27,4,6,1265,1175
617.790769,1.787e-22,5,7,1265,1175
617.803839,7.967e-23,4,7,1265,1175
617.816666,5.447e-21,3,7,1265,1175
617.861092,3.774e-30,3,6,1265,1175
617.865181,5.404e-21,3,7,1265,1175
617.882586,2.184e-30,3,6,1265,1175
617.889332,1.835e-28,3,6,1265,1175
617.907306,5.177e-21,3,7,1265,1175
617.922013,2.867e-30,3,6,1265,1175
617.933099,4.406e-27,3,6,1265,1175
617.943094,4.758e-21,3,7,1265,1175
617.946228,1.068e-28,4,6,1265,1175
617.949013,8.654e-29,3,6,1265,1175
617.968852,3.877e-28,4,6,1265,1175
617.971495,7.073e-30,3,6,1265,1175
617.972591,4.149e-21,3,7,1265,1175
617.994746,6.531e-24,4,7,1265,1175
617.995835,3.364e-21,3,7,1265,1175
618.007941,1.971e-28,3,6,1265,1175
618.012856,2.431e-21,3,7,1265,1175
618.018545,1.583e-29,3,6,1265,1175
618.023678,1.388e-21,3,7,1265,1175
618.043653,6.628e-26,4,6,1265,1175
618.050106,7.763e-29,3,6,1265,1175
618.05742,1.395e-28,3,6,1265,1175
618.06893,3.042e-29,4,7,1265,1175
618.084226,7.367e-28,3,6,1265,1175
618.144176,1.156e-30,3,6,1265,1175
618.152398,1.944e-29,3,6,1265,1175
618.15552,2.377e-29,3,6,1265,1175
618.172809,1.696e-29,3,6,1265,1175
618.174911,1.389e-27,3,6,1265,1175
618.176184,2.512e-26,4,6,1265,1175
618.193647,5.651e-30,3,6,1265,1175
618.203637,8.33e-29,3,6,1265,1175
618.231354,5.779e-28,3,6,1265,1175
618.232076,2.237e-25,4,7,1265,1175
618.241552,5.529e-30,3,6,1265,1175
618.250665,4.392e-27,3,6,1265,1175
618.255329,1.502e-28,4,7,1265,1175
618.300923,7.747e-30,4,6,1265,1175
618.320581,2.574e-27,4,6,1265,1175
618.335563,5.593e-28,3,6,1265,1175
618.342243,1.473e-25,3,6,1265,1175
618.352193,9.209e-25,4,6,1265,1175
618.352589,1.314e-25,3,6,1265,1175
618.367468,6.613e-28,3,6,1265,1175
618.429576,4.431e-30,3,6,1265,1175
618.439273,1.09e-26,4,7,1265,1175
618.462859,3.513e-30,3,6,1265,1175
618.46322,8.586e-29,3,6,1265,1175
618.508179,4.322e-30,3,6,1265,1175
618.511415,7.155e-25,4,7,1265,1175
618.511619,5.616e-28,3,6,1265,1175
618.529474,2.189e-30,3,7,1265,1175
618.583876,4.257e-27,3,6,1265,1175
618.590429,9.664e-27,3,6,1265,1175
618.592927,1.964e-26,3,6,1265,1175
618.611477,1.461e-28,3,6,1265,1175
618.62608,1.207e-24,4,7,1265,1175
618.641403,3.941e-30,3,6,1265,1175
618.649938,1.27e-28,4,6,1265,1175
618.655232,4.977e-28,4,6,1265,1175
618.6576,3.95e-29,3,6,1265,1175
618.665888,6.657e-30,3,7,1265,1175
618.679428,3.411e-30,3,6,1265,1175
618.692833,1.676e-25,3,6,1265,1175
618.713565,3.904e-27,4,6,1265,1175
618.728354,2.631e-30,3,6,1265,1175
618.738607,1.093e-30,3,6,1265,1175
618.750914,1.798e-29,3,6,1265,1175
618.753157,1.609e-27,3,6,1265,1175
618.757403,3.231e-24,4,7,1265,1175
618.775669,1.662e-28,3,6,1265,1175
618.790046,8.858e-28,3,6,1265,1175
618.851281,3.845e-28,3,6,1265,1175
618.861576,2.177e-29,3,6,1265,1175
618.863065,2.881e-29,3,6,1265,1175
618.863658,3.694e-30,3,6,1265,1175
618.868109,3.816e-30,3,6,1265,1175
618.869436,1.556e-29,3,6,1265,1175
618.887678,3.183e-26,4,6,1265,1175
618.89149,6.336e-28,3,6,1265,1175
618.892995,2.854e-25,4,7,1265,1175
618.893632,1.925e-29,3,6,1265,1175
618.926501,5.627e-28,3,6,1265,1175
618.932524,4.018e-27,3,6,1265,1175
618.938509,1.306e-29,3,6,1265,1175
618.943337,2.579e-30,3,6,1265,1175
618.943656,6.762e-30,3,3,1265,1176
618.959515,2.981e-26,4,6,1265,1175
618.979668,1.72e-26,3,6,1265,1175
618.990581,8.277e-30,3,6,1265,1175
618.992834,1.57e-28,3,6,1265,1175
618.996036,9.984e-25,4,6,1265,1175
619.02098,1.122e-25,3,6,1265,1175
619.029199,1.492e-30,3,6,1265,1175
619.029731,3.927e-24,4,7,1265,1175
619.048781,1.641e-29,3,6,1265,1175
619.060982,1.876e-30,3,6,1265,1175
619.112219,2.181e-27,4,6,1265,1175
619.117021,3.113e-30,3,6,1265,1175
619.119156,3.68e-26,3,6,1265,1175
619.128205,1.394e-26,4,7,1265,1175
619.141889,1.439e-30,3,6,1265,1175
619.196284,6.239e-28,3,6,1265,1175
619.207446,3.853e-30,3,6,1265,1175
619.221427,1.915e-30,3,6,1265,1175
619.22404,1.784e-28,3,6,1265,1175
619.231071,3.115e-23,4,7,1265,1175
619.233908,2.865e-22,5,7,1265,1175
619.266933,3.417e-23,4,7,1265,1175
619.296388,3.696e-27,3,6,1265,1175
619.315123,1.158e-28,3,6,1265,1175
619.319386,1.009e-22,3,7,1265,1175
619.338388,1.074e-30,3,6,1265,1175
619.343064,6.364e-28,4,6,1265,1175
619.347923,1.506e-28,4,6,1265,1175
619.375337,1.571e-30,3,6,1265,1175
619.378978,4.091e-30,3,6,1265,1175
619.4438,1.047e-23,4,7,1265,1175
619.444614,3.907e-28,3,6,1265,1175
619.458538,1.085e-28,3,6,1265,1175
619.46234,9.079e-29,3,6,1265,1175
619.47241,9.978e-29,3,6,1265,1175
619.481752,2.031e-29,3,6,1265,1175
619.485716,2.995e-30,3,6,1265,1175
619.500647,9.208e-26,4,6,1265,1175
619.502004,1.06e-27,3,6,1265,1175
619.502262,2.542e-28,3,6,1265,1175
619.511385,2.185e-30,3,6,1265,1175
619.513805,1.397e-30,3,6,1265,1175
619.551836,2.784e-29,3,6,1265,1175
619.572209,3.477e-29,3,6,1265,1175
619.573026,5.729e-29,4,7,1265,1175
619.589923,2.818e-22,5,7,1265,1175
619.597036,3.641e-25,4,7,1265,1175
619.604466,3.529e-26,4,6,1265,1175
619.64054,9.753e-28,3,6,1265,1175
619.642312,3.12e-29,3,6,1265,1175
619.646313,7.787e-30,3,6,1265,1175
619.675234,3.317e-27,3,6,1265,1175
619.676072,8.236e-29,3,6,1265,1175
619.752611,1.182e-30,3,6,1265,1175
619.775751,9.227e-30,4,6,1265,1175
619.782565,3.573e-27,4,6,1265,1175
619.785371,2.964e-28,4,7,1265,1175
619.789579,1.268e-25,3,6,1265,1175
619.794434,7.696e-25,4,6,1265,1175
619.797603,1.636e-30,3,6,1265,1175
619.799196,4.35e-30,3,7,1265,1175
619.811926,1.775e-26,4,7,1265,1175
619.820564,1.002e-30,3,6,1265,1175
619.826044,9.556e-26,3,6,1265,1175
619.843393,9.841e-25,4,7,1265,1175
619.880487,4.806e-28,3,6,1265,1175
619.923107,4.206e-30,3,6,1265,1175
619.970124,1.552e-30,3,6,1265,1175
619.98213,6.889e-28,3,6,1265,1175
619.9893,4.817e-28,3,6,1265,1175
620.032446,8.105e-28,4,6,1265,1175
620.035705,9.143e-29,3,6,1265,1175
620.039069,5.29e-24,4,7,1265,1175
620.048389,1.302e-30,3,6,1265,1175
620.048625,6.215e-30,3,6,1265,1175
620.050848,8.259e-29,3,6,1265,1175
620.054665,1.776e-28,4,6,1265,1175
620.065452,6.363e-30,3,6,1265,1175
620.068814,2.907e-27,3,6,1265,1175
620.108414,9.206e-27,3,6,1265,1175
620.141025,1.61e-24,4,7,1265,1175
620.154837,4.214e-30,3,6,1265,1175
620.158671,2.245e-26,3,6,1265,1175
620.172592,3.353e-30,3,7,1265,1175
620.211372,1.264e-27,3,6,1265,1175
620.216626,2.284e-29,3,6,1265,1175
620.222692,5.854e-30,3,6,1265,1175
620.22732,3.985e-29,3,6,1265,1175
620.239743,4.128e-27,4,6,1265,1175
620.243583,3.546e-29,3,6,1265,1175
620.256543,3.573e-30,3,6,1265,1175
620.256805,2.89e-30,3,6,1265,1175
620.265278,4.61e-25,4,7,1265,1175
620.266721,3.16e-28,3,6,1265,1175
620.282804,4.179e-29,3,6,1265,1175
620.289206,1.277e-29,3,6,1265,1175
620.301045,1.47e-25,3,6,1265,1175
620.325519,1.016e-27,3,6,1265,1175
620.326206,1.311e-28,3,6,1265,1175
620.327352,1.013e-27,3,6,1265,1175
620.351489,9.435e-30,3,3,1265,1176
620.3807,4.152e-26,4,6,1265,1175
620.390123,2.002e-26,3,6,1265,1175
620.406767,4.052e-28,3,6,1265,1175
620.419326,1.425e-29,3,6,1265,1175
620.43167,3.377e-26,4,6,1265,1175
620.446729,1.505e-30,3,6,1265,1175
620.454667,3.051e-27,4,6,1265,1175
620.476869,2.49e-27,3,6,1265,1175
620.481453,8.081e-26,3,6,1265,1175
620.503314,2.251e-26,4,7,1265,1175
620.564275,1.013e-24,4,6,1265,1175
620.600607,6.375e-24,4,7,1265,1175
620.618904,1.34e-30,3,6,1265,1175
620.62544,1.59e-28,3,6,1265,1175
620.641103,1.017e-30,3,6,1265,1175
620.646733,7.725e-30,3,6,1265,1175
620.646812,2.598e-28,3,6,1265,1175
620.667251,4.566e-30,3,6,1265,1175
620.679701,2.689e-23,4,7,1265,1175
620.680459,7.575e-28,3,6,1265,1175
620.680853,4.519e-22,3,7,1265,1175
620.716433,4.194e-26,3,6,1265,1175
620.723294,1.028e-27,4,6,1265,1175
620.734767,7.188e-29,3,6,1265,1175
620.740449,1.778e-29,3,6,1265,1175
620.756018,2.087e-28,4,6,1265,1175
620.759891,1.57e-30,3,6,1265,1175
620.803073,1.774e-28,3,6,1265,1175
620.819912,1.833e-29,3,6,1265,1175
620.82985,2.992e-23,4,7,1265,1175
620.838015,1.255e-22,4,7,1265,1175
620.84562,1.195e-30,3,6,1265,1175
620.85146,8.285e-29,3,6,1265,1175
620.862409,1.111e-30,3,6,1265,1175
620.881062,4.065e-30,4,6,1265,1175
620.884978,1.039e-28,3,6,1265,1175
620.896614,1.652e-23,4,7,1265,1175
620.899123,2.085e-27,3,6,1265,1175
620.90106,4.31e-30,3,6,1265,1175
620.925961,1.501e-27,3,6,1265,1175
620.936822,4.496e-29,3,6,1265,1175
620.950748,2.556e-29,3,6,1265,1175
620.961669,1.258e-25,4,6,1265,1175
620.96854,5.832e-25,4,7,1265,1175
620.994975,5e-29,3,6,1265,1175
620.99866,1.126e-28,3,6,1265,1175
621.000769,3.219e-28,3,6,1265,1175
621.038376,4.872e-26,4,6,1265,1175
621.049511,3.039e-30,3,6,1265,1175
621.057436,1.078e-29,3,6,1265,1175
621.067433,8.512e-30,3,7,1265,1175
621.073025,3.059e-30,4,6,1265,1175
621.07768,1.062e-28,4,7,1265,1175
621.101204,6.734e-28,3,6,1265,1175
621.134468,4.928e-29,3,6,1265,1175
621.142322,1.908e-30,3,6,1265,1175
621.150246,8.354e-22,3,7,1265,1175
621.161037,7.801e-29,3,6,1265,1175
621.186131,1.33e-24,4,7,1265,1175
621.190474,1.283e-30,3,6,1265,1175
621.190622,2.844e-26,4,7,1265,1175
621.215275,2.166e-30,3,6,1265,1175
621.228086,1.068e-25,3,6,1265,1175
621.229039,6.31e-25,4,6,1265,1175
621.241005,1.03e-29,3,6,1265,1175
621.248553,4.876e-27,4,6,1265,1175
621.254745,1.077e-29,4,6,1265,1175
621.294935,6.828e-26,3,6,1265,1175
621.313289,5.757e-28,4,7,1265,1175
621.328487,8.526e-24,4,7,1265,1175
621.33529,1.709e-27,3,6,1265,1175
621.389136,4.931e-30,3,6,1265,1175
621.391464,3.434e-28,3,6,1265,1175
621.415679,1.298e-27,4,6,1265,1175
621.441663,4.072e-30,3,6,1265,1175
621.453558,4.855e-30,3,6,1265,1175
621.453909,5.63e-29,3,6,1265,1175
621.459157,8.28e-28,3,6,1265,1175
621.465714,2.441e-28,4,6,1265,1175
621.465942,1.111e-29,3,6,1265,1175
621.472892,1.886e-30,3,6,1265,1175
621.488236,1.687e-29,3,6,1265,1175
621.520446,2.189e-29,3,6,1265,1175
621.562579,2.597e-29,3,6,1265,1175
621.614646,2.9e-29,3,6,1265,1175
621.617257,8.205e-30,3,6,1265,1175
621.621794,8.558e-27,3,6,1265,1175
621.631549,5.679e-29,3,6,1265,1175
621.636545,7.582e-29,3,6,1265,1175
621.637494,2.151e-30,3,6,1265,1175
621.638792,1.773e-27,3,6,1265,1175
621.643436,7.326e-25,4,7,1265,1175
621.647206,4.068e-28,3,6,1265,1175
621.650884,1.207e-29,3,6,1265,1175
621.658879,2.11e-24,4,7,1265,1175
621.666818,1.661e-30,3,7,1265,1175
621.671317,2.546e-28,3,6,1265,1175
621.674123,4.372e-30,3,6,1265,1175
621.676657,3.093e-29,3,6,1265,1175
621.688213,2.846e-29,3,6,1265,1175
621.708611,5.956e-29,3,6,1265,1175
621.72504,2.508e-26,3,6,1265,1175
621.748628,3.177e-29,3,6,1265,1175
621.762836,1.602e-27,3,6,1265,1175
621.765697,1.26e-29,3,6,1265,1175
621.768591,4.246e-27,4,6,1265,1175
621.785066,1.371e-27,3,6,1265,1175
621.786985,4.768e-30,3,6,1265,1175
621.797479,3.906e-29,3,6,1265,1175
621.805728,4.196e-27,4,6,1265,1175
621.808525,5.684e-26,4,6,1265,1175
621.812567,2.279e-26,3,6,1265,1175
621.830575,3.161e-29,3,6,1265,1175
621.838135,1.701e-28,3,6,1265,1175
621.839391,2.41e-30,3,6,1265,1175
621.875226,1.016e-28,3,6,1265,1175
621.881629,2.868e-28,3,6,1265,1175
621.88455,3.577e-26,4,7,1265,1175
621.898415,3.493e-28,3,6,1265,1175
621.911071,1.264e-25,3,6,1265,1175
621.922516,3.056e-29,3,6,1265,1175
621.936267,5.724e-26,3,6,1265,1175
621.941479,1.038e-29,3,6,1265,1175
621.97449,3.456e-26,4,6,1265,1175
621.991077,1.628e-30,3,6,1265,1175
622.024469,2.879e-29,3,6,1265,1175
622.10954,1.633e-27,4,6,1265,1175
622.120026,2.274e-23,4,7,1265,1175
622.131602,7.014e-22,3,7,1265,1175
622.132303,9.94e-25,4,6,1265,1175
622.133412,5.296e-30,3,6,1265,1175
622.136456,2.648e-29,3,6,1265,1175
622.148112,4.39e-29,3,6,1265,1175
622.169412,9.009e-28,3,6,1265,1175
622.170488,2.844e-28,4,6,1265,1175
622.17425,8.563e-24,4,7,1265,1175
622.187391,2.255e-30,3,6,1265,1175
622.236118,6.218e-29,3,6,1265,1175
622.248134,1.077e-27,3,6,1265,1175
622.253396,7.446e-30,4,6,1265,1175
622.258499,2.381e-29,3,6,1265,1175
622.264705,1.565e-28,3,6,1265,1175
622.28164,2.519e-29,3,6,1265,1175
622.288652,1.125e-30,3,6,1265,1175
622.317961,1.163e-28,3,6,1265,1175
622.319118,4.554e-26,3,6,1265,1175
622.327766,7.143e-29,3,6,1265,1175
622.334752,1.64e-29,3,7,1265,1175
622.346534,9.191e-25,4,7,1265,1175
622.353184,2.565e-23,4,7,1265,1175
622.356078,2.087e-27,3,6,1265,1175
622.357898,5.632e-30,4,6,1265,1175
622.359649,1.531e-22,3,7,1265,1175
622.384556,1.717e-28,3,6,1265,1175
622.390622,2.095e-29,3,6,1265,1175
622.39175,2.566e-23,4,7,1265,1175
622.423805,7.065e-29,3,6,1265,1175
622.425528,3.153e-29,3,6,1265,1175
622.426706,1.689e-25,4,6,1265,1175
622.427494,4.399e-30,3,6,1265,1175
622.441202,1.679e-29,3,6,1265,1175
622.474095,2.974e-30,3,6,1265,1175
622.474908,1.466e-29,3,6,1265,1175
622.477926,6.61e-26,4,6,1265,1175
622.50335,4.002e-28,3,6,1265,1175
622.527715,1.241e-28,3,6,1265,1175
622.532848,1.807e-29,3,6,1265,1175
622.537934,3.031e-30,3,6,1265,1175
622.539585,1.766e-24,4,7,1265,1175
622.5568,4.572e-28,3,6,1265,1175
622.562982,2.039e-30,3,6,1265,1175
622.575363,4.482e-26,4,7,1265,1175
622.582955,1.937e-28,4,7,1265,1175
622.603635,1.976e-29,3,6,1265,1175
622.613263,2.984e-30,3,6,1265,1175
622.625758,1.352e-23,4,7,1265,1175
622.628896,7.656e-29,3,6,1265,1175
622.631718,1.961e-29,3,6,1265,1175
622.64754,2.785e-30,3,6,1265,1175
622.653635,1.091e-30,3,6,1265,1175
622.655942,5.078e-25,4,6,1265,1175
622.657615,8.825e-26,3,6,1265,1175
622.658331,7.002e-29,3,6,1265,1175
622.685203,1.527e-29,3,6,1265,1175
622.709241,1.355e-21,3,7,1265,1175
622.718535,6.54e-27,4,6,1265,1175
622.724163,8.294e-28,3,6,1265,1175
622.737889,1.233e-29,4,6,1265,1175
622.759161,4.796e-26,3,6,1265,1175
622.804928,2.046e-27,4,6,1265,1175
622.839289,1.101e-27,4,7,1265,1175
622.84771,1.266e-29,3,6,1265,1175
622.860957,5.657e-30,3,6,1265,1175
622.865953,3.411e-29,3,6,1265,1175
622.883083,3.296e-28,4,6,1265,1175
622.90038,2.412e-28,3,6,1265,1175
622.903386,2.685e-30,3,6,1265,1175
622.942604,9.744e-28,3,6,1265,1175
622.998974,4.821e-30,3,6,1265,1175
623.010121,1.574e-30,3,6,1265,1175
623.018789,1.095e-28,3,6,1265,1175
623.020395,1.03e-29,3,6,1265,1175
623.023795,1.102e-29,3,6,1265,1175
623.025471,8.947e-29,3,6,1265,1175
623.027498,1.145e-24,4,7,1265,1175
623.064799,2.012e-28,3,6,1265,1175
623.072296,2.444e-27,3,6,1265,1175
623.130404,7.776e-27,3,6,1265,1175
623.140474,8.343e-29,3,6,1265,1175
623.163616,9.771e-30,3,6,1265,1175
623.16542,5.674e-27,4,6,1265,1175
623.165652,3.475e-29,3,6,1265,1175
623.179588,2.716e-24,4,7,1265,1175
623.186265,1.699e-29,3,6,1265,1175
623.199136,4.384e-30,3,6,1265,1175
623.203283,8.222e-30,3,6,1265,1175
623.203538,2.487e-27,3,6,1265,1175
623.212803,6.259e-28,3,6,1265,1175
623.220249,6.546e-29,3,6,1265,1175
623.237952,3.796e-30,3,6,1265,1175
623.242954,7.645e-26,4,6,1265,1175
623.246838,2.532e-26,3,6,1265,1175
623.271904,5.592e-26,4,7,1265,1175
623.291965,2.735e-26,3,6,1265,1175
623.30005,4.235e-27,4,6,1265,1175
623.309079,3.37e-28,3,6,1265,1175
623.31962,6.251e-30,3,6,1265,1175
623.349017,2.564e-30,3,6,1265,1175
623.350909,1.996e-28,3,6,1265,1175
623.36787,3.73e-29,3,6,1265,1175
623.385294,3.986e-26,3,6,1265,1175
623.390287,1.219e-30,3,6,1265,1175
623.396398,6.449e-30,3,6,1265,1175
623.422556,7.739e-29,3,6,1265,1175
623.45989,7.425e-30,3,6,1265,1175
623.474278,1.758e-27,3,6,1265,1175
623.492922,3.079e-27,3,6,1265,1175
623.5018,2.552e-27,4,6,1265,1175
623.516042,3.43e-26,4,6,1265,1175
623.522234,4.261e-27,3,6,1265,1175
623.522746,1.065e-25,3,6,1265,1175
623.551957,1.886e-23,4,7,1265,1175
623.555005,2.638e-29,3,6,1265,1175
623.56223,5.254e-27,3,6,1265,1175
623.58615,1.071e-21,3,7,1265,1175
623.591311,3.807e-28,4,6,1265,1175
623.599764,4.968e-30,3,6,1265,1175
623.601718,3.111e-29,4,7,1265,1175
623.605871,6.007e-30,3,6,1265,1175
623.612452,4.587e-29,3,6,1265,1175
623.612936,6.026e-27,3,6,1265,1175
623.620877,3.182e-30,3,6,1265,1175
623.62857,1.342e-29,4,6,1265,1175
623.649591,2.697e-29,3,6,1265,1175
623.652099,1.021e-29,4,6,1265,1175
623.663233,1.049e-27,3,6,1265,1175
623.67438,6.557e-27,3,6,1265,1175
623.695378,1.038e-30,3,6,1265,1175
623.700037,9.381e-25,4,6,1265,1175
623.713693,4.631e-28,3,6,1265,1175
623.724666,1.116e-28,3,6,1265,1175
623.73097,1.425e-24,4,7,1265,1175
623.7466,6.845e-27,3,6,1265,1175
623.746602,4.011e-30,3,6,1265,1175
623.750587,1.041e-23,4,7,1265,1175
623.761223,1.27e-28,3,6,1265,1175
623.768369,1.87e-30,3,6,1265,1175
623.792336,2.851e-27,3,6,1265,1175
623.813403,3.761e-30,3,6,1265,1175
623.813507,3.918e-23,4,7,1265,1175
623.829636,6.9e-27,3,6,1265,1175
623.840387,1.875e-30,3,6,1265,1175
623.858687,9.809e-29,3,6,1265,1175
623.884214,1.832e-22,3,7,1265,1175
623.89575,2.23e-25,4,6,1265,1175
623.898716,1.96e-29,3,6,1265,1175
623.903706,2.302e-24,4,7,1265,1175
623.906084,3.81e-29,3,6,1265,1175
623.910324,1.502e-28,3,6,1265,1175
623.923126,8.81e-26,4,6,1265,1175
623.923534,6.748e-27,3,6,1265,1175
623.927058,4.756e-26,3,6,1265,1175
623.930976,2.111e-23,4,7,1265,1175
623.933856,6.287e-29,3,6,1265,1175
623.939445,4.733e-30,3,6,1265,1175
623.941018,3.188e-30,3,6,1265,1175
623.952499,2.158e-23,4,7,1265,1175
623.958424,4.328e-30,3,6,1265,1175
623.966149,6.948e-26,4,7,1265,1175
623.968331,1.62e-28,3,6,1265,1175
624.007223,3.054e-28,3,6,1265,1175
624.009894,4.882e-28,3,6,1265,1175
624.028346,6.421e-27,3,6,1265,1175
624.037337,2.798e-30,3,6,1265,1175
624.059521,1.334e-28,3,6,1265,1175
624.075077,4.013e-25,4,6,1265,1175
624.078015,7.149e-26,3,6,1265,1175
624.088915,3.479e-28,4,7,1265,1175
624.125622,1.17e-28,3,6,1265,1175
624.128414,1.355e-30,3,6,1265,1175
624.144127,5.958e-27,3,6,1265,1175
624.167773,5.836e-29,3,6,1265,1175
624.176849,2.817e-30,3,6,1265,1175
624.188998,6.941e-29,3,6,1265,1175
624.192498,8.619e-27,4,6,1265,1175
624.200192,3.171e-27,4,6,1265,1175
624.218616,3.313e-26,3,6,1265,1175
624.225166,1.38e-29,4,6,1265,1175
624.226451,3.361e-28,3,6,1265,1175
624.249018,7.141e-28,3,6,1265,1175
624.266859,1.818e-21,3,7,1265,1175
624.270934,5.399e-27,3,6,1265,1175
624.271585,2.047e-30,3,6,1265,1175
624.271698,2.033e-29,3,6,1265,1175
624.306768,4.374e-28,4,6,1265,1175
624.336514,1.374e-30,3,6,1265,1175
624.338577,6.342e-30,3,6,1265,1175
624.339861,3.755e-30,3,6,1265,1175
624.363574,2.072e-27,4,7,1265,1175
624.374637,1.133e-30,3,6,1265,1175
624.399787,2.062e-29,3,6,1265,1175
624.407202,1.666e-28,3,6,1265,1175
624.408167,9.677e-30,3,6,1265,1175
624.40883,4.785e-27,3,6,1265,1175
624.41749,1.762e-24,4,7,1265,1175
624.425348,1.386e-28,3,6,1265,1175
624.432379,1.122e-27,3,6,1265,1175
624.446893,1.56e-28,3,6,1265,1175
624.511874,3.31e-27,3,6,1265,1175
624.516167,1.472e-30,3,6,1265,1175
624.53376,7.539e-27,4,6,1265,1175
624.541354,7.755e-30,3,6,1265,1175
624.543113,2.092e-29,3,6,1265,1175
624.557879,4.152e-27,3,6,1265,1175
624.578381,1.148e-28,3,6,1265,1175
624.613179,2.25e-29,3,6,1265,1175
624.634071,6.914e-27,3,6,1265,1175
624.642412,5.878e-30,3,6,1265,1175
624.647714,3.797e-27,3,6,1265,1175
624.648919,4.156e-29,3,6,1265,1175
624.665366,8.598e-26,4,7,1265,1175
624.683945,1.01e-25,4,6,1265,1175
624.692782,2.743e-26,3,6,1265,1175
624.703098,3.431e-24,4,7,1265,1175
624.704572,1.101e-29,3,6,1265,1175
624.714767,3.974e-30,3,6,1265,1175
624.718145,3.529e-27,3,6,1265,1175
624.729764,4.224e-30,3,6,1265,1175
624.750683,2.393e-28,3,6,1265,1175
624.771099,1.041e-30,3,6,1265,1175
624.801905,5.167e-29,3,6,1265,1175
624.814426,1.366e-28,3,6,1265,1175
624.828401,2.729e-26,3,6,1265,1175
624.834062,4.076e-27,4,6,1265,1175
624.854386,8.047e-30,3,6,1265,1175
624.859384,2.906e-26,3,6,1265,1175
624.866519,4.263e-29,3,6,1265,1175
624.867982,1.498e-30,3,6,1265,1175
624.868882,5.812e-29,4,7,1265,1175
624.889695,2.941e-27,3,6,1265,1175
624.900072,3.923e-27,4,6,1265,1175
624.921931,1.081e-30,3,6,1265,1175
624.938268,3.477e-29,3,6,1265,1175
624.955284,1.56e-29,3,6,1265,1175
624.955493,1.823e-29,4,6,1265,1175
624.968016,5.792e-29,3,6,1265,1175
624.974354,5.224e-30,3,6,1265,1175
624.974706,2.74e-28,3,6,1265,1175
624.975408,1.534e-23,4,7,1265,1175
624.980413,3.325e-29,3,6,1265,1175
625.006762,2.382e-29,4,6,1265,1175
625.018465,5.006e-28,4,6,1265,1175
625.020285,1.241e-30,3,6,1265,1175
625.032799,5.316e-30,3,6,1265,1175
625.044493,1.609e-21,3,7,1265,1175
625.051036,1.815e-30,3,6,1265,1175
625.056221,3.312e-26,4,6,1265,1175
625.060337,4.411e-30,3,6,1265,1175
625.072595,2.404e-27,3,6,1265,1175
625.08458,6.654e-30,3,6,1265,1175
625.121804,2.174e-24,4,7,1265,1175
625.127519,1.715e-28,3,6,1265,1175
625.135896,8.799e-26,3,6,1265,1175
625.162007,1.193e-27,3,6,1265,1175
625.214691,1.351e-28,3,6,1265,1175
625.234717,3.826e-27,3,6,1265,1175
625.244224,3.243e-23,4,7,1265,1175
625.248747,3.059e-30,3,6,1265,1175
625.266908,1.928e-27,3,6,1265,1175
625.267402,8.432e-25,4,6,1265,1175
625.277577,5.885e-23,5,7,1265,1175
625.278441,2.947e-24,4,7,1265,1175
625.285973,1.672e-28,3,6,1265,1175
625.299606,1.338e-28,3,6,1265,1175
625.324679,4.902e-30,3,6,1265,1175
625.328849,2.572e-29,3,6,1265,1175
625.329529,1.184e-23,4,7,1265,1175
625.346853,7.269e-30,3,6,1265,1175
625.349003,4.33e-29,3,6,1265,1175
625.36298,1.06e-25,4,7,1265,1175
625.368788,2.892e-25,4,6,1265,1175
625.373989,1.153e-25,4,6,1265,1175
625.392406,4.508e-29,3,6,1265,1175
625.411641,2.149e-22,3,7,1265,1175
625.45237,2.006e-28,3,6,1265,1175
625.472699,1.518e-27,3,6,1265,1175
625.48638,3.115e-25,4,6,1265,1175
625.489129,5.682e-26,3,6,1265,1175
625.493974,4.073e-30,3,6,1265,1175
625.511956,1.78e-23,4,7,1265,1175
625.520292,5.842e-28,3,6,1265,1175
625.530778,1.278e-30,3,3,1265,1176
625.540083,4.808e-26,3,6,1265,1175
625.554229,1.494e-28,3,6,1265,1175
625.561972,1.407e-28,3,6,1265,1175
625.594016,1.396e-28,3,6,1265,1175
625.595625,6.15e-28,4,7,1265,1175
625.601466,4.834e-27,4,6,1265,1175
625.603308,1.312e-28,3,6,1265,1175
625.609013,1.647e-30,3,6,1265,1175
625.624667,1.759e-28,3,6,1265,1175
625.638789,1.235e-30,3,6,1265,1175
625.67043,1.116e-26,4,6,1265,1175
625.671001,1.193e-29,3,6,1265,1175
625.673184,2.25e-26,3,6,1265,1175
625.689208,4.336e-29,3,6,1265,1175
625.690027,1.173e-27,3,6,1265,1175
625.701006,2.383e-30,3,6,1265,1175
625.716557,1.511e-29,4,6,1265,1175
625.736765,5.701e-28,4,6,1265,1175
625.740157,2.533e-30,3,6,1265,1175
625.782303,5.158e-30,3,6,1265,1175
625.804212,8.151e-30,3,6,1265,1175
625.812031,1.422e-27,3,6,1265,1175
625.813435,2.666e-24,4,7,1265,1175
625.817325,1.187e-28,3,6,1265,1175
625.822008,6.938e-30,3,6,1265,1175
625.823043,2.207e-21,3,7,1265,1175
625.831177,2.112e-28,3,6,1265,1175
625.831893,1.147e-28,3,6,1265,1175
625.886344,3.838e-27,4,7,1265,1175
625.910759,9.844e-27,4,6,1265,1175
625.911883,1.131e-28,3,6,1265,1175
625.918948,8.909e-28,3,6,1265,1175
625.928395,1.262e-27,3,6,1265,1175
625.957518,4.402e-27,3,6,1265,1175
626.022318,1.552e-28,3,6,1265,1175
626.046423,2.926e-29,3,6,1265,1175
626.052767,8.952e-30,3,6,1265,1175
626.064928,1.3e-25,4,7,1265,1175
626.080043,1.033e-29,3,6,1265,1175
626.088183,6.059e-30,3,6,1265,1175
626.092305,6.632e-29,3,6,1265,1175
626.095445,5.705e-27,3,6,1265,1175
626.131457,1.31e-25,4,6,1265,1175
626.132613,6.022e-27,3,6,1265,1175
626.136786,1.069e-28,4,7,1265,1175
626.137994,4.862e-29,3,6,1265,1175
626.150252,2.89e-26,3,6,1265,1175
626.159514,6.646e-28,3,6,1265,1175
626.208198,2.086e-29,3,6,1265,1175
626.229359,4.255e-24,4,7,1265,1175
626.240193,1.188e-29,3,6,1265,1175
626.265456,1.838e-26,3,6,1265,1175
626.265902,3.873e-30,3,6,1265,1175
626.267931,3.203e-29,4,6,1265,1175
626.271999,9.189e-29,3,6,1265,1175
626.304352,5.931e-27,4,6,1265,1175
626.332676,6.921e-30,3,6,1265,1175
626.339971,2.37e-29,3,6,1265,1175
626.348786,9.079e-30,3,6,1265,1175
626.351485,1.802e-30,3,6,1265,1175
626.357231,1.403e-30,3,6,1265,1175
626.370573,3.757e-27,4,6,1265,1175
626.381458,3.498e-29,3,6,1265,1175
626.387993,7.721e-29,3,6,1265,1175
626.38814,4.162e-29,4,6,1265,1175
626.390288,1.224e-23,3,7,1265,1175
626.391225,1.017e-29,3,6,1265,1175
626.41177,4.872e-28,3,6,1265,1175
626.412845,3.121e-30,3,6,1265,1175
626.427234,3e-26,3,6,1265,1175
626.45193,6.465e-28,4,6,1265,1175
626.474496,2.162e-29,3,6,1265,1175
626.484663,3.615e-30,3,6,1265,1175
626.499064,2.659e-29,3,6,1265,1175
626.505758,6.005e-30,3,6,1265,1175
626.506628,2.378e-21,3,7,1265,1175
626.508431,3.168e-29,3,6,1265,1175
626.511419,4.262e-29,3,6,1265,1175
626.518994,3.261e-24,4,7,1265,1175
626.536323,2.591e-28,3,6,1265,1175
626.565576,4.901e-23,5,7,1265,1175
626.56949,7.185e-30,3,6,1265,1175
626.594912,3.119e-26,4,6,1265,1175
626.643868,2.188e-28,3,6,1265,1175
626.663733,3.703e-24,4,7,1265,1175
626.665814,1.326e-27,3,6,1265,1175
626.675753,3.51e-28,3,6,1265,1175
626.678282,1.397e-28,3,6,1265,1175
626.683203,5.041e-27,3,6,1265,1175
626.714049,7.416e-30,3,6,1265,1175
626.72992,4.924e-30,3,6,1265,1175
626.745389,8.695e-23,5,7,1265,1175
626.746551,1.792e-28,3,6,1265,1175
626.750338,7.137e-26,3,6,1265,1175
626.760155,1.098e-29,3,6,1265,1175
626.765293,3.314e-29,3,6,1265,1175
626.765856,1.589e-25,4,7,1265,1175
626.830531,1.482e-25,4,6,1265,1175
626.834329,7.096e-25,4,6,1265,1175
626.845807,3.684e-25,4,6,1265,1175
626.884484,5.215e-29,3,6,1265,1175
626.889785,2.375e-25,4,6,1265,1175
626.890802,4.433e-26,3,6,1265,1175
626.892136,1.296e-28,3,6,1265,1175
626.910979,1.284e-23,4,7,1265,1175
626.941859,2.47e-22,3,7,1265,1175
626.951495,2.486e-28,3,6,1265,1175
626.953808,5.105e-29,3,6,1265,1175
626.999014,1.598e-30,3,6,1265,1175
627.008747,7.246e-27,4,6,1265,1175
627.034257,3.623e-30,3,6,1265,1175
627.034438,6.852e-28,3,6,1265,1175
627.063714,6.886e-30,3,6,1265,1175
627.069973,1.44e-23,4,7,1265,1175
627.070799,4.068e-30,3,6,1265,1175
627.077291,1.636e-30,3,3,1265,1176
627.095411,1.96e-30,3,6,1265,1175
627.103148,1.07e-27,4,7,1265,1175
627.122741,1.503e-26,3,6,1265,1175
627.126053,2.601e-28,3,6,1265,1175
627.131127,1.418e-28,3,6,1265,1175
627.142071,1.348e-28,3,6,1265,1175
627.152317,1.419e-26,4,6,1265,1175
627.158007,4.722e-26,3,6,1265,1175
627.173066,7.296e-28,4,6,1265,1175
627.175819,8.863e-29,3,6,1265,1175
627.212044,1.616e-29,4,6,1265,1175
627.212122,6.555e-30,3,6,1265,1175
627.215353,3.967e-24,4,7,1265,1175
627.2193,1.289e-28,3,6,1265,1175
627.222506,2.577e-29,3,6,1265,1175
627.230701,6.958e-30,3,6,1265,1175
627.239016,1.731e-28,3,6,1265,1175
627.242955,3.164e-28,3,6,1265,1175
627.289913,2.404e-28,3,6,1265,1175
627.296424,1.262e-26,4,6,1265,1175
627.303085,2.132e-30,3,6,1265,1175
627.311267,7.389e-30,3,6,1265,1175
627.327242,1.015e-28,3,6,1265,1175
627.371771,2.093e-27,3,6,1265,1175
627.377726,2.507e-21,3,7,1265,1175
627.405961,1.936e-28,4,7,1265,1175
627.407789,6.999e-27,4,7,1265,1175
627.409215,5.747e-27,3,6,1265,1175
627.41436,7.556e-29,3,6,1265,1175
627.430564,1.384e-27,3,6,1265,1175
627.469014,1.34e-29,3,6,1265,1175
627.46913,9.088e-30,3,6,1265,1175
627.470582,1.934e-25,4,7,1265,1175
627.472272,2.059e-28,3,6,1265,1175
627.48598,3.736e-29,3,6,1265,1175
627.528852,3.314e-29,3,6,1265,1175
627.538329,1.185e-28,3,6,1265,1175
627.546803,8.431e-27,3,6,1265,1175
627.585449,1.667e-25,4,6,1265,1175
627.589258,5.542e-29,4,6,1265,1175
627.616791,1.251e-29,3,6,1265,1175
627.619109,2.951e-26,3,6,1265,1175
627.625836,5.14e-27,3,6,1265,1175
627.632853,5.561e-29,3,6,1265,1175
627.639462,1.607e-29,3,6,1265,1175
627.646212,8.847e-30,3,6,1265,1175
627.691115,1.661e-29,3,6,1265,1175
627.696324,1.217e-26,3,6,1265,1175
627.714636,8.815e-27,4,6,1265,1175
627.723447,6.08e-29,3,6,1265,1175
627.735341,5.2e-30,3,6,1265,1175
627.758319,5.174e-24,4,7,1265,1175
627.770563,1.237e-29,3,6,1265,1175
627.772868,7.156e-29,4,6,1265,1175
627.780744,5.285e-30,3,6,1265,1175
627.796506,9.595e-24,4,7,1265,1175
627.79892,1.786e-30,3,6,1265,1175
627.807453,3.324e-30,3,6,1265,1175
627.840778,2.12e-30,3,6,1265,1175
627.849434,7.983e-29,3,6,1265,1175
627.891688,8.197e-28,4,6,1265,1175
627.895099,7.286e-23,5,7,1265,1175
627.909532,3.275e-27,4,6,1265,1175
627.922501,4.812e-24,4,7,1265,1175
627.930077,1.261e-29,3,6,1265,1175
627.951073,3.848e-28,3,6,1265,1175
627.957129,8.025e-30,3,6,1265,1175
627.958858,1.653e-29,3,6,1265,1175
627.972547,3.457e-21,3,7,1265,1175
627.990607,2.46e-30,3,6,1265,1175
627.995455,2.998e-26,3,6,1265,1175
628.028686,2.05e-29,3,6,1265,1175
628.052574,3.083e-29,3,6,1265,1175
628.059526,4.563e-24,4,7,1265,1175
628.060566,7.544e-30,3,6,1265,1175
628.078103,2.825e-29,3,6,1265,1175
628.109208,1.104e-29,3,6,1265,1175
628.112622,2.114e-29,3,6,1265,1175
628.131993,2.868e-26,4,6,1265,1175
628.137775,6.52e-27,3,6,1265,1175
628.151899,1.398e-28,3,6,1265,1175
628.172321,5.287e-29,3,6,1265,1175
628.174731,1.436e-27,3,6,1265,1175
628.174775,2.344e-25,4,7,1265,1175
628.179346,1.629e-29,3,6,1265,1175
628.199506,2.355e-28,3,6,1265,1175
628.208033,4.191e-29,3,6,1265,1175
628.212016,7.8e-30,3,6,1265,1175
628.216938,1.263e-22,5,7,1265,1175
628.282876,3.395e-26,3,6,1265,1175
628.285232,1.78e-25,4,6,1265,1175
628.292767,1.868e-25,4,6,1265,1175
628.316332,1.715e-28,3,6,1265,1175
628.317554,1.009e-30,3,6,1175,1175
628.32642,8.242e-29,3,6,1265,1175
628.326796,4.609e-25,4,6,1265,1175
628.365882,5.684e-26,3,6,1265,1175
628.382304,5.893e-29,3,6,1265,1175
628.400753,5.403e-25,4,6,1265,1175
628.42203,1.068e-26,4,6,1265,1175
628.425722,2.171e-29,3,6,1265,1175
628.445939,6.833e-30,3,6,1265,1175
628.449685,3.912e-30,3,6,1265,1175
628.471646,2.037e-30,3,3,1265,1176
628.474802,2.777e-22,3,7,1265,1175
628.494824,1.338e-23,4,7,1265,1175
628.506966,3.444e-29,3,6,1265,1175
628.522104,6.501e-29,3,6,1265,1175
628.522151,2.001e-30,3,6,1265,1175
628.552229,7.873e-28,3,6,1265,1175
628.567149,9.877e-27,3,6,1265,1175
628.571598,1.53e-28,3,6,1265,1175
628.579365,2.978e-30,3,6,1265,1175
628.587591,2.28e-30,3,6,1265,1175
628.608344,1.106e-30,3,6,1265,1175
628.608468,1.145e-30,3,6,1265,1175
628.608492,1.029e-30,3,6,1265,1175
628.608994,1.147e-30,3,6,1265,1175
628.610065,1.117e-30,3,6,1265,1175
628.611544,1.832e-27,4,7,1265,1175
628.61184,1.06e-30,3,6,1265,1175
628.615663,9.164e-28,4,6,1265,1175
628.62326,5.805e-24,4,7,1265,1175
628.626399,1.144e-23,4,7,1265,1175
628.629797,3.782e-28,3,6,1265,1175
628.632074,5.004e-30,3,6,1265,1175
628.638145,1.771e-26,4,6,1265,1175
628.660677,4.66e-28,3,6,1265,1175
628.670763,1.39e-28,3,6,1265,1175
628.676919,3.453e-28,4,7,1265,1175
628.68504,9.212e-30,3,6,1265,1175
628.690759,1.59e-26,4,6,1265,1175
628.704597,1.324e-29,3,6,1265,1175
628.711608,1.682e-29,4,6,1265,1175
628.731665,1.191e-28,3,6,1265,1175
628.767562,7.475e-30,3,6,1265,1175
628.770495,9.559e-30,3,6,1265,1175
628.780626,4.518e-26,3,6,1265,1175
628.806376,7.642e-30,3,6,1265,1175
628.853333,2.208e-29,3,6,1265,1175
628.857482,1.34e-29,3,6,1265,1175
628.865544,1.624e-30,3,6,1265,1175
628.866954,7.363e-27,3,6,1265,1175
628.881938,1.156e-28,3,6,1265,1175
628.882317,2.828e-25,4,7,1265,1175
628.891149,1.972e-29,3,6,1265,1175
628.914557,4.964e-29,3,6,1265,1175
628.919313,9.439e-29,4,6,1265,1175
628.928099,1.256e-26,4,7,1265,1175
628.928222,2.697e-27,3,6,1265,1175
628.928229,2.681e-28,3,6,1265,1175
628.930836,2.713e-21,3,7,1265,1175
628.931836,4.678e-29,3,6,1265,1175
628.938806,1.478e-27,3,6,1265,1175
628.959943,1.02e-30,3,6,1265,1175
628.973374,1.11e-29,3,6,1265,1175
628.993577,3.978e-28,3,6,1265,1175
629.001854,1.225e-26,3,6,1265,1175
629.033872,1.145e-29,3,6,1265,1175
629.045878,2.083e-25,4,6,1265,1175
629.05053,1.036e-30,3,6,1265,1175
629.099222,2.909e-26,3,6,1265,1175
629.113541,4.304e-27,3,6,1265,1175
629.114774,2.931e-30,3,6,1265,1175
629.120871,7.928e-27,3,6,1265,1175
629.130919,1.288e-26,4,6,1265,1175
629.131198,1.086e-30,3,6,1265,1175
629.133476,6.206e-29,3,6,1265,1175
629.150076,1.022e-30,3,6,1265,1175
629.152864,1.428e-29,3,6,1265,1175
629.154679,8.805e-30,3,6,1265,1175
629.161103,1.211e-28,4,6,1265,1175
629.168586,3.958e-29,3,6,1265,1175
629.193972,7.384e-24,4,7,1265,1175
629.211373,1.392e-29,3,6,1265,1175
629.232852,1.066e-22,5,7,1265,1175
629.246978,2.23e-30,3,6,1265,1175
629.28993,6.168e-24,4,7,1265,1175
629.295792,1.249e-29,3,6,1265,1175
629.304234,8.149e-30,3,6,1265,1175
629.330473,1.249e-30,3,6,1265,1175
629.332291,6.982e-24,4,7,1265,1175
629.335842,2.438e-30,3,6,1265,1175
629.337721,1.02e-27,4,6,1265,1175
629.35433,2.589e-30,3,6,1265,1175
629.371765,5.618e-28,3,6,1265,1175
629.414434,1.052e-29,3,6,1265,1175
629.442246,4.942e-21,3,7,1265,1175
629.450893,2.636e-27,4,6,1265,1175
629.465756,5.513e-24,4,7,1265,1175
629.470882,1.534e-29,3,6,1265,1175
629.49197,1.646e-30,3,6,1265,1175
629.510226,1.615e-29,3,6,1265,1175
629.557781,7.676e-30,3,6,1265,1175
629.563993,2.885e-26,3,6,1265,1175
629.581023,8.636e-30,3,6,1265,1175
629.589732,3.398e-25,4,7,1265,1175
629.591285,2.193e-29,3,6,1265,1175
629.598414,8.275e-27,3,6,1265,1175
629.604423,2.376e-29,3,6,1265,1175
629.635431,1.347e-28,3,6,1265,1175
629.647012,2.468e-29,3,6,1265,1175
629.657057,5.197e-29,3,6,1265,1175
629.658457,3.038e-28,3,6,1265,1175
629.665192,2.554e-26,3,6,1265,1175
629.667335,2.581e-26,4,6,1265,1175
629.672658,1.311e-25,4,6,1265,1175
629.688827,1.511e-27,3,6,1265,1175
629.692216,1.805e-22,5,7,1265,1175
629.695158,1.216e-29,3,6,1265,1175
629.755119,5.156e-29,3,6,1265,1175
629.760715,2.311e-25,4,6,1265,1175
629.81174,5.661e-25,4,6,1265,1175
629.825618,2.269e-28,3,6,1265,1175
629.826464,1.129e-29,3,6,1265,1175
629.828759,2.188e-30,3,6,1265,1175
629.841311,1.547e-26,4,6,1265,1175
629.855912,4.684e-29,3,6,1265,1175
629.861063,1.96e-29,3,6,1265,1175
629.885853,6.492e-29,3,6,1265,1175
629.892479,5.598e-30,3,6,1265,1175
629.910972,4.928e-30,3,6,1265,1175
629.948688,2.501e-30,3,3,1265,1176
629.950157,6.063e-28,4,7,1265,1175
629.956335,1.324e-30,3,6,1175,1175
629.962204,5.273e-30,3,6,1265,1175
629.966619,3.403e-25,4,6,1265,1175
629.973388,2.473e-30,3,6,1265,1175
629.982329,4.446e-26,3,6,1265,1175
629.991856,1.322e-28,3,6,1265,1175
630.006264,6.384e-27,3,6,1265,1175
630.010406,3.053e-22,3,7,1265,1175
630.03717,8.353e-24,4,7,1265,1175
630.064224,3.599e-30,3,6,1265,1175
630.064544,1.129e-27,4,6,1265,1175
630.073566,8.853e-28,3,6,1265,1175
630.080942,1.35e-23,4,7,1265,1175
630.084338,6.744e-28,3,6,1265,1175
630.085533,2.59e-30,3,6,1265,1175
630.093764,1.965e-26,4,6,1265,1175
630.120875,3.087e-27,4,7,1265,1175
630.127899,2.168e-26,4,6,1265,1175
630.129373,2.162e-30,3,6,1265,1175
630.135913,5.408e-28,3,6,1265,1175
630.145308,1.197e-29,3,6,1265,1175
630.181071,8.929e-24,4,7,1265,1175
630.21282,1.308e-28,3,6,1265,1175
630.21523,1.702e-29,4,6,1265,1175
630.253125,1.945e-29,3,6,1265,1175
630.25793,1.582e-28,4,6,1265,1175
630.300125,4.066e-25,4,7,1265,1175
630.307364,7.642e-30,3,6,1265,1175
630.314124,1.366e-29,3,6,1265,1175
630.319166,2.851e-29,3,6,1265,1175
630.322805,1.032e-28,3,6,1265,1175
630.330724,9.255e-27,3,6,1265,1175
630.354825,3.168e-30,3,6,1265,1175
630.368315,7.758e-30,3,6,1265,1175
630.383974,5.745e-29,3,6,1265,1175
630.390174,3.426e-28,3,6,1265,1175
630.396636,2.119e-29,3,6,1265,1175
630.407722,4.221e-26,3,6,1265,1175
630.412378,3.208e-29,3,6,1265,1175
630.427455,1.023e-30,3,6,1265,1175
630.447454,2.219e-26,4,7,1265,1175
630.453041,1.532e-27,3,6,1265,1175
630.460654,1.752e-26,3,6,1265,1175
630.481386,3.21e-27,3,6,1265,1175
630.48229,2.823e-21,3,7,1265,1175
630.486906,1.626e-30,3,6,1265,1175
630.512701,2.551e-25,4,6,1265,1175
630.524232,2.929e-30,3,6,1265,1175
630.5346,1.444e-29,3,6,1265,1175
630.53896,5.08e-27,3,6,1265,1175
630.545804,1.178e-30,3,6,1265,1175
630.549496,1.016e-28,3,6,1265,1175
630.552993,2.017e-28,4,6,1265,1175
630.553197,1.85e-26,4,6,1265,1175
630.578887,1.533e-22,3,7,1265,1175
630.582594,5.582e-24,4,7,1265,1175
630.590472,2.749e-26,3,6,1265,1175
630.595517,3.535e-27,3,6,1265,1175
630.607233,2.534e-29,3,6,1265,1175
630.639841,6.746e-29,3,6,1265,1175
630.689038,1.561e-29,3,6,1265,1175
630.701385,2.729e-30,3,6,1265,1175
630.714197,6.067e-28,3,6,1265,1175
630.74833,9.962e-24,4,7,1265,1175
630.75878,1.873e-30,3,6,1265,1175
630.790012,1.244e-27,4,6,1265,1175
630.798394,8.061e-28,3,6,1265,1175
630.816007,1.228e-29,3,6,1265,1175
630.82026,1.824e-30,3,6,1265,1175
630.824144,7.203e-24,4,7,1265,1175
630.836657,2.734e-30,3,6,1265,1175
630.846174,2.749e-29,3,6,1265,1175
630.846439,3.618e-29,3,6,1265,1175
630.850132,2.052e-29,3,6,1265,1175
630.850474,4.681e-29,3,6,1265,1175
630.857828,5.95e-29,3,6,1265,1175
630.858757,1.507e-29,3,6,1265,1175
630.868049,7.43e-29,3,6,1265,1175
630.872489,1.087e-29,3,6,1265,1175
630.87766,1.354e-29,3,6,1265,1175
630.880691,9.112e-29,3,6,1265,1175
630.882363,6.526e-24,4,7,1265,1175
630.891753,7.716e-30,3,6,1265,1175
630.895314,1.097e-28,3,6,1265,1175
630.906454,1.705e-30,3,6,1265,1175
630.911491,1.297e-28,3,6,1265,1175
630.915717,6.947e-21,3,7,1265,1175
630.916963,5.384e-30,3,6,1265,1175
630.917168,2.323e-29,3,6,1265,1175
630.928806,1.503e-28,3,6,1265,1175
630.946859,1.708e-28,3,6,1265,1175
630.948513,3.695e-30,3,6,1265,1175
630.965269,1.902e-28,3,6,1265,1175
630.983673,2.072e-28,3,6,1265,1175
630.986779,2.493e-30,3,6,1265,1175
630.988536,1.084e-30,3,6,1265,1175
630.994613,1.857e-27,4,6,1265,1175
631.001731,2.207e-28,3,6,1265,1175
631.005752,3.227e-30,3,6,1265,1175
631.010726,4.844e-25,4,7,1265,1175
631.013585,1.83e-29,3,6,1265,1175
631.019127,2.293e-28,3,6,1265,1175
631.03211,1.655e-30,3,6,1265,1175
631.035379,3.406e-29,3,6,1265,1175
631.03557,2.319e-28,3,6,1265,1175
631.037592,1.887e-26,3,6,1265,1175
631.050794,2.277e-28,3,6,1265,1175
631.052008,9.492e-26,4,6,1265,1175
631.054659,1.071e-30,3,6,1265,1175
631.061122,7.532e-30,3,6,1265,1175
631.064563,2.158e-28,3,6,1265,1175
631.065104,1.03e-26,3,6,1265,1175
631.076667,1.96e-28,3,6,1265,1175
631.084834,1.08e-30,3,6,1265,1175
631.086928,1.684e-28,3,6,1265,1175
631.089523,3.309e-28,3,6,1265,1175
631.095196,1.332e-28,3,6,1265,1175
631.101354,9.069e-29,3,6,1265,1175
631.105315,3.828e-29,3,6,1265,1175
631.112349,6.319e-29,3,6,1265,1175
631.12339,3.844e-28,3,6,1265,1175
631.124428,6.618e-29,3,6,1265,1175
631.127347,1.534e-29,3,6,1265,1175
631.128748,1.238e-28,3,6,1265,1175
631.132794,2.649e-26,3,6,1265,1175
631.143412,1.71e-30,3,6,1265,1175
631.150534,1.125e-28,3,6,1265,1175
631.158363,1.163e-30,3,6,1265,1175
631.171216,2.536e-22,3,7,1265,1175
631.173946,1.09e-30,3,6,1265,1175
631.176982,3.315e-29,3,6,1265,1175
631.178133,3.173e-29,3,6,1265,1175
631.179462,1.865e-29,3,6,1265,1175
631.188237,1.507e-28,3,6,1265,1175
631.200776,1.204e-30,3,6,1265,1175
631.2008,2.274e-26,4,6,1265,1175
631.208164,1.541e-27,3,6,1265,1175
631.212409,1.837e-29,3,6,1265,1175
631.214868,2.113e-29,3,6,1265,1175
631.226157,1.048e-27,4,7,1265,1175
631.234391,2.802e-25,4,6,1265,1175
631.237529,1.813e-28,3,6,1265,1175
631.264162,1.406e-30,3,6,1265,1175
631.266583,2.203e-26,4,6,1265,1175
631.28397,1.158e-30,3,6,1265,1175
631.298402,2.039e-28,3,6,1265,1175
631.300625,6.823e-25,4,6,1265,1175
631.370844,2.182e-28,3,6,1265,1175
631.395117,6.958e-29,3,6,1265,1175
631.430122,3.014e-30,3,3,1265,1176
631.430963,2.995e-30,3,6,1265,1175
631.439926,4.06e-27,3,6,1265,1175
631.454841,2.246e-28,3,6,1265,1175
631.457094,1.182e-23,4,7,1265,1175
631.505435,2.383e-26,4,6,1265,1175
631.508712,2.414e-30,3,6,1265,1175
631.513933,9.593e-28,3,6,1265,1175
631.519699,1.364e-27,4,6,1265,1175
631.526105,1.231e-30,3,6,1265,1175
631.531877,1.173e-25,4,6,1265,1175
631.548609,3.275e-22,3,7,1265,1175
631.550379,2.237e-28,3,6,1265,1175
631.589216,2.867e-30,3,6,1265,1175
631.598351,9.731e-28,3,6,1265,1175
631.599471,3.416e-26,3,6,1265,1175
631.604945,2.611e-28,4,6,1265,1175
631.609884,1.541e-30,3,6,1175,1175
631.611489,1.524e-29,3,6,1265,1175
631.621565,2.604e-26,4,6,1265,1175
631.631201,5.119e-27,4,7,1265,1175
631.644413,7.602e-28,3,6,1265,1175
631.655953,2.774e-29,3,6,1265,1175
631.657438,2.164e-28,3,6,1265,1175
631.668412,1.649e-29,3,6,1265,1175
631.669199,1.322e-23,4,7,1265,1175
631.67019,1.001e-28,3,6,1265,1175
631.68434,1.231e-30,3,6,1265,1175
631.694592,5.171e-30,3,6,1265,1175
631.705128,1.824e-29,3,6,1265,1175
631.722888,1.666e-29,4,6,1265,1175
631.723997,5.746e-25,4,7,1265,1175
631.733826,6.844e-24,4,7,1265,1175
631.753059,4.051e-29,3,6,1265,1175
631.75717,1.167e-28,3,6,1265,1175
631.762485,1.276e-30,3,6,1265,1175
631.775997,2.039e-28,3,6,1265,1175
631.80051,1.14e-26,3,6,1265,1175
631.814276,7.344e-30,3,6,1265,1175
631.842378,6.914e-29,3,6,1265,1175
631.858092,4.292e-28,3,6,1265,1175
631.906033,1.875e-28,3,6,1265,1175
631.907709,2.04e-29,3,6,1265,1175
631.915278,8.763e-29,3,6,1265,1175
631.920464,2.329e-29,3,6,1265,1175
631.923254,2.463e-26,3,6,1265,1175
631.933249,2.169e-22,5,7,1265,1175
631.94868,3.306e-28,4,6,1265,1175
631.950456,3.203e-27,3,6,1265,1175
631.96228,4.147e-24,4,7,1265,1175
631.96603,3.859e-26,4,7,1265,1175
631.973195,1.535e-27,3,6,1265,1175
631.981463,2.612e-26,4,6,1265,1175
631.983975,1.671e-30,3,6,1265,1175
631.985874,3.061e-25,4,6,1265,1175
632.031272,3.612e-27,3,6,1265,1175
632.031998,2.842e-21,3,7,1265,1175
632.039061,3.856e-26,3,6,1265,1175
632.039205,1.596e-29,3,6,1265,1175
632.047519,1.685e-28,3,6,1265,1175
632.071549,2.851e-27,3,6,1265,1175
632.092748,2.461e-26,3,6,1265,1175
632.110667,1.832e-30,3,6,1265,1175
632.151927,7.123e-29,3,6,1265,1175
632.162121,3.27e-30,3,6,1265,1175
632.170588,1.397e-23,4,7,1265,1175
632.200426,1.482e-28,3,6,1265,1175
632.221568,8.755e-29,3,6,1265,1175
632.225723,1.649e-29,3,6,1265,1175
632.225844,1.548e-30,3,6,1265,1175
632.230953,1.137e-27,3,6,1265,1175
632.248544,1.488e-27,4,6,1265,1175
632.309283,7.563e-24,4,7,1265,1175
632.312213,2.62e-30,3,6,1265,1175
632.33009,3.287e-29,3,6,1265,1175
632.331357,1.177e-29,3,6,1265,1175
632.343203,2.985e-30,3,6,1265,1175
632.346793,1.708e-29,3,6,1265,1175
632.360913,8.232e-24,4,7,1265,1175
632.363514,4.749e-28,3,6,1265,1175
632.364722,1.277e-28,3,6,1265,1175
632.387078,2.014e-29,3,6,1265,1175
632.392952,9.601e-21,3,7,1265,1175
632.399922,1.37e-26,3,6,1265,1175
632.423224,6.757e-26,3,6,1265,1175
632.437751,6.786e-25,4,7,1265,1175
632.45166,8.639e-28,3,6,1265,1175
632.472208,4.796e-29,3,6,1265,1175
632.475856,1.514e-30,3,6,1265,1175
632.485059,2.306e-29,3,6,1265,1175
632.505378,1.784e-27,4,7,1265,1175
632.537824,1.256e-26,3,6,1265,1175
632.540371,1.078e-28,3,6,1265,1175
632.540651,9.67e-28,4,6,1265,1175
632.558127,2.137e-29,3,6,1265,1175
632.570595,7.074e-30,3,6,1265,1175
632.573893,7.525e-29,3,6,1265,1175
632.59177,1.691e-30,3,6,1265,1175
632.594287,4.768e-28,3,6,1265,1175
632.595362,1.922e-29,3,6,1265,1175
632.603805,2.94e-29,3,6,1265,1175
632.631703,1.071e-28,3,6,1265,1175
632.653929,3.502e-22,5,7,1265,1175
632.660553,1.055e-29,3,6,1265,1175
632.665041,2.815e-29,3,6,1265,1175
632.675902,1.177e-30,3,7,1265,1175
632.681178,6.988e-29,3,6,1265,1175
632.697839,3.083e-26,4,6,1265,1175
632.701807,2.287e-26,3,6,1265,1175
632.705241,1.977e-30,3,6,1265,1175
632.713811,3.328e-25,4,6,1265,1175
632.727335,8.927e-29,3,6,1265,1175
632.732241,1.963e-26,4,6,1265,1175
632.732798,1.515e-27,3,6,1265,1175
632.781373,1.775e-29,3,6,1265,1175
632.793436,8.064e-25,4,6,1265,1175
632.867968,2.54e-27,3,6,1265,1175
632.88304,1.643e-23,4,7,1265,1175
632.894856,3.55e-30,3,6,1265,1175
632.910077,7.233e-29,3,6,1265,1175
632.91593,3.504e-30,3,6,1265,1175
632.925571,7.254e-29,3,6,1265,1175
632.925767,2.833e-26,4,6,1265,1175
632.927535,1.938e-30,3,6,1265,1175
632.949454,1.341e-27,3,6,1265,1175
632.960191,4.24e-28,4,6,1265,1175
632.965663,1.489e-30,3,6,1265,1175
632.981114,1.615e-27,4,6,1265,1175
633.012974,3.389e-30,3,6,1265,1175
633.036186,1.951e-29,3,6,1265,1175
633.065868,3.889e-29,3,6,1265,1175
633.083569,1.903e-29,3,6,1265,1175
633.089352,3.421e-22,3,7,1265,1175
633.098619,3.086e-30,3,6,1265,1175
633.103933,5.904e-25,4,6,1265,1175
633.119125,3.065e-26,4,6,1265,1175
633.121316,1.034e-24,4,6,1265,1175
633.126493,1.044e-27,3,6,1265,1175
633.135034,5.786e-29,3,6,1265,1175
633.14258,8.352e-27,4,7,1265,1175
633.148636,1.432e-24,4,6,1265,1175
633.153922,7.98e-25,4,7,1265,1175
633.155307,1.05e-27,3,6,1265,1175
633.164181,1.214e-30,3,6,1265,1175
633.1859,1.767e-24,4,6,1265,1175
633.187206,1.788e-30,3,6,1265,1175
633.192823,5.652e-29,3,6,1265,1175
633.207594,1.024e-30,3,6,1265,1175
633.217093,2.579e-26,3,6,1265,1175
633.233116,2.028e-24,4,6,1265,1175
633.234563,1.569e-29,4,6,1265,1175
633.259449,1.262e-23,4,7,1265,1175
633.276299,1.377e-26,3,6,1265,1175
633.278,1.65e-30,3,6,1175,1175
633.28449,5.154e-24,4,7,1265,1175
633.290294,2.209e-24,4,6,1265,1175
633.295975,3.016e-22,3,7,1265,1175
633.303674,9.681e-29,3,6,1265,1175
633.307031,8.146e-29,3,6,1265,1175
633.312232,3.697e-29,3,6,1265,1175
633.327169,6.72e-30,3,6,1265,1175
633.331966,5.269e-28,3,6,1265,1175
633.332942,3.027e-24,4,7,1265,1175
633.348301,5.332e-28,4,6,1265,1175
633.351073,7.45e-29,3,6,1265,1175
633.355221,1.987e-27,3,6,1265,1175
633.355675,4.531e-29,3,6,1265,1175
633.357445,2.309e-24,4,6,1265,1175
633.389698,3.403e-26,3,6,1265,1175
633.400419,1.276e-29,3,6,1265,1175
633.41571,3.622e-26,4,6,1265,1175
633.427959,2.328e-30,3,6,1265,1175
633.434585,2.331e-24,4,6,1265,1175
633.462181,7.735e-29,3,6,1265,1175
633.464321,9.89e-30,3,6,1265,1175
633.465352,3.598e-25,4,6,1265,1175
633.483997,6.604e-26,4,7,1265,1175
633.499196,1.478e-27,3,6,1265,1175
633.508857,7.303e-29,3,6,1265,1175
633.521728,2.283e-24,4,6,1265,1175
633.541412,2.257e-27,3,6,1265,1175
633.559631,1.778e-30,3,6,1265,1175
633.560672,1.656e-29,3,6,1265,1175
633.577906,3.893e-27,3,6,1265,1175
633.579862,2.779e-21,3,7,1265,1175
633.583545,3.114e-30,3,6,1265,1175
633.587442,3.486e-29,3,6,1265,1175
633.599038,1.926e-23,4,7,1265,1175
633.60595,2.048e-26,3,6,1265,1175
633.618892,2.176e-24,4,6,1265,1175
633.621138,4.312e-30,3,6,1265,1175
633.629165,3.833e-30,3,6,1265,1175
633.630106,2.418e-30,3,6,1265,1175
633.647773,6.702e-28,3,6,1265,1175
633.669436,1.574e-27,3,6,1265,1175
633.669711,7.28e-29,3,6,1265,1175
633.672427,5.321e-30,3,6,1265,1175
633.674395,3.448e-26,3,6,1265,1175
633.713302,1.743e-27,4,6,1265,1175
633.726095,2.023e-24,4,6,1265,1175
633.737435,6.109e-30,3,6,1265,1175
633.746453,8.571e-24,4,7,1265,1175
633.749043,4.57e-29,3,6,1265,1175
633.752027,9.777e-27,3,6,1265,1175
633.763099,1.69e-29,3,6,1265,1175
633.779899,1.576e-29,3,6,1265,1175
633.786258,4.729e-26,3,6,1265,1175
633.788263,2.989e-27,4,7,1265,1175
633.806364,3.701e-30,3,6,1265,1175
633.816193,6.655e-30,3,6,1265,1175
633.821816,2.11e-29,3,6,1265,1175
633.830278,2.635e-29,3,6,1265,1175
633.84201,1.103e-29,3,6,1265,1175
633.843357,1.837e-24,4,6,1265,1175
633.855459,3.164e-30,3,6,1265,1175
633.86606,1.379e-30,3,6,1265,1175
633.870801,9.343e-25,4,7,1265,1175
633.873943,1.304e-20,3,7,1265,1175
633.878531,2.398e-25,3,6,1265,1175
633.897729,7.403e-29,3,6,1265,1175
633.900191,9.197e-24,4,7,1265,1175
633.903216,2.103e-30,3,6,1265,1175
633.907112,2.428e-30,3,6,1265,1175
633.908735,6.956e-30,3,6,1265,1175
633.914903,6.632e-29,3,6,1265,1175
633.970697,1.632e-24,4,6,1265,1175
634.000677,4.629e-29,3,6,1265,1175
634.006709,1.146e-29,3,6,1265,1175
634.015104,7.023e-30,3,6,1265,1175
634.016557,1.501e-26,3,6,1265,1175
634.041675,8.77e-29,3,6,1265,1175
634.071133,5.792e-28,3,6,1265,1175
634.084122,1.958e-29,3,6,1265,1175
634.086225,6.281e-30,3,6,1265,1175
634.104453,2.443e-29,3,6,1265,1175
634.108138,1.419e-24,4,6,1265,1175
634.135074,4.238e-26,4,6,1265,1175
634.135345,6.881e-30,3,6,1265,1175
634.140347,4.753e-22,3,7,1265,1175
634.14414,8.462e-29,3,6,1265,1175
634.150725,2.717e-30,4,7,1265,1175
634.152001,4.18e-29,3,6,1265,1175
634.152128,2.729e-30,3,6,1265,1175
634.190689,7.142e-30,3,6,1265,1175
634.198991,3.869e-25,4,6,1265,1175
634.205842,1.16e-27,3,6,1265,1175
634.2557,1.21e-24,4,6,1265,1175
634.261505,1.662e-26,4,6,1265,1175
634.262777,1.425e-27,3,6,1265,1175
634.266925,8.622e-29,3,6,1265,1175
634.269511,6.56e-30,3,6,1265,1175
634.270984,1.805e-26,3,6,1265,1175
634.290158,9.34e-25,4,6,1265,1175
634.290207,1.564e-27,3,6,1265,1175
634.315015,2.246e-23,4,7,1265,1175
634.323504,6.777e-28,4,6,1265,1175
634.323932,2.185e-30,3,6,1265,1175
634.334492,3.003e-30,3,6,1265,1175
634.34621,1.463e-29,3,6,1265,1175
634.348912,1.429e-29,3,6,1265,1175
634.354751,3.299e-26,4,6,1265,1175
634.365046,4.115e-30,3,6,1265,1175
634.390896,1.84e-27,3,6,1265,1175
634.396876,1.867e-29,3,6,1265,1175
634.406088,4.06e-30,3,6,1265,1175
634.413406,1.011e-24,4,6,1265,1175
634.417388,2.259e-29,3,6,1265,1175
634.417658,6.1e-30,3,6,1265,1175
634.430717,7.26e-29,3,6,1265,1175
634.448775,1.872e-27,4,6,1265,1175
634.482779,5.36e-29,3,6,1265,1175
634.561531,2.327e-29,3,6,1265,1175
634.579847,5.542e-30,3,6,1265,1175
634.581278,8.286e-25,4,6,1265,1175
634.589892,1.089e-24,4,7,1265,1175
634.613721,3.218e-30,3,6,1265,1175
634.617995,2.462e-30,3,6,1265,1175
634.620564,3.533e-26,4,6,1265,1175
634.624578,1.026e-29,3,6,1265,1175
634.63258,3.472e-22,3,7,1265,1175
634.638449,7.746e-29,3,6,1265,1175
634.655068,1.341e-26,4,7,1265,1175
634.657903,1.091e-27,3,6,1265,1175
634.6671,4.124e-22,5,7,1265,1175
634.668601,1.427e-27,3,6,1265,1175
634.69449,2.172e-24,4,7,1265,1175
634.709868,5.774e-29,3,6,1265,1175
634.750233,1.407e-29,4,6,1265,1175
634.751983,8.461e-28,4,6,1265,1175
634.753119,1.213e-27,3,6,1265,1175
634.756143,4.925e-30,3,6,1265,1175
634.758075,1.627e-26,3,6,1265,1175
634.759336,6.666e-25,4,6,1265,1175
634.777917,9.388e-29,3,6,1265,1175
634.811781,6.333e-28,3,6,1265,1175
634.832885,3.815e-24,4,7,1265,1175
634.834972,1.914e-26,3,6,1265,1175
634.846116,5.759e-30,3,6,1265,1175
634.851534,1.176e-23,4,7,1265,1175
634.852179,7.164e-29,3,6,1265,1175
634.85593,4.935e-26,4,6,1265,1175
634.860026,4.624e-26,3,6,1265,1175
634.866382,1.492e-27,3,6,1265,1175
634.877747,3.184e-30,3,6,1265,1175
634.878404,3.417e-27,4,6,1265,1175
634.882399,6.03e-30,3,6,1265,1175
634.890354,7.857e-30,3,6,1265,1175
634.900044,5.189e-27,4,6,1265,1175
634.911049,7.241e-30,3,6,1265,1175
634.931303,6.734e-27,4,6,1265,1175
634.942462,9.302e-28,3,6,1265,1175
634.946616,4.285e-30,3,6,1265,1175
634.947602,5.265e-25,4,6,1265,1175
634.951094,4.137e-25,4,6,1265,1175
634.96076,1.659e-30,3,6,1175,1175
634.972183,7.997e-27,4,6,1265,1175
635.001519,1.112e-25,4,7,1265,1175
635.004877,1.756e-27,3,6,1265,1175
635.022685,8.938e-27,4,6,1265,1175
635.029383,9.559e-29,3,6,1265,1175
635.030979,1.354e-27,3,6,1265,1175
635.033654,2.609e-23,4,7,1265,1175
635.034233,5.452e-29,3,6,1265,1175
635.039882,3.714e-30,3,6,1265,1175
635.061269,1.058e-29,3,6,1265,1175
635.075234,4.932e-27,4,7,1265,1175
635.082812,9.541e-27,4,6,1265,1175
635.093757,6.857e-27,3,6,1265,1175
635.102497,4.391e-30,3,6,1265,1175
635.103303,5.976e-29,3,6,1265,1175
635.113834,2.141e-27,3,6,1265,1175
635.121322,4.05e-27,3,6,1265,1175
635.125776,2.646e-21,3,7,1265,1175
635.129989,1.519e-26,3,6,1265,1175
635.14106,3.255e-26,3,6,1265,1175
635.146095,4.084e-25,4,6,1265,1175
635.148542,1.232e-30,3,6,1265,1175
635.151337,3.654e-30,3,6,1265,1175
635.152567,9.812e-27,4,6,1265,1175
635.174071,6.246e-29,3,6,1265,1175
635.184269,1.998e-27,4,6,1265,1175
635.19214,1.014e-30,3,6,1265,1175
635.193172,7.165e-29,3,6,1265,1175
635.19381,9.488e-24,4,7,1265,1175
635.208249,5.026e-30,3,6,1265,1175
635.230188,3.43e-30,3,6,1265,1175
635.231952,9.773e-27,4,6,1265,1175
635.301213,1.686e-29,3,6,1265,1175
635.302713,2.552e-29,3,6,1265,1175
635.302742,5.14e-30,3,6,1265,1175
635.309871,1.264e-24,4,7,1265,1175
635.313463,3.021e-26,3,6,1265,1175
635.320971,9.462e-27,4,6,1265,1175
635.336719,2.87e-30,3,6,1265,1175
635.348152,1.01e-29,3,6,1265,1175
635.354834,3.112e-25,4,6,1265,1175
635.358681,1.742e-20,3,7,1265,1175
635.363457,9.004e-29,3,6,1265,1175
635.370383,3.054e-30,3,6,1265,1175
635.373403,3.244e-30,3,6,1265,1175
635.403051,7.17e-29,3,6,1265,1175
635.412077,6.719e-30,3,6,1265,1175
635.419628,8.928e-27,4,6,1265,1175
635.427476,1.466e-29,3,6,1265,1175
635.441935,1.003e-23,4,7,1265,1175
635.442093,4.774e-25,4,6,1265,1175
635.501283,1.755e-26,3,6,1265,1175
635.515677,9.991e-29,3,6,1265,1175
635.516099,3.431e-30,3,6,1265,1175
635.527926,8.225e-27,4,6,1265,1175
635.553911,6.887e-28,3,6,1265,1175
635.573836,2.33e-25,4,6,1265,1175
635.577544,6.144e-29,3,6,1265,1175
635.578278,5.722e-26,4,6,1265,1175
635.588685,2.622e-30,3,6,1265,1175
635.60383,2.505e-30,3,6,1265,1175
635.604815,3.698e-30,3,6,1265,1175
635.608059,5.156e-30,3,6,1265,1175
635.628308,1.385e-30,3,6,1265,1175
635.63046,6.338e-22,3,7,1265,1175
635.637476,6.172e-30,4,7,1265,1175
635.640442,6.105e-29,3,6,1265,1175
635.645869,7.41e-27,4,6,1265,1175
635.652509,2.731e-29,3,6,1265,1175
635.665894,5.734e-29,3,6,1265,1175
635.689945,4.398e-25,4,6,1265,1175
635.694724,1.066e-27,4,6,1265,1175
635.70645,9.472e-28,3,6,1265,1175
635.717537,4.755e-30,3,6,1265,1175
635.746979,4.575e-30,3,6,1265,1175
635.753021,3.015e-23,4,7,1265,1175
635.773461,6.534e-27,4,6,1265,1175
635.788432,1.38e-26,4,6,1265,1175
635.790774,1.059e-24,4,6,1265,1175
635.792377,3.761e-26,4,6,1265,1175
635.798141,1.266e-27,3,6,1265,1175
635.803116,1.715e-25,4,6,1265,1175
635.811956,2.558e-29,3,6,1265,1175
635.834514,2.304e-30,3,6,1265,1175
635.838249,2.48e-27,3,6,1265,1175
635.84028,1.222e-26,3,6,1265,1175
635.841514,4.658e-30,3,6,1265,1175
635.851758,2.017e-30,3,6,1265,1175
635.864273,1.042e-28,3,6,1265,1175
635.888988,1.438e-30,3,6,1265,1175
635.900565,4.606e-30,3,6,1265,1175
635.906606,7.26e-29,3,6,1265,1175
635.909051,1.184e-29,3,6,1265,1175
635.910707,5.646e-27,4,6,1265,1175
635.92006,1.091e-30,3,6,1265,1175
635.922666,2.121e-27,4,6,1265,1175
635.957016,6.99e-29,3,6,1265,1175
635.976608,1.48e-27,3,6,1265,1175
636.031896,1.46e-24,4,7,1265,1175
636.042687,1.241e-25,4,6,1265,1175
636.045359,2.784e-29,3,6,1265,1175
636.04665,5.543e-22,3,7,1265,1175
636.046836,1.533e-24,4,7,1265,1175
636.05485,3.331e-30,3,6,1265,1175
636.057611,4.782e-27,4,6,1265,1175
636.089928,1.042e-28,3,6,1265,1175
636.113342,8.869e-29,3,6,1265,1175
636.114247,1.594e-30,3,6,1265,1175
636.125865,3.983e-26,4,6,1265,1175
636.1345,3.239e-30,3,6,1265,1175
636.144015,7.282e-28,3,6,1265,1175
636.15985,1.321e-27,4,6,1265,1175
636.163407,1.522e-30,3,6,1265,1175
636.16872,2.118e-26,4,7,1265,1175
636.178237,3.409e-22,3,7,1265,1175
636.184301,1.904e-27,3,6,1265,1175
636.192499,1.107e-27,3,6,1265,1175
636.214177,3.974e-27,4,6,1265,1175
636.245823,1.881e-26,3,6,1265,1175
636.247725,1.269e-27,3,6,1265,1175
636.255016,1.057e-28,3,6,1265,1175
636.269875,1.182e-29,4,6,1265,1175
636.292559,8.824e-26,4,6,1265,1175
636.29326,3.618e-30,3,6,1265,1175
636.297519,7.447e-28,3,6,1265,1175
636.302116,6.603e-26,4,6,1265,1175
636.328948,6.989e-30,3,6,1265,1175
636.333332,4.275e-30,3,6,1265,1175
636.33338,1.088e-30,3,6,1265,1175
636.334269,6.175e-26,3,6,1265,1175
636.366692,8.009e-27,4,7,1265,1175
636.371209,4.48e-30,3,6,1265,1175
636.377342,4.759e-30,3,6,1265,1175
636.378829,2.776e-24,4,7,1265,1175
636.380408,3.241e-27,4,6,1265,1175
636.3868,2.334e-30,3,6,1265,1175
636.391381,1.237e-30,3,6,1265,1175
636.391785,4.138e-30,3,6,1265,1175
636.398079,5.671e-30,3,6,1265,1175
636.402532,4.245e-29,3,6,1265,1175
636.405483,7.019e-30,3,6,1265,1175
636.414396,8.215e-30,3,6,1265,1175
636.415661,1.502e-27,4,6,1265,1175
636.424086,9.273e-30,3,6,1265,1175
636.424966,4.728e-27,3,6,1265,1175
636.425854,1.688e-29,3,6,1265,1175
636.435782,1.02e-29,3,6,1265,1175
636.443054,4.648e-25,4,6,1265,1175
636.445288,1.071e-23,4,7,1265,1175
636.447524,1.099e-29,3,6,1265,1175
636.452876,1.397e-26,3,6,1265,1175
636.455176,5.611e-30,3,6,1265,1175
636.461705,1.342e-27,3,6,1265,1175
636.462275,1.166e-29,3,6,1265,1175
636.47441,3.471e-23,3,7,1265,1175
636.475708,1.22e-29,3,6,1265,1175
636.487589,2.204e-26,3,6,1265,1175
636.493921,1.261e-29,3,6,1265,1175
636.508533,1.29e-29,3,6,1265,1175
636.518752,1.843e-25,4,7,1265,1175
636.530774,1.307e-29,3,6,1265,1175
636.545878,1.314e-29,3,6,1265,1175
636.552741,6.17e-26,4,6,1265,1175
636.556308,2.595e-27,4,6,1265,1175
636.56118,4.768e-30,3,6,1265,1175
636.56414,2.859e-27,3,6,1265,1175
636.568479,1.161e-27,3,6,1265,1175
636.572896,1.309e-29,3,6,1265,1175
636.582094,4.908e-30,3,6,1265,1175
636.587602,1.296e-29,3,6,1265,1175
636.594225,1.131e-28,3,6,1265,1175
636.605212,8.386e-29,3,6,1265,1175
636.620357,1.273e-29,3,6,1265,1175
636.633555,1.242e-29,3,6,1265,1175
636.651293,1.024e-23,4,7,1265,1175
636.658426,1.59e-30,3,6,1175,1175
636.661429,2.238e-27,4,6,1265,1175
636.661568,4.085e-27,3,6,1265,1175
636.66479,9.015e-27,3,6,1265,1175
636.668972,1.166e-30,3,6,1265,1175
636.669626,2.459e-21,3,7,1265,1175
636.673233,1.204e-29,3,6,1265,1175
636.683569,1.161e-29,3,6,1265,1175
636.698368,4.802e-29,3,6,1265,1175
636.719393,3.923e-29,3,6,1265,1175
636.722287,6.734e-29,3,6,1265,1175
636.731606,1.112e-29,3,6,1265,1175
636.737464,1.059e-29,3,6,1265,1175
636.741882,2.041e-27,4,6,1265,1175
636.754952,1.678e-24,4,7,1265,1175
636.776352,3.848e-30,3,6,1265,1175
636.789468,3.02e-29,3,6,1265,1175
636.79505,9.455e-30,3,6,1265,1175
636.795563,1.003e-29,3,6,1265,1175
636.801375,7.018e-30,3,6,1265,1175
636.810944,1.092e-28,3,6,1265,1175
636.811374,3.878e-30,3,6,1265,1175
636.817861,1.2e-28,3,6,1265,1175
636.823237,4.244e-26,4,6,1265,1175
636.840042,1.64e-29,3,6,1265,1175
636.847156,2.285e-20,3,7,1265,1175
636.849986,9.068e-30,3,6,1265,1175
636.856127,8.261e-30,3,6,1265,1175
636.865199,8.856e-30,3,6,1265,1175
636.897011,3.199e-30,3,6,1265,1175
636.920486,7.073e-30,3,6,1265,1175
636.937131,1.577e-27,4,6,1265,1175
636.94061,7.658e-30,3,6,1265,1175
636.95599,2.595e-26,3,6,1265,1175
636.9861,1.066e-23,4,7,1265,1175
636.987914,5.938e-30,3,6,1265,1175
636.991984,2.005e-26,3,6,1265,1175
636.995882,1.111e-28,3,6,1265,1175
637.004925,7.023e-25,4,6,1265,1175
637.021897,6.49e-30,3,6,1265,1175
637.027444,7.586e-26,4,6,1265,1175
637.042604,8.006e-28,3,6,1265,1175
637.058193,4.891e-30,3,6,1265,1175
637.063295,4.917e-30,3,6,1265,1175
637.073693,1.649e-27,4,6,1265,1175
637.077995,1.183e-30,3,6,1265,1175
637.104048,2.87e-26,4,6,1265,1175
637.109164,5.395e-30,3,6,1265,1175
637.111346,1.216e-30,3,6,1265,1175
637.116488,5.647e-28,3,6,1265,1175
637.124258,8.303e-22,3,7,1265,1175
637.130459,8.771e-29,3,6,1265,1175
637.131103,3.954e-30,3,6,1265,1175
637.135561,1.38e-29,4,7,1265,1175
637.136163,3.74e-30,3,6,1265,1175
637.14206,1.198e-27,4,6,1265,1175
637.164998,6.854e-30,3,6,1265,1175
637.186687,4.881e-25,4,6,1265,1175
637.196814,2.711e-29,3,6,1265,1175
637.197059,3.976e-23,3,7,1265,1175
637.202242,2.979e-29,3,6,1265,1175
637.202518,4.401e-30,3,6,1265,1175
637.206427,3.139e-30,3,6,1265,1175
637.219827,2.83e-29,3,6,1265,1175
637.23863,4.193e-26,4,6,1265,1175
637.240874,3.115e-30,3,6,1265,1175
637.260563,5.007e-29,3,6,1265,1175
637.283948,2.447e-30,3,6,1265,1175
637.291506,3.281e-27,3,6,1265,1175
637.295269,1.175e-24,4,6,1265,1175
637.302066,3.524e-30,3,6,1265,1175
637.303366,4.904e-30,3,6,1265,1175
637.305311,1.267e-29,3,6,1265,1175
637.312851,1.125e-26,4,6,1265,1175
637.324236,5.139e-30,3,6,1265,1175
637.337272,9.66e-29,3,6,1265,1175
637.338921,1.04e-27,3,6,1265,1175
637.356669,8.939e-28,4,6,1265,1175
637.363457,1.874e-30,3,6,1265,1175
637.389897,1.063e-24,4,7,1265,1175
637.395174,1.91e-26,4,6,1265,1175
637.399331,5.112e-30,3,6,1265,1175
637.402628,1.24e-30,3,6,1265,1175
637.402771,2.347e-27,4,6,1265,1175
637.407916,2.771e-30,3,6,1265,1175
637.409653,5.774e-27,3,6,1265,1175
637.434646,7.319e-22,3,7,1265,1175
637.444754,1.411e-30,3,6,1265,1175
637.447791,2.117e-30,3,6,1265,1175
637.469556,9.412e-30,3,6,1265,1175
637.47326,1.201e-28,3,6,1265,1175
637.479922,1.921e-24,4,7,1265,1175
637.488954,6.392e-29,3,6,1265,1175
637.497767,4.426e-30,3,6,1265,1175
637.520177,2.141e-30,3,6,1265,1175
637.522624,1.34e-28,3,6,1265,1175
637.527647,1.044e-30,3,6,1265,1175
637.527773,4.304e-28,3,6,1265,1175
637.535036,3.256e-29,3,6,1265,1175
637.547254,1.375e-28,3,6,1265,1175
637.563692,1.703e-27,3,6,1265,1175
637.572015,2.029e-27,4,6,1265,1175
637.580962,6.56e-28,4,6,1265,1175
637.58273,4.537e-30,3,6,1265,1175
637.63501,4.388e-26,4,6,1265,1175
637.638956,1.625e-30,3,6,1265,1175
637.660933,3.122e-30,3,6,1265,1175
637.66302,1.28e-26,4,7,1265,1175
637.683589,3.292e-26,4,7,1265,1175
637.696608,1.25e-26,4,6,1265,1175
637.696728,2.136e-30,3,6,1265,1175
637.702409,2.495e-27,3,6,1265,1175
637.726274,3.218e-22,3,7,1265,1175
637.730202,1.087e-27,3,6,1265,1175
637.738312,1.16e-28,3,6,1265,1175
637.739526,2.124e-26,3,6,1265,1175
637.745513,3.205e-27,3,6,1265,1175
637.754259,8.673e-26,4,6,1265,1175
637.763814,1.803e-27,3,6,1265,1175
637.764358,1.212e-30,3,6,1265,1175
637.789162,8.556e-28,3,6,1265,1175
637.793466,8.985e-30,4,6,1265,1175
637.794703,5.628e-30,3,6,1265,1175
637.812454,8.102e-26,3,6,1265,1175
637.814938,4.733e-28,3,6,1265,1175
637.824054,1.28e-30,3,6,1265,1175
637.825807,1.467e-26,3,6,1265,1175
637.861189,2.837e-30,3,6,1265,1175
637.875992,8.336e-30,3,6,1265,1175
637.900252,6.516e-30,3,6,1265,1175
637.902548,2.948e-30,3,6,1265,1175
637.911657,1.008e-27,3,6,1265,1175
637.921285,4.536e-23,3,7,1265,1175
637.922131,1.985e-24,4,7,1265,1175
637.941191,5.094e-25,4,6,1265,1175
637.95207,1.206e-30,3,6,1265,1175
637.954595,1.229e-29,3,6,1265,1175
637.969551,2.473e-27,4,6,1265,1175
638.008341,8.05e-27,4,6,1265,1175
638.020345,3.747e-27,3,6,1265,1175
638.035849,3.006e-25,4,7,1265,1175
638.040531,9.551e-24,4,7,1265,1175
638.0425,1.106e-28,3,6,1265,1175
638.058599,3.358e-28,3,6,1265,1175
638.067937,5.342e-30,3,6,1265,1175
638.070567,1.002e-26,3,6,1265,1175
638.11164,9.041e-28,3,6,1265,1175
638.11884,1.075e-23,4,7,1265,1175
638.144768,2.446e-27,4,6,1265,1175
638.15255,1.311e-30,3,6,1265,1175
638.156684,1.278e-28,3,6,1265,1175
638.198703,4.008e-27,3,6,1265,1175
638.204507,2.203e-30,3,6,1265,1175
638.206038,2.189e-24,4,7,1265,1175
638.210286,2.613e-27,3,6,1265,1175
638.21129,2.233e-21,3,7,1265,1175
638.222099,5.066e-30,3,6,1265,1175
638.224375,1.637e-28,3,6,1265,1175
638.257034,5.965e-29,3,6,1265,1175
638.278105,1.569e-28,3,6,1265,1175
638.282062,3.489e-29,3,6,1265,1175
638.293789,3.791e-29,3,6,1265,1175
638.302289,9.417e-30,3,6,1265,1175
638.311945,2.344e-28,3,6,1265,1175
638.33036,5.1e-27,4,6,1265,1175
638.339358,2.946e-20,3,7,1265,1175
638.347732,7.977e-30,3,6,1265,1175
638.371376,1.463e-30,3,6,1175,1175
638.379533,1.558e-29,3,6,1265,1175
638.406261,2.776e-29,3,6,1265,1175
638.426262,3.008e-30,3,6,1265,1175
638.460259,2.511e-27,4,6,1265,1175
638.473822,1.491e-29,3,6,1265,1175
638.482272,1.204e-28,3,6,1265,1175
638.482561,9.87e-26,4,6,1265,1175
638.488639,2.236e-26,3,6,1265,1175
638.5201,3.313e-28,3,6,1265,1175
638.527556,6.411e-30,3,6,1265,1175
638.532644,1.1e-23,4,7,1265,1175
638.537193,9.087e-28,3,6,1265,1175
638.567007,9.045e-25,4,6,1265,1175
638.571555,1.375e-30,3,6,1265,1175
638.574975,1.609e-28,3,6,1265,1175
638.588549,1.01e-29,3,6,1265,1175
638.601688,2.187e-26,3,6,1265,1175
638.62173,1.068e-21,3,7,1265,1175
638.622144,1.239e-28,4,6,1265,1175
638.640936,3.054e-29,3,6,1265,1175
638.644392,3.034e-29,4,7,1265,1175
638.647129,5.149e-23,3,7,1265,1175
638.662646,3.18e-27,4,6,1265,1175
638.670617,2.128e-30,3,6,1265,1175
638.689229,5.28e-25,4,6,1265,1175
638.693497,4.563e-26,4,6,1265,1175
638.72359,7.254e-25,4,7,1265,1175
638.743667,6.818e-30,3,6,1265,1175
638.750656,4.258e-27,3,6,1265,1175
638.753601,3.166e-29,3,6,1265,1175
638.760472,2.008e-30,3,6,1265,1175
638.774711,1.262e-28,3,6,1265,1175
638.803623,1.274e-24,4,6,1265,1175
638.813193,5.513e-30,3,6,1265,1175
638.822427,2.896e-30,3,6,1265,1175
638.831107,9.493e-22,3,7,1265,1175
638.834588,9.01e-27,4,6,1265,1175
638.847687,1.087e-28,3,6,1265,1175
638.885142,7.548e-28,3,6,1265,1175
638.889072,2.532e-27,4,6,1265,1175
638.890475,2.244e-27,3,6,1265,1175
638.891475,1.377e-30,3,6,1265,1175
638.902347,5.543e-30,3,6,1265,1175
638.904258,2.503e-28,3,6,1265,1175
638.93396,2.482e-24,4,7,1265,1175
638.937689,1.991e-28,3,6,1265,1175
638.946328,4.009e-29,3,6,1265,1175
638.946742,5.773e-30,3,6,1265,1175
638.964578,2.015e-26,4,7,1265,1175
638.988589,3.066e-27,4,6,1265,1175
639.005178,1.951e-27,4,6,1265,1175
639.005831,2.728e-30,3,6,1265,1175
639.010334,9.028e-30,3,6,1265,1175
639.010414,1.78e-28,3,6,1265,1175
639.02651,5.454e-29,3,6,1265,1175
639.027374,7.349e-30,3,6,1265,1175
639.030544,3.716e-29,3,6,1265,1175
639.052502,1.164e-30,3,6,1265,1175
639.055262,2.137e-27,3,6,1265,1175
639.092629,1.241e-30,3,6,1265,1175
639.093947,1.325e-28,3,6,1265,1175
639.130079,7.22e-29,3,6,1265,1175
639.147981,4.715e-26,4,6,1265,1175
639.155684,9.611e-27,3,6,1265,1175
639.192996,2.853e-30,3,6,1265,1175
639.193936,1.07e-29,3,6,1265,1175
639.199728,5.032e-26,4,7,1265,1175
639.212348,1.118e-25,4,6,1265,1175
639.222925,3.212e-27,3,6,1265,1175
639.227785,1.24e-28,3,6,1265,1175
639.239167,2.338e-26,3,6,1265,1175
639.247558,8.758e-30,3,6,1265,1175
639.261851,7.266e-30,3,6,1265,1175
639.270939,1.026e-27,3,6,1265,1175
639.276642,2.893e-22,3,7,1265,1175
639.286692,9.59e-28,3,6,1265,1175
639.294605,1.044e-25,3,6,1265,1175
639.302334,1.218e-29,3,6,1265,1175
639.320496,1.469e-30,3,6,1265,1175
639.320984,5.651e-30,4,6,1265,1175
639.341677,1.665e-30,3,6,1265,1175
639.354485,7.438e-28,3,6,1265,1175
639.357929,1.178e-27,4,6,1265,1175
639.374258,5.82e-23,3,7,1265,1175
639.422148,4.721e-29,3,6,1265,1175
639.440239,1.311e-30,3,6,1265,1175
639.445462,5.434e-25,4,6,1265,1175
639.462596,1.396e-24,4,7,1265,1175
639.482438,4.816e-27,3,6,1265,1175
639.485962,1.433e-28,3,6,1265,1175
639.498462,1.432e-30,3,6,1265,1175
639.525624,3.368e-27,4,6,1265,1175
639.534281,7.102e-30,3,6,1265,1175
639.552953,4.824e-25,4,7,1265,1175
639.560002,5.646e-30,3,6,1265,1175
639.567304,2.108e-27,3,6,1265,1175
639.568819,2.072e-30,3,6,1265,1175
639.591389,1.232e-30,3,6,1265,1175
639.596392,1.095e-23,4,7,1265,1175
639.634267,2.603e-27,4,6,1265,1175
639.637073,8.341e-24,4,7,1265,1175
639.642833,1.437e-30,3,6,1265,1175
639.643357,2.412e-28,3,6,1265,1175
639.660407,5.952e-28,3,6,1265,1175
639.663117,2.802e-24,4,7,1265,1175
639.673944,6.548e-30,3,6,1265,1175
639.687798,7.066e-27,3,6,1265,1175
639.716738,1.39e-28,3,6,1265,1175
639.720869,7.001e-28,4,6,1265,1175
639.72389,3.038e-29,3,6,1265,1175
639.732798,3.836e-27,3,6,1265,1175
639.744179,2.011e-28,3,6,1265,1175
639.750639,1.985e-21,3,7,1265,1175
639.780479,3.932e-29,3,6,1265,1175
639.797388,4.863e-29,3,6,1265,1175
639.805508,1.242e-29,3,6,1265,1175
639.835276,3.729e-20,3,7,1265,1175
639.841627,6.883e-30,3,6,1265,1175
639.854275,3.76e-27,4,6,1265,1175
639.889294,2.94e-29,3,6,1265,1175
639.917052,1.913e-28,3,6,1265,1175
639.919624,1.448e-29,3,6,1265,1175
639.943619,1.26e-25,4,6,1265,1175
639.961132,2.659e-30,3,6,1265,1175
639.97483,1.267e-28,3,6,1265,1175
639.991228,2.428e-26,3,6,1265,1175
639.997588,8.192e-30,3,6,1265,1175
640.017633,1.462e-29,3,6,1265,1175
640.035302,1.923e-29,3,6,1265,1175
640.037659,1.005e-27,3,6,1265,1175
640.047836,4.868e-25,4,7,1265,1175
640.047866,1.818e-30,3,6,1265,1175
640.070873,1.558e-30,3,6,1265,1175
640.075217,3.205e-29,3,6,1265,1175
640.081526,1.099e-23,4,7,1265,1175
640.093963,4.095e-28,4,6,1265,1175
640.09454,1.932e-29,3,6,1265,1175
640.100071,1.302e-30,3,6,1175,1175
640.103227,6.546e-23,4,7,1265,1175
640.11558,1.722e-28,4,6,1265,1175
640.122864,1.349e-21,3,7,1265,1175
640.128326,1.076e-24,4,6,1265,1175
640.156961,4.838e-26,4,6,1265,1175
640.163393,6.568e-29,4,7,1265,1175
640.197578,5.552e-25,4,6,1265,1175
640.215689,5.421e-27,3,6,1265,1175
640.218858,1.62e-28,3,6,1265,1175
640.228174,2.907e-27,3,6,1265,1175
640.236044,1.209e-21,3,7,1265,1175
640.250261,1.809e-26,3,6,1265,1175
640.271708,3.12e-26,4,7,1265,1175
640.273337,1.433e-28,3,6,1265,1175
640.276099,1.273e-30,3,6,1265,1175
640.287962,1.085e-28,3,6,1265,1175
640.291474,1.846e-28,3,6,1265,1175
640.292347,6.273e-29,3,6,1265,1175
640.296695,2.476e-28,3,6,1265,1175
640.303758,2.981e-28,3,6,1265,1175
640.306534,3.27e-29,3,6,1265,1175
640.307962,1.483e-28,3,6,1265,1175
640.308362,5.734e-30,3,6,1265,1175
640.312811,3.358e-28,3,6,1265,1175
640.31582,1.346e-24,4,6,1265,1175
640.323999,3.604e-28,3,6,1265,1175
640.326107,7.487e-30,3,6,1265,1175
640.332588,2.173e-28,3,6,1265,1175
640.337459,3.721e-28,3,6,1265,1175
640.353315,3.719e-28,3,6,1265,1175
640.35346,7.086e-27,4,6,1265,1175
640.354086,1.401e-27,3,6,1265,1175
640.356379,1.199e-29,3,6,1265,1175
640.358515,2.909e-28,3,6,1265,1175
640.366325,2.738e-28,3,6,1265,1175
640.371676,3.613e-28,3,6,1265,1175
640.381551,2.656e-27,4,6,1265,1175
640.386613,1.489e-30,3,6,1265,1175
640.39264,3.421e-28,3,6,1265,1175
640.393999,3.147e-24,4,7,1265,1175
640.401769,7.391e-30,3,6,1265,1175
640.409283,3.175e-28,3,6,1265,1175
640.409577,5.861e-30,3,6,1265,1175
640.409674,4.556e-27,4,6,1265,1175
640.416294,3.164e-28,3,6,1265,1175
640.436816,4.295e-28,3,6,1265,1175
640.442718,2.861e-28,3,6,1265,1175
640.46157,3.48e-28,3,6,1265,1175
640.471991,2.533e-28,3,6,1265,1175
640.47717,2.358e-28,4,6,1265,1175
640.477194,6.193e-27,3,6,1265,1175
640.479399,2.259e-28,3,6,1265,1175
640.504186,2.198e-28,3,6,1265,1175
640.52328,3.653e-28,3,6,1265,1175
640.531864,4.132e-29,3,6,1265,1175
640.539376,1.87e-28,3,6,1265,1175
640.540587,1.287e-29,3,6,1265,1175
640.548361,4.645e-26,3,6,1265,1175
640.548376,5.866e-26,3,6,1265,1175
640.5484,3.165e-26,3,6,1265,1175
640.548446,1.337e-26,3,6,1265,1175
640.548507,6.821e-26,3,6,1265,1175
640.548833,7.498e-26,3,6,1265,1175
640.549448,7.896e-26,3,6,1265,1175
640.550461,8.027e-26,3,6,1265,1175
640.551997,7.917e-26,3,6,1265,1175
640.554195,7.601e-26,3,6,1265,1175
640.557207,7.118e-26,3,6,1265,1175
640.5612,6.515e-26,3,6,1265,1175
640.563107,3.247e-30,3,6,1265,1175
640.564349,2.312e-26,3,6,1265,1175
640.56635,5.834e-26,3,6,1265,1175
640.56966,4.2e-29,3,6,1265,1175
640.572848,5.117e-26,3,6,1265,1175
640.577637,1.561e-28,3,6,1265,1175
640.580892,4.4e-26,3,6,1265,1175
640.582141,5.638e-30,3,6,1265,1175
640.588163,3.931e-26,3,6,1265,1175
640.590691,3.711e-26,3,6,1265,1175
640.594487,3.701e-28,3,6,1265,1175
640.602463,3.071e-26,3,6,1265,1175
640.603236,1.157e-29,3,6,1265,1175
640.61643,2.495e-26,3,6,1265,1175
640.619042,1.279e-28,3,6,1265,1175
640.622555,5.268e-26,3,6,1265,1175
640.632823,1.991e-26,3,6,1265,1175
640.634375,3.153e-29,3,6,1265,1175
640.651874,1.561e-26,3,6,1265,1175
640.663667,1.029e-28,3,6,1265,1175
640.664758,4.931e-26,4,6,1265,1175
640.66752,6.339e-26,3,6,1265,1175
640.673822,1.202e-26,3,6,1265,1175
640.675245,3.638e-28,3,6,1265,1175
640.676373,1.413e-25,4,6,1265,1175
640.687114,7.353e-30,3,6,1265,1175
640.698904,9.101e-27,3,6,1265,1175
640.709835,1.635e-29,3,6,1265,1175
640.71159,8.133e-29,3,6,1265,1175
640.717184,7.567e-26,4,7,1265,1175
640.723051,7.131e-26,3,6,1265,1175
640.723417,1.285e-28,3,6,1265,1175
640.72642,1.409e-28,3,6,1265,1175
640.727358,6.773e-27,3,6,1265,1175
640.730665,2.427e-30,3,6,1265,1175
640.734202,1.748e-29,3,6,1265,1175
640.734765,9.189e-30,3,6,1265,1175
640.744727,2.504e-26,3,6,1265,1175
640.745848,4.059e-27,3,6,1265,1175
640.759419,4.955e-27,3,6,1265,1175
640.762886,6.316e-29,3,6,1265,1175
640.765584,3.48e-28,3,6,1265,1175
640.780738,1.322e-25,3,6,1265,1175
640.789136,7.638e-26,3,6,1265,1175
640.78994,5.397e-28,3,6,1265,1175
640.79009,1.046e-27,3,6,1265,1175
640.795322,3.564e-27,3,6,1265,1175
640.81464,9.231e-28,3,6,1265,1175
640.817634,4.821e-29,3,6,1265,1175
640.822685,1.642e-30,3,6,1265,1175
640.829295,2.435e-22,3,7,1265,1175
640.833307,7.329e-23,4,7,1265,1175
640.835294,2.521e-27,3,6,1265,1175
640.852404,1.945e-30,4,6,1265,1175
640.865518,3.247e-28,3,6,1265,1175
640.865766,7.868e-26,3,6,1265,1175
640.870448,1.337e-28,4,6,1265,1175
640.875908,3.616e-29,3,6,1265,1175
640.879556,1.754e-27,3,6,1265,1175
640.928322,1.2e-27,3,6,1265,1175
640.935621,1.821e-28,3,6,1265,1175
640.937784,2.667e-29,3,6,1265,1175
640.950409,6.07e-27,3,6,1265,1175
640.952926,7.841e-26,3,6,1265,1175
640.955824,5.628e-25,4,6,1265,1175
640.971922,1.078e-30,3,6,1265,1175
640.975045,2.96e-28,3,6,1265,1175
640.981793,8.077e-28,3,6,1265,1175
641.000025,9.658e-25,4,7,1265,1175
641.003334,1.935e-29,3,6,1265,1175
641.027504,4.44e-30,3,6,1265,1175
641.040163,5.348e-28,3,6,1265,1175
641.050602,7.592e-26,3,6,1265,1175
641.058269,5.772e-30,3,6,1265,1175
641.066845,2.266e-30,3,6,1265,1175
641.067902,3.494e-28,3,6,1265,1175
641.070204,7.618e-25,4,7,1265,1175
641.072626,1.38e-29,3,6,1265,1175
641.077442,1.041e-30,3,6,1265,1175
641.083858,4.149e-27,4,6,1265,1175
641.083893,1.077e-23,4,7,1265,1175
641.093102,8.841e-30,3,6,1265,1175
641.094152,2.641e-28,3,6,1265,1175
641.103609,3.483e-28,3,6,1265,1175
641.119222,7.897e-30,3,6,1265,1175
641.126182,3.518e-24,4,7,1265,1175
641.129912,2.689e-27,4,6,1265,1175
641.131874,8.304e-30,3,6,1265,1175
641.139777,1.533e-30,3,6,1265,1175
641.145727,9.679e-30,3,6,1265,1175
641.158777,7.159e-26,3,6,1265,1175
641.172295,2.231e-28,3,6,1265,1175
641.183196,3.504e-30,3,6,1265,1175
641.214731,2.647e-28,3,6,1265,1175
641.216072,2.525e-28,3,6,1265,1175
641.222694,6.678e-30,3,6,1265,1175
641.222815,2.307e-28,3,6,1265,1175
641.234717,7.142e-24,4,7,1265,1175
641.246368,1.407e-28,3,6,1265,1175
641.255599,5.538e-27,4,6,1265,1175
641.258896,1.122e-30,3,6,1265,1175
641.263933,3.587e-27,3,6,1265,1175
641.273749,7.458e-29,4,6,1265,1175
641.274369,1.461e-28,3,6,1265,1175
641.27743,6.59e-26,3,6,1265,1175
641.284698,4.311e-29,3,6,1265,1175
641.287536,1.728e-21,3,7,1265,1175
641.303583,4.533e-30,3,6,1265,1175
641.304314,4.902e-27,3,6,1265,1175
641.307094,1.087e-28,3,6,1265,1175
641.311055,1.608e-29,3,6,1265,1175
641.325958,8.724e-29,3,6,1265,1175
641.331918,5.828e-30,3,6,1265,1175
641.334897,4.634e-20,3,7,1265,1175
641.343326,3.477e-29,3,6,1265,1175
641.361002,1.975e-28,3,6,1265,1175
641.36256,3.213e-25,4,7,1265,1175
641.377542,2.639e-30,3,6,1265,1175
641.38691,2.374e-27,3,6,1265,1175
641.38844,3.027e-30,3,6,1265,1175
641.406542,5.93e-26,3,6,1265,1175
641.408771,1.001e-30,3,6,1265,1175
641.410609,1.577e-25,4,6,1265,1175
641.411176,5.323e-29,3,6,1265,1175
641.45225,2.081e-29,3,6,1265,1175
641.460258,1.317e-29,3,6,1265,1175
641.473381,1.025e-29,3,6,1265,1175
641.473535,1.291e-28,3,6,1265,1175
641.477302,1.989e-30,3,6,1265,1175
641.484595,2.242e-29,3,6,1265,1175
641.499732,2.562e-26,3,6,1265,1175
641.501594,2.157e-30,3,6,1265,1175
641.502113,3.196e-29,3,6,1265,1175
641.508676,1.659e-28,3,6,1265,1175
641.522606,3.263e-29,3,6,1265,1175
641.543984,1.081e-27,3,6,1265,1175
641.546089,5.221e-26,3,6,1265,1175
641.565349,8.164e-23,3,7,1265,1175
641.570199,1.285e-30,3,6,1265,1175
641.575929,1.718e-30,3,6,1265,1175
641.576874,3.697e-27,3,6,1265,1175
641.584731,4.756e-26,4,7,1265,1175
641.598836,1.888e-29,3,6,1265,1175
641.610849,2.352e-28,4,6,1265,1175
641.627647,1.672e-21,3,7,1265,1175
641.629004,4.986e-26,4,6,1265,1175
641.632706,1.058e-23,4,7,1265,1175
641.634877,8.074e-29,3,6,1265,1175
641.641865,9.034e-28,3,6,1265,1175
641.649467,1.512e-21,3,7,1265,1175
641.665796,1.367e-28,3,6,1265,1175
641.669657,2.04e-28,3,6,1265,1175
641.686595,6.763e-27,3,6,1265,1175
641.68702,4.097e-29,4,6,1265,1175
641.688875,1.21e-24,4,6,1265,1175
641.691999,1.399e-28,4,7,1265,1175
641.696045,4.504e-26,3,6,1265,1175
641.701391,1.098e-29,3,6,1265,1175
641.711743,5.657e-25,4,6,1265,1175
641.737225,1.544e-30,3,6,1265,1175
641.779222,1.163e-30,3,6,1265,1175
641.783923,1.323e-29,3,6,1265,1175
641.78508,4.179e-28,3,6,1265,1175
641.790319,3.926e-27,3,6,1265,1175
641.809721,5.754e-30,3,6,1265,1175
641.809801,6.28e-30,3,6,1265,1175
641.831839,1.384e-24,4,6,1265,1175
641.832316,1.105e-28,3,6,1265,1175
641.835366,6.659e-27,4,6,1265,1175
641.841626,1.145e-28,3,6,1265,1175
641.845029,1.125e-30,3,6,1175,1175
641.856385,3.808e-26,3,6,1265,1175
641.860025,3.913e-24,4,7,1265,1175
641.860995,3.269e-29,3,6,1265,1175
641.86284,9.283e-30,3,6,1265,1175
641.869275,5.475e-27,4,6,1265,1175
641.880188,2.699e-27,4,6,1265,1175
641.888052,1.566e-30,3,6,1265,1175
641.9014,1.469e-26,3,6,1265,1175
641.913425,8.297e-30,3,6,1265,1175
641.920977,6.03e-30,3,6,1265,1175
641.924062,3.536e-30,3,6,1265,1175
641.954197,2.808e-28,3,6,1265,1175
641.967416,1.503e-29,3,6,1265,1175
641.993949,1.128e-28,3,6,1265,1175
642.008184,8.782e-29,3,6,1265,1175
642.027077,3.158e-26,3,6,1265,1175
642.038977,4.465e-29,3,6,1265,1175
642.044145,1.959e-30,3,6,1265,1175
642.110206,2.216e-29,4,6,1265,1175
642.11838,2.709e-29,3,6,1265,1175
642.119632,3.654e-30,3,6,1265,1175
642.120501,2.441e-26,3,6,1265,1175
642.132019,1.181e-30,3,6,1265,1175
642.133485,4.251e-30,3,6,1265,1175
642.146324,1.751e-25,4,6,1265,1175
642.169993,1.068e-30,3,6,1265,1175
642.171598,2.467e-29,3,6,1265,1175
642.185321,5.002e-26,4,6,1265,1175
642.193347,6.852e-29,3,6,1265,1175
642.208091,2.57e-26,3,6,1265,1175
642.213433,1.138e-29,3,6,1265,1175
642.217768,3.85e-28,3,6,1265,1175
642.225188,1.286e-28,3,6,1265,1175
642.236006,1.119e-25,4,7,1265,1175
642.256187,2.601e-26,3,6,1265,1175
642.270869,1.643e-25,3,6,1265,1175
642.271174,5.034e-27,3,6,1265,1175
642.273915,1.855e-30,3,6,1265,1175
642.298414,9.052e-23,3,7,1265,1175
642.299336,1.108e-27,3,6,1265,1175
642.324235,2.437e-29,3,6,1265,1175
642.330604,1.783e-30,3,6,1265,1175
642.361243,7.772e-28,3,6,1265,1175
642.37079,1.451e-28,3,6,1265,1175
642.384191,1.854e-22,3,7,1265,1175
642.387744,5.254e-29,3,6,1265,1175
642.391497,2.272e-28,3,6,1265,1175
642.394076,9.784e-30,4,6,1265,1175
642.399393,2.053e-26,3,6,1265,1175
642.402124,2.914e-29,3,6,1265,1175
642.40895,1.716e-29,4,6,1265,1175
642.424246,7.495e-27,3,6,1265,1175
642.432321,2.378e-29,4,6,1265,1175
642.464186,2.941e-29,4,6,1265,1175
642.472238,5.634e-25,4,6,1265,1175
642.498019,4.977e-28,3,6,1265,1175
642.504541,3.384e-29,4,6,1265,1175
642.52256,1.294e-30,3,6,1265,1175
642.534209,6.57e-25,4,7,1265,1175
642.543248,1.18e-29,3,6,1265,1175
642.553382,3.697e-29,4,6,1265,1175
642.562714,5.675e-30,3,6,1265,1175
642.581287,1.015e-23,4,7,1265,1175
642.587734,1.183e-24,4,7,1265,1175
642.591311,3.959e-29,3,6,1265,1175
642.595221,4.33e-24,4,7,1265,1175
642.595872,1.033e-29,3,6,1265,1175
642.600946,1.61e-26,3,6,1265,1175
642.610702,3.877e-29,4,6,1265,1175
642.625714,1.266e-28,3,6,1265,1175
642.625943,1.086e-29,3,6,1265,1175
642.631685,2.686e-27,4,6,1265,1175
642.631922,3.529e-30,3,6,1265,1175
642.643341,1.588e-30,3,6,1265,1175
642.644238,4.787e-27,4,6,1265,1175
642.664095,8.022e-27,4,6,1265,1175
642.667692,2.086e-25,4,7,1265,1175
642.676493,3.929e-29,4,6,1265,1175
642.689961,6.081e-29,3,6,1265,1175
642.693772,3.106e-28,3,6,1265,1175
642.709109,8.668e-30,3,6,1265,1175
642.750748,3.865e-29,4,6,1265,1175
642.7922,3.28e-27,3,6,1265,1175
642.7947,4.587e-29,3,6,1265,1175
642.795278,5.832e-30,3,6,1265,1175
642.803974,2.933e-29,3,6,1265,1175
642.812714,1.241e-26,3,6,1265,1175
642.818868,4.844e-30,3,6,1265,1175
642.818949,2.045e-29,3,6,1265,1175
642.821837,1.475e-21,3,7,1265,1175
642.829563,1.491e-28,3,6,1265,1175
642.833251,5.998e-24,4,7,1265,1175
642.833443,1.246e-30,3,6,1265,1175
642.833457,3.703e-29,4,6,1265,1175
642.838208,5.652e-20,3,7,1265,1175
642.839297,1.358e-30,3,6,1175,1175
642.851627,1.448e-30,3,6,1265,1175
642.856622,1.386e-30,3,6,1265,1175
642.858311,1.124e-30,3,6,1265,1175
642.863184,1.121e-30,3,6,1175,1175
642.873642,1.591e-30,3,6,1265,1175
642.883517,1.935e-25,4,6,1265,1175
642.892398,2.911e-29,3,6,1265,1175
642.894317,1.354e-30,3,6,1265,1175
642.894821,1.922e-29,3,6,1265,1175
642.899488,1.674e-30,3,6,1265,1175
642.902509,2.701e-26,3,6,1265,1175
642.903948,7.133e-26,4,7,1265,1175
642.918487,5.731e-28,3,6,1265,1175
642.919853,3.345e-27,3,6,1265,1175
642.92461,3.461e-29,4,6,1265,1175
642.929167,1.701e-30,3,6,1265,1175
642.936651,4.617e-27,3,6,1265,1175
642.938786,1.526e-30,3,6,1265,1175
642.954921,1.256e-29,3,6,1265,1175
642.962679,1.676e-30,3,6,1265,1175
642.978368,1.267e-28,3,6,1265,1175
642.983039,3.208e-29,3,6,1265,1175
642.986082,6.187e-30,3,6,1265,1175
642.988749,4.477e-29,3,6,1265,1175
642.991714,1.639e-30,3,6,1265,1175
643.000025,1.607e-30,3,6,1265,1175
643.00139,1.173e-29,3,6,1265,1175
643.002548,7.143e-30,3,6,1265,1175
643.01413,2.617e-26,3,6,1265,1175
643.015343,1.803e-30,3,6,1175,1175
643.024196,3.162e-29,4,6,1265,1175
643.025653,2.136e-29,3,6,1265,1175
643.033488,9.986e-23,3,7,1265,1175
643.034654,9.397e-27,3,6,1265,1175
643.041205,1.503e-30,3,6,1265,1175
643.047625,1.526e-30,3,6,1265,1175
643.053093,1.693e-30,3,6,1265,1175
643.056146,1.127e-27,3,6,1265,1175
643.067615,1.58e-30,3,6,1175,1175
643.07138,1.855e-21,3,7,1265,1175
643.079393,1.68e-29,3,6,1265,1175
643.086218,1.374e-30,3,6,1265,1175
643.086705,1.836e-30,3,6,1265,1175
643.09505,2.449e-27,3,6,1265,1175
643.108024,3.159e-28,4,6,1265,1175
643.109607,4.974e-26,4,6,1265,1175
643.122917,1.692e-30,3,6,1265,1175
643.127056,2.52e-28,3,6,1265,1175
643.132201,2.827e-29,4,6,1265,1175
643.135064,1.229e-30,3,6,1265,1175
643.136066,2.033e-21,3,7,1265,1175
643.156796,3.969e-30,3,6,1265,1175
643.16336,8.263e-27,3,6,1265,1175
643.186146,9.71e-24,4,7,1265,1175
643.18774,1.077e-30,3,6,1265,1175
643.201176,1.644e-30,3,6,1265,1175
643.217364,5.902e-28,3,6,1265,1175
643.219303,2.173e-30,3,6,1175,1175
643.222454,2.581e-27,3,6,1265,1175
643.229656,2.932e-28,4,7,1265,1175
643.231728,5.556e-25,4,6,1265,1175
643.231788,1.431e-30,3,6,1265,1175
643.248613,2.476e-29,4,6,1265,1175
643.248654,1.303e-24,4,6,1265,1175
643.256253,1.53e-29,3,6,1265,1175
643.265754,9.57e-27,4,6,1265,1175
643.266725,6.993e-27,3,6,1265,1175
643.287863,1.557e-30,3,6,1265,1175
643.307307,1.989e-30,3,6,1175,1175
643.317246,5.533e-30,3,6,1265,1175
643.322651,4.028e-30,3,6,1265,1175
643.329182,7.14e-30,3,6,1265,1175
643.329947,1.143e-29,3,6,1265,1175
643.332026,4.768e-24,4,7,1265,1175
643.337311,9.784e-30,3,6,1265,1175
643.340213,1.917e-29,3,6,1265,1175
643.347064,1.211e-29,3,6,1265,1175
643.351663,1.38e-24,4,6,1265,1175
643.358348,1.417e-29,3,6,1265,1175
643.371293,1.599e-29,3,6,1265,1175
643.373416,2.126e-29,4,6,1265,1175
643.381839,4.158e-27,4,6,1265,1175
643.382965,1.439e-30,3,6,1265,1175
643.384962,2.646e-27,4,6,1265,1175
643.385639,1.758e-29,3,6,1265,1175
643.395801,1.596e-30,3,6,1265,1175
643.39911,1.413e-28,3,6,1265,1175
643.401757,1.894e-29,3,6,1265,1175
643.416935,3.146e-29,3,6,1265,1175
643.419047,2.009e-29,3,6,1265,1175
643.434796,3.417e-28,3,6,1265,1175
643.436506,6.014e-30,3,6,1265,1175
643.438348,2.101e-29,3,6,1265,1175
643.438644,3.194e-30,3,6,1265,1175
643.451151,2.427e-30,3,6,1175,1175
643.458444,2.172e-29,3,6,1265,1175
643.474093,8.91e-30,3,6,1265,1175
643.480972,2.222e-29,3,6,1265,1175
643.486473,1.301e-30,3,6,1265,1175
643.492793,1.466e-30,3,6,1265,1175
643.495664,1.077e-29,3,6,1265,1175
643.50371,2.252e-29,3,6,1265,1175
643.505539,8.997e-30,3,6,1265,1175
643.506596,1.791e-29,4,6,1265,1175
643.508882,5.115e-27,3,6,1265,1175
643.529553,2.263e-29,3,6,1265,1175
643.551863,4.673e-29,3,6,1265,1175
643.554744,2.257e-29,3,6,1265,1175
643.554787,1.172e-26,3,6,1265,1175
643.5822,2.298e-30,3,6,1175,1175
643.582577,1.62e-30,3,6,1265,1175
643.584036,2.233e-29,3,6,1265,1175
643.598373,1.151e-30,3,6,1265,1175
643.611459,2.195e-29,3,6,1265,1175
643.614521,3.42e-29,3,6,1265,1175
643.622186,2.126e-25,4,6,1265,1175
643.637714,2.701e-28,3,6,1265,1175
643.644386,2.142e-29,3,6,1265,1175
643.648135,1.48e-29,4,6,1265,1175
643.672645,1.156e-29,3,6,1265,1175
643.673786,2.078e-29,3,6,1265,1175
643.675429,3.938e-30,3,6,1265,1175
643.681023,3.151e-30,3,6,1265,1175
643.697842,1.378e-29,3,6,1265,1175
643.703096,3.012e-26,3,6,1265,1175
643.709651,4.901e-26,4,6,1265,1175
643.710587,2.004e-29,3,6,1265,1175
643.710889,2.551e-30,3,6,1175,1175
643.733077,1.235e-28,3,6,1265,1175
643.741664,1.921e-29,3,6,1265,1175
643.743754,7.462e-30,3,6,1265,1175
643.756239,1.627e-25,4,7,1265,1175
643.761078,3.679e-27,3,6,1265,1175
643.765006,2.004e-25,3,6,1265,1175
643.76956,1.096e-22,3,7,1265,1175
643.773527,2.609e-26,3,6,1265,1175
643.782635,1.83e-29,3,6,1265,1175
643.798016,1.201e-29,4,6,1265,1175
643.798898,6.123e-27,3,6,1265,1175
643.814409,1.136e-27,3,6,1265,1175
643.815045,1.735e-29,3,6,1265,1175
643.82272,1.179e-30,3,6,1265,1175
643.844231,1.875e-30,3,6,1265,1175
643.853602,2.779e-28,3,6,1265,1175
643.860537,1.636e-29,3,6,1265,1175
643.892263,2.482e-30,3,6,1175,1175
643.893886,1.534e-29,3,6,1265,1175
643.900864,1.624e-30,3,6,1265,1175
643.903936,9.06e-27,3,6,1265,1175
643.910692,5.919e-28,3,6,1265,1175
643.933715,6.968e-28,3,6,1265,1175
643.94129,1.168e-22,4,7,1265,1175
643.944309,1.431e-29,3,6,1265,1175
643.95622,9.579e-30,4,6,1265,1175
643.963168,1.333e-25,4,7,1265,1175
643.97426,1.577e-30,3,6,1265,1175
643.978147,1.329e-29,3,6,1265,1175
643.994662,5.42e-25,4,6,1265,1175
643.998542,2.55e-30,3,6,1175,1175
644.000358,5.084e-30,3,6,1265,1175
644.015436,1.852e-29,3,6,1265,1175
644.023262,2.601e-27,3,6,1265,1175
644.027192,1.45e-28,3,6,1265,1175
644.03397,1.227e-29,3,6,1265,1175
644.06494,4.396e-25,4,7,1265,1175
644.065375,3.348e-29,3,6,1265,1175
644.065924,1.259e-29,3,6,1265,1175
644.067794,1.128e-29,3,6,1265,1175
644.070222,5.223e-24,4,7,1265,1175
644.073315,5.323e-30,3,6,1265,1175
644.079635,1.143e-26,4,6,1265,1175
644.087464,5.11e-29,3,6,1265,1175
644.088522,9.069e-24,4,7,1265,1175
644.10567,1.809e-24,4,7,1265,1175
644.122728,7.504e-30,4,6,1265,1175
644.129545,1.032e-29,3,6,1265,1175
644.139567,2.578e-27,4,6,1265,1175
644.153481,1.59e-30,3,6,1265,1175
644.162792,9.395e-30,3,6,1265,1175
644.177267,3.738e-28,3,6,1265,1175
644.183852,3.577e-28,3,6,1265,1175
644.194019,5.405e-30,3,6,1265,1175
644.196905,1.562e-28,3,6,1265,1175
644.206748,5.261e-27,4,6,1265,1175
644.229643,1.053e-25,4,7,1265,1175
644.231057,8.512e-30,3,6,1265,1175
644.237481,2.536e-30,3,6,1175,1175
644.263107,7.679e-30,3,6,1265,1175
644.265264,3.408e-30,3,6,1265,1175
644.295383,1.809e-27,3,6,1265,1175
644.297518,5.777e-30,4,6,1265,1175
644.302749,3.954e-30,3,6,1265,1175
644.303942,9.276e-30,3,6,1265,1175
644.307568,5.657e-27,3,6,1265,1175
644.309887,1.885e-30,3,6,1265,1175
644.310465,4.717e-29,3,6,1265,1175
644.314155,2.442e-30,3,6,1175,1175
644.317701,2.938e-27,3,6,1265,1175
644.32921,2.553e-29,3,6,1265,1175
644.334824,2.444e-29,3,6,1265,1175
644.338075,4e-29,3,6,1265,1175
644.338534,6.893e-30,3,6,1265,1175
644.345197,6.761e-20,3,7,1265,1175
644.35339,1.234e-21,5,7,1265,1175
644.362331,2.324e-25,4,6,1265,1175
644.368706,6.162e-30,3,6,1265,1175
644.382311,1.481e-28,3,6,1265,1175
644.391385,1.503e-27,3,6,1265,1175
644.405142,9.549e-30,3,6,1265,1175
644.432459,4.944e-24,4,7,1265,1175
644.442195,1.504e-29,3,6,1265,1175
644.451848,4.75e-30,3,6,1265,1175
644.452,5.482e-30,3,6,1265,1175
644.456454,3.023e-29,3,6,1265,1175
644.471773,3.337e-26,3,6,1265,1175
644.479556,4.857e-30,3,6,1265,1175
644.480568,4.372e-30,4,6,1265,1175
644.489309,1.188e-28,3,6,1265,1175
644.501785,2.231e-21,5,7,1265,1175
644.507636,1.197e-22,4,7,1265,1175
644.534146,2.245e-27,3,6,1265,1175
644.534399,2.574e-26,3,6,1265,1175
644.538185,2.247e-30,3,6,1265,1175
644.542992,1.024e-29,3,6,1265,1175
644.57148,4.282e-30,3,6,1265,1175
644.574124,1.133e-27,3,6,1265,1175
644.577388,1.237e-27,3,6,1265,1175
644.591006,3.051e-28,3,6,1265,1175
644.595627,3.761e-30,3,6,1265,1175
644.59875,4.778e-26,4,6,1265,1175
644.603179,1.896e-30,3,6,1265,1175
644.607176,4.169e-28,4,6,1265,1175
644.617866,2.473e-30,3,6,1175,1175
644.645972,9.879e-27,3,6,1265,1175
644.648107,2.423e-21,3,7,1265,1175
644.655351,8.19e-28,3,6,1265,1175
644.657791,2.255e-30,3,6,1175,1175
644.671856,3.254e-30,4,6,1265,1175
644.673371,1.238e-29,3,6,1265,1175
644.6902,1.728e-30,3,6,1265,1175
644.696998,3.287e-30,3,6,1265,1175
644.697862,7.897e-30,4,6,1265,1175
644.700924,1.352e-26,4,6,1265,1175
644.716886,2.862e-30,3,6,1265,1175
644.721734,2.402e-29,3,6,1265,1175
644.729674,8.971e-30,3,6,1265,1175
644.741808,8.382e-24,4,7,1265,1175
644.757535,5.222e-25,4,6,1265,1175
644.775823,6.047e-28,4,7,1265,1175
644.803079,1.379e-29,3,6,1265,1175
644.807671,1.354e-24,4,6,1265,1175
644.809989,5.692e-24,4,7,1265,1175
644.818718,1.457e-30,3,6,1265,1175
644.828574,2.479e-30,3,6,1265,1175
644.830916,5.044e-30,3,6,1265,1175
644.843305,2.141e-30,3,6,1265,1175
644.850103,2.488e-30,3,6,1265,1175
644.86922,8.326e-28,3,6,1265,1175
644.871358,2.381e-30,4,6,1265,1175
644.875269,1.328e-24,4,6,1265,1175
644.890946,3.103e-27,4,6,1265,1175
644.895854,2.482e-27,4,6,1265,1175
644.909865,1.568e-30,3,6,1265,1175
644.921183,4.065e-28,3,6,1265,1175
644.922003,5.649e-30,3,6,1265,1175
644.95612,5.789e-30,3,6,1265,1175
644.958168,1.709e-28,3,6,1265,1175
644.966228,1.838e-30,3,6,1265,1175
644.974311,2.889e-29,3,6,1265,1175
644.974855,1.574e-30,3,6,1265,1175
645.029525,2.015e-30,3,6,1175,1175
645.03344,2.319e-30,3,6,1175,1175
645.038549,2.183e-30,3,6,1265,1175
645.04952,1.863e-28,3,6,1265,1175
645.06297,4.657e-29,3,6,1265,1175
645.070502,4.715e-29,3,6,1265,1175
645.073747,2.716e-27,3,6,1265,1175
645.079049,1.714e-30,4,6,1265,1175
645.102346,9.5e-30,3,6,1265,1175
645.103949,2.526e-25,4,6,1265,1175
645.109976,1.34e-30,3,6,1265,1175
645.111511,1.138e-30,3,6,1265,1175
645.132696,8.136e-28,3,6,1265,1175
645.138104,1.442e-27,3,6,1265,1175
645.144897,1.977e-27,3,6,1265,1175
645.152973,2.447e-27,3,6,1265,1175
645.162534,2.864e-27,3,6,1265,1175
645.164727,5.904e-30,3,6,1265,1175
645.17082,5.511e-28,3,6,1265,1175
645.173211,3.232e-27,3,6,1265,1175
645.185622,3.554e-27,3,6,1265,1175
645.187979,1.631e-29,3,6,1265,1175
645.198782,3.831e-27,3,6,1265,1175
645.210097,9.187e-27,3,6,1265,1175
645.21418,4.063e-27,3,6,1265,1175
645.224364,2.296e-30,3,6,1265,1175
645.229642,4.25e-27,3,6,1265,1175
645.230532,4.095e-30,3,6,1265,1175
645.237727,4.605e-26,4,6,1265,1175
645.246726,1.3e-22,3,7,1265,1175
645.247064,1.126e-28,3,6,1265,1175
645.248231,4.393e-27,3,6,1265,1175
645.248926,8.38e-26,4,7,1265,1175
645.263155,2.397e-25,3,6,1265,1175
645.265739,4.495e-27,3,6,1265,1175
645.277925,2.327e-25,4,7,1265,1175
645.287803,4.555e-27,3,6,1265,1175
645.294904,1.214e-30,3,6,1265,1175
645.296243,3.643e-26,3,6,1265,1175
645.296726,2.51e-26,3,6,1265,1175
645.307012,4.576e-27,3,6,1265,1175
645.321947,3.332e-28,3,6,1265,1175
645.329013,7.3e-27,3,6,1265,1175
645.329587,1.348e-30,3,6,1265,1175
645.332927,4.561e-27,3,6,1265,1175
645.335288,1.119e-27,3,6,1265,1175
645.353391,4.512e-27,3,6,1265,1175
645.363547,1.898e-30,3,6,1265,1175
645.374994,9.585e-28,3,6,1265,1175
645.383637,4.432e-27,3,6,1265,1175
645.389467,1.071e-26,3,6,1265,1175
645.404801,4.325e-27,3,6,1265,1175
645.415711,2.604e-30,3,6,1265,1175
645.429441,1.75e-30,3,6,1175,1175
645.432469,1.884e-30,3,6,1265,1175
645.43304,1.815e-29,3,6,1265,1175
645.437869,2.196e-28,3,6,1265,1175
645.439973,4.193e-27,3,6,1265,1175
645.461157,4.041e-27,3,6,1265,1175
645.462933,3.73e-28,3,6,1265,1175
645.480111,1.001e-30,3,6,1265,1175
645.482127,3.589e-28,3,6,1265,1175
645.484245,2.1e-30,3,6,1175,1175
645.496431,1.073e-30,3,6,1265,1175
645.500556,4.025e-23,3,7,1265,1175
645.501974,3.871e-27,3,6,1265,1175
645.502095,1.6e-26,4,6,1265,1175
645.514234,1.132e-30,3,6,1265,1175
645.514314,4.481e-30,3,6,1265,1175
645.52237,3.687e-27,3,6,1265,1175
645.523058,4.961e-25,4,6,1265,1175
645.533517,1.177e-30,3,6,1265,1175
645.542015,1.503e-29,3,6,1265,1175
645.551173,6.168e-24,4,7,1265,1175
645.554282,1.211e-30,3,6,1265,1175
645.562078,1.529e-25,4,7,1265,1175
645.569686,3.492e-27,3,6,1265,1175
645.576525,1.232e-30,3,6,1265,1175
645.588345,3.29e-27,3,6,1265,1175
645.590048,4.696e-30,3,6,1265,1175
645.591999,2.893e-25,4,7,1265,1175
645.600251,1.242e-30,3,6,1265,1175
645.605551,7.532e-24,4,7,1265,1175
645.624133,2.719e-24,4,7,1265,1175
645.625278,7.035e-30,3,6,1265,1175
645.62545,1.241e-30,3,6,1265,1175
645.643153,3.082e-27,3,6,1265,1175
645.652136,1.231e-30,3,6,1265,1175
645.653541,2.356e-27,4,6,1265,1175
645.656018,1.176e-29,3,6,1265,1175
645.658981,2.874e-27,3,6,1265,1175
645.666542,4.395e-28,3,6,1265,1175
645.670156,1.53e-30,3,6,1265,1175
645.672976,1.313e-29,3,6,1265,1175
645.679331,9.078e-28,3,6,1265,1175
645.680287,1.212e-30,3,6,1265,1175
645.689677,6.798e-27,3,6,1265,1175
645.695781,1.412e-28,3,6,1265,1175
645.70751,1.383e-29,3,6,1265,1175
645.709931,1.185e-30,3,6,1265,1175
645.722426,2.665e-27,3,6,1265,1175
645.734174,2.46e-27,3,6,1265,1175
645.741028,1.151e-30,3,6,1265,1175
645.74847,1.025e-29,3,6,1265,1175
645.753448,8.143e-30,3,6,1265,1175
645.766121,8.816e-29,3,6,1265,1175
645.768565,2.517e-30,3,6,1265,1175
645.77138,5.559e-27,4,6,1265,1175
645.773631,1.111e-30,3,6,1265,1175
645.777105,1.843e-28,3,6,1265,1175
645.78384,3.171e-30,3,6,1265,1175
645.78928,5.399e-29,3,6,1265,1175
645.80308,2.3e-28,3,6,1265,1175
645.807554,2.258e-27,3,6,1265,1175
645.807667,1.065e-30,3,6,1265,1175
645.813817,2.065e-27,3,6,1265,1175
645.831971,4.661e-29,3,6,1265,1175
645.840548,2.579e-27,3,6,1265,1175
645.841853,3.127e-29,3,6,1265,1175
645.843229,1.016e-30,3,6,1265,1175
645.847039,2.73e-25,4,6,1265,1175
645.85585,7.927e-20,3,7,1265,1175
645.857635,1.481e-30,3,6,1175,1175
645.882038,1.014e-21,5,7,1265,1175
645.88374,1.4e-29,3,6,1265,1175
645.897799,1.7e-27,3,6,1265,1175
645.898588,1.877e-27,3,6,1265,1175
645.903726,9.665e-30,3,6,1265,1175
645.932607,1.435e-28,3,6,1265,1175
645.93519,1.758e-29,3,6,1265,1175
645.94068,2.631e-21,3,7,1265,1175
645.942794,2.702e-29,3,6,1265,1175
645.970328,1.845e-30,3,6,1175,1175
645.986009,1.374e-27,3,6,1265,1175
645.987783,1.405e-22,3,7,1265,1175
645.99558,1.531e-27,3,6,1265,1175
646.006337,1.05e-28,3,6,1265,1175
646.012866,1.538e-29,3,6,1265,1175
646.030923,1.811e-29,3,6,1265,1175
646.032111,4.001e-24,4,7,1265,1175
646.040927,3.946e-26,3,6,1265,1175
646.060518,2.417e-26,3,6,1265,1175
646.061463,3.62e-28,3,6,1265,1175
646.078335,1.09e-27,3,6,1265,1175
646.085048,8.769e-30,3,6,1265,1175
646.09641,4.38e-26,4,6,1265,1175
646.097898,1.092e-27,3,6,1265,1175
646.098584,1.226e-27,3,6,1265,1175
646.099023,1.117e-27,3,6,1265,1175
646.108369,5.407e-28,4,6,1265,1175
646.112073,2.955e-29,3,6,1265,1175
646.125331,1.88e-30,3,6,1265,1175
646.133612,1.45e-28,3,6,1265,1175
646.134418,1.154e-26,3,6,1265,1175
646.140953,1.878e-26,4,6,1265,1175
646.146917,1.482e-27,3,6,1265,1175
646.154478,2.043e-30,3,6,1265,1175
646.163756,2.828e-21,3,7,1265,1175
646.174667,8.496e-28,3,6,1265,1175
646.189837,2.231e-29,3,6,1265,1175
646.203857,4.155e-30,3,6,1265,1175
646.207652,9.636e-28,3,6,1265,1175
646.24274,1.161e-29,4,6,1265,1175
646.266196,8.968e-30,3,6,1265,1175
646.274893,6.505e-28,3,6,1265,1175
646.282227,1.629e-29,3,6,1265,1175
646.289163,4.638e-25,4,6,1265,1175
646.293899,6.648e-24,4,7,1265,1175
646.299655,6.616e-24,4,7,1265,1175
646.314203,1.224e-30,3,6,1175,1175
646.322836,7.442e-28,3,6,1265,1175
646.329972,1.227e-27,4,7,1265,1175
646.350707,4.28e-30,3,6,1265,1175
646.360283,2.632e-29,3,6,1265,1175
646.365937,1.364e-24,4,6,1265,1175
646.378909,4.895e-28,3,6,1265,1175
646.396388,2.277e-27,4,6,1265,1175
646.402639,1.224e-24,4,6,1265,1175
646.41284,2.2e-27,4,6,1265,1175
646.413343,4.722e-28,3,6,1265,1175
646.43025,1.475e-30,3,6,1265,1175
646.44033,1.225e-29,3,6,1265,1175
646.444188,5.647e-28,3,6,1265,1175
646.452927,1.264e-28,3,6,1265,1175
646.473658,8.997e-29,3,6,1265,1175
646.479776,5.336e-30,3,6,1265,1175
646.486612,3.62e-28,3,6,1265,1175
646.491744,1.577e-30,3,6,1175,1175
646.499933,2.888e-30,3,6,1265,1175
646.516942,6.229e-29,3,6,1265,1175
646.51888,1.971e-28,3,6,1265,1175
646.524914,5.184e-26,4,7,1265,1175
646.533078,2.495e-29,3,6,1265,1175
646.542043,2.984e-29,3,6,1265,1175
646.548359,1.035e-30,3,6,1265,1175
646.571758,4.212e-28,3,6,1265,1175
646.591598,2.934e-25,4,6,1265,1175
646.594871,4.552e-29,3,6,1265,1175
646.597904,2.632e-28,3,6,1265,1175
646.680459,1.327e-28,3,6,1265,1175
646.683828,1.882e-29,3,6,1265,1175
646.703727,9.77e-30,3,6,1265,1175
646.705593,3.088e-28,3,6,1265,1175
646.712694,1.882e-28,3,6,1265,1175
646.729896,1.51e-22,3,7,1265,1175
646.734884,3.261e-29,3,6,1265,1175
646.763108,1.645e-30,3,6,1265,1175
646.76532,2.811e-25,3,6,1265,1175
646.767126,9.588e-29,3,6,1265,1175
646.769527,4.104e-26,4,6,1265,1175
646.784989,4.128e-30,3,6,1265,1175
646.792647,9.686e-30,3,6,1265,1175
646.796539,3.912e-28,3,6,1265,1175
646.801107,3.272e-25,4,7,1265,1175
646.821859,1.296e-27,3,6,1265,1175
646.823148,5.494e-29,3,6,1265,1175
646.825762,2.294e-26,3,6,1265,1175
646.8309,1.323e-28,3,6,1265,1175
646.84574,2.225e-28,3,6,1265,1175
646.851184,4.374e-30,3,6,1265,1175
646.851558,7.256e-30,3,6,1265,1175
646.855491,3.849e-30,3,6,1265,1175
646.86151,8.526e-27,3,6,1265,1175
646.861952,1.052e-27,3,6,1265,1175
646.866996,7.077e-27,3,6,1265,1175
646.880362,1.158e-30,3,6,1265,1175
646.880825,1.237e-26,3,6,1265,1175
646.88853,1.838e-30,3,6,1265,1175
646.897122,2.205e-30,3,6,1265,1175
646.899947,4.201e-26,3,6,1265,1175
646.901502,2.184e-25,4,7,1265,1175
646.930717,1.254e-30,3,6,1265,1175
646.931357,2.203e-26,4,6,1265,1175
646.93572,1.417e-30,3,6,1265,1175
646.938552,3.446e-29,3,6,1265,1175
646.940587,2.772e-27,3,6,1265,1175
646.952446,9.146e-29,3,6,1265,1175
646.958906,5.395e-28,3,6,1265,1175
646.992242,1.577e-28,3,6,1265,1175
647.003079,6.948e-30,3,6,1265,1175
647.017921,1.286e-28,3,6,1265,1175
647.024129,1.756e-29,3,6,1265,1175
647.038061,7.124e-24,4,7,1265,1175
647.048556,1.315e-30,3,6,1175,1175
647.057387,4.253e-25,4,6,1265,1175
647.069203,2.026e-22,3,7,1265,1175
647.077268,6.22e-29,3,6,1265,1175
647.083022,8.008e-27,3,6,1265,1175
647.086115,3.55e-22,4,7,1265,1175
647.112692,4.917e-22,3,7,1265,1175
647.11289,3.801e-30,3,6,1265,1175
647.115167,1.873e-25,4,7,1265,1175
647.132326,5.578e-24,4,7,1265,1175
647.143237,4.022e-24,4,7,1265,1175
647.145138,1.099e-28,3,6,1265,1175
647.148935,6.071e-22,3,7,1265,1175
647.152777,3.528e-29,3,6,1265,1175
647.161583,5.042e-28,3,6,1265,1175
647.173588,2.016e-27,4,6,1265,1175
647.182012,3.302e-29,3,6,1265,1175
647.193326,1.401e-30,3,6,1265,1175
647.194845,6.974e-22,4,7,1265,1175
647.20531,4.161e-29,3,6,1265,1175
647.226254,1.291e-29,3,6,1265,1175
647.232655,3.298e-30,3,6,1265,1175
647.246008,7.155e-29,3,6,1265,1175
647.250423,7.602e-22,3,7,1265,1175
647.262429,2.499e-30,3,6,1265,1175
647.304464,7.533e-29,3,6,1265,1175
647.310506,1.206e-29,3,6,1265,1175
647.315671,7.953e-22,3,7,1265,1175
647.336532,2.738e-29,3,6,1265,1175
647.337625,3.134e-25,4,6,1265,1175
647.338127,5.684e-27,4,6,1265,1175
647.356893,3.757e-29,3,6,1265,1175
647.359197,4.386e-29,3,6,1265,1175
647.360862,2.22e-27,3,6,1265,1175
647.366409,2.078e-28,3,6,1265,1175
647.37015,9.105e-20,3,7,1265,1175
647.376735,1.34e-28,3,6,1265,1175
647.377269,3.506e-29,3,6,1265,1175
647.38806,3.037e-21,5,7,1265,1175
647.39059,8.038e-22,4,7,1265,1175
647.39999,1.016e-29,3,6,1265,1175
647.407613,8.174e-22,5,7,1265,1175
647.433891,2.002e-29,3,6,1265,1175
647.438363,1.496e-28,3,6,1265,1175
647.442002,2.244e-29,3,6,1265,1175
647.470253,5.078e-29,3,6,1265,1175
647.470902,1.773e-29,3,6,1265,1175
647.473917,1.614e-22,4,7,1265,1175
647.475184,7.882e-22,4,7,1265,1175
647.480449,1.359e-28,3,6,1265,1175
647.486759,2.376e-27,3,6,1265,1175
647.50848,9.813e-30,3,6,1265,1175
647.511317,3.567e-29,3,6,1265,1175
647.529429,8.541e-29,3,6,1265,1175
647.538388,4.205e-28,3,6,1265,1175
647.548366,1.496e-27,3,6,1265,1175
647.550176,1.953e-29,3,6,1265,1175
647.554832,6.829e-30,3,6,1265,1175
647.569453,7.524e-22,3,7,1265,1175
647.585914,2.563e-26,4,6,1265,1175
647.592463,2.14e-26,3,6,1265,1175
647.602567,3.776e-26,4,6,1265,1175
647.608405,1.13e-29,3,6,1265,1175
647.609947,4.46e-26,3,6,1265,1175
647.611665,6.888e-28,4,6,1265,1175
647.611717,3.386e-29,3,6,1265,1175
647.618523,2.437e-29,3,6,1265,1175
647.62464,2.366e-30,3,6,1265,1175
647.627445,9.976e-28,3,6,1265,1175
647.627562,7.367e-30,3,6,1265,1175
647.628684,1.317e-26,3,6,1265,1175
647.631972,3.18e-24,4,7,1265,1175
647.640828,1.071e-30,3,6,1175,1175
647.64253,3.368e-29,3,6,1265,1175
647.65314,1.772e-30,3,6,1265,1175
647.6734,7.005e-22,3,7,1265,1175
647.682996,3.231e-21,3,7,1265,1175
647.749038,7.082e-30,3,6,1265,1175
647.757883,9.63e-28,3,6,1265,1175
647.767378,1.882e-29,3,6,1265,1175
647.781887,1.232e-30,3,6,1265,1175
647.783741,7.589e-24,4,7,1265,1175
647.787027,6.372e-22,3,7,1265,1175
647.791085,3.156e-26,4,7,1265,1175
647.791405,1.494e-29,4,6,1265,1175
647.821319,2.197e-29,3,6,1265,1175
647.826607,3.808e-25,4,6,1265,1175
647.843444,8.226e-23,4,7,1265,1175
647.847678,8.436e-29,3,6,1265,1175
647.855792,3.183e-29,3,6,1265,1175
647.857511,6.39e-30,3,6,1265,1175
647.859653,4.478e-24,4,7,1265,1175
647.876594,3.265e-30,3,6,1265,1175
647.891587,2.452e-27,4,7,1265,1175
647.892815,4.369e-30,3,6,1265,1175
647.897948,1.643e-27,3,6,1265,1175
647.910337,5.671e-22,3,7,1265,1175
647.911262,5.348e-28,3,6,1265,1175
647.911556,7.89e-29,3,6,1265,1175
647.923473,1.337e-24,4,6,1265,1175
647.927566,1.137e-29,3,6,1265,1175
647.933749,1.066e-24,4,6,1265,1175
647.935899,1.804e-27,4,6,1265,1175
647.956956,1.31e-30,3,6,1265,1175
647.966729,3.749e-30,3,6,1265,1175
647.976434,8.179e-29,3,6,1265,1175
648.001305,1.847e-30,3,6,1265,1175
648.006635,1.411e-29,3,6,1265,1175
648.00743,4.651e-30,3,6,1265,1175
648.013758,1.362e-29,3,6,1265,1175
648.039763,2.652e-30,3,6,1265,1175
648.043332,4.942e-22,3,7,1265,1175
648.081338,2.181e-28,3,6,1265,1175
648.085118,3.328e-25,4,6,1265,1175
648.093195,1.97e-29,3,6,1265,1175
648.109144,2.916e-29,3,6,1265,1175
648.124948,4.16e-29,3,6,1265,1175
648.14387,5.088e-30,3,6,1265,1175
648.159141,1.85e-30,3,6,1265,1175
648.185376,2.115e-29,3,6,1265,1175
648.186013,4.221e-22,3,7,1265,1175
648.189929,1.585e-30,3,6,1265,1175
648.198488,8.909e-30,3,6,1265,1175
648.219052,1.715e-22,3,7,1265,1175
648.230136,3.156e-28,3,6,1265,1175
648.248141,3.069e-25,4,7,1265,1175
648.248912,1.788e-30,3,6,1265,1175
648.2715,3.229e-25,3,6,1265,1175
648.274312,1.72e-27,3,6,1265,1175
648.276851,2.475e-27,3,6,1265,1175
648.277381,4.493e-28,3,6,1265,1175
648.293243,7.37e-29,3,6,1265,1175
648.296851,1.159e-30,3,6,1265,1175
648.305028,3.4e-26,4,6,1265,1175
648.309543,9.797e-30,3,6,1265,1175
648.314107,6.52e-30,3,6,1265,1175
648.325013,3.618e-30,3,6,1265,1175
648.325821,4.521e-25,4,7,1265,1175
648.338381,3.535e-22,3,7,1265,1175
648.338857,4.049e-30,3,6,1265,1175
648.360614,1.956e-26,3,6,1265,1175
648.36731,2.98e-26,4,6,1265,1175
648.368157,2.525e-30,3,6,1265,1175
648.371401,2.606e-29,3,6,1265,1175
648.377993,1.393e-26,3,6,1265,1175
648.382014,4.437e-29,3,6,1265,1175
648.387953,2.175e-30,3,6,1265,1175
648.388802,7.982e-29,3,6,1265,1175
648.394376,9.295e-28,3,6,1265,1175
648.396379,9.746e-27,3,6,1265,1175
648.396884,5.537e-30,3,6,1265,1175
648.396947,1.098e-28,3,6,1265,1175
648.406449,1.356e-28,3,6,1265,1175
648.417307,1.581e-28,3,6,1265,1175
648.419158,1.682e-30,3,6,1265,1175
648.429521,1.776e-28,3,6,1265,1175
648.443089,1.942e-28,3,6,1265,1175
648.458012,2.081e-28,3,6,1265,1175
648.474287,2.194e-28,3,6,1265,1175
648.487639,9.237e-27,3,6,1265,1175
648.491917,2.282e-28,3,6,1265,1175
648.500439,2.904e-22,4,7,1265,1175
648.510894,2.345e-28,3,6,1265,1175
648.51225,2.006e-29,3,6,1265,1175
648.514221,4.642e-26,3,6,1265,1175
648.525146,5.358e-27,3,6,1265,1175
648.530871,8.036e-24,4,7,1265,1175
648.53123,2.386e-28,3,6,1265,1175
648.546045,2.47e-30,3,6,1265,1175
648.552904,2.404e-28,3,6,1265,1175
648.575944,2.402e-28,3,6,1265,1175
648.586223,6.476e-28,3,6,1265,1175
648.597613,3.309e-25,4,6,1265,1175
648.600308,2.381e-28,3,6,1265,1175
648.601817,3.386e-30,3,6,1265,1175
648.610971,1.135e-27,3,6,1265,1175
648.626051,2.342e-28,3,6,1265,1175
648.634217,1.193e-25,4,7,1265,1175
648.641816,2.684e-30,3,6,1265,1175
648.642171,2.272e-29,3,6,1265,1175
648.649867,1.572e-27,3,6,1265,1175
648.653094,2.289e-28,3,6,1265,1175
648.662376,5.634e-28,3,6,1265,1175
648.66309,5.849e-24,4,7,1265,1175
648.668806,3.307e-24,4,7,1265,1175
648.672187,2.342e-22,4,7,1265,1175
648.681542,2.221e-28,3,6,1265,1175
648.699687,1.566e-27,4,6,1265,1175
648.702155,4.24e-30,3,6,1265,1175
648.702919,1.941e-27,3,6,1265,1175
648.708255,9.307e-29,3,6,1265,1175
648.70972,3.679e-30,3,6,1265,1175
648.711251,2.142e-28,3,6,1265,1175
648.722949,1.202e-30,3,6,1265,1175
648.738809,1.935e-30,3,6,1265,1175
648.742409,2.054e-28,3,6,1265,1175
648.770136,2.23e-27,3,6,1265,1175
648.774767,1.957e-28,3,6,1265,1175
648.789798,3.317e-30,3,6,1265,1175
648.802865,1.43e-29,3,6,1265,1175
648.808642,1.855e-28,3,6,1265,1175
648.813279,2.038e-30,3,6,1265,1175
648.82276,2.749e-27,3,6,1265,1175
648.834075,3.511e-25,4,6,1265,1175
648.843628,1.748e-28,3,6,1265,1175
648.843919,3.43e-21,5,7,1265,1175
648.85153,2.431e-27,3,6,1265,1175
648.853626,1.855e-22,4,7,1265,1175
648.865476,1.758e-29,3,6,1265,1175
648.87434,4.423e-29,3,6,1265,1175
648.878771,1.875e-27,3,6,1265,1175
648.880232,1.638e-28,3,6,1265,1175
648.888083,1.023e-19,3,7,1265,1175
648.89212,3.875e-29,3,6,1265,1175
648.903794,1.104e-29,3,6,1265,1175
648.906985,5.646e-27,4,6,1265,1175
648.917816,1.528e-28,3,6,1265,1175
648.919541,4.223e-29,3,6,1265,1175
648.92104,1.936e-29,3,6,1265,1175
648.929945,6.471e-22,5,7,1265,1175
648.938282,2.218e-29,3,6,1265,1175
648.947119,2.544e-27,3,6,1265,1175
648.954027,1.662e-29,3,6,1265,1175
648.957168,1.417e-28,3,6,1265,1175
648.964923,2.254e-28,3,6,1265,1175
648.966025,1.811e-22,4,7,1265,1175
648.99136,5.749e-30,3,6,1265,1175
648.997316,1.308e-28,3,6,1265,1175
649.003364,1.968e-27,3,6,1265,1175
649.021743,4.775e-28,3,6,1265,1175
649.025839,1.258e-28,3,6,1265,1175
649.03125,1.207e-30,3,6,1265,1175
649.035873,3.438e-26,4,6,1265,1175
649.039442,1.201e-28,3,6,1265,1175
649.044755,1.443e-22,4,7,1265,1175
649.047399,1.891e-26,4,7,1265,1175
649.056918,2.572e-27,3,6,1265,1175
649.058564,6.094e-29,3,6,1265,1175
649.06827,2.609e-27,3,6,1265,1175
649.070252,1.243e-28,3,6,1265,1175
649.082109,1.098e-28,3,6,1265,1175
649.090277,2.665e-30,3,6,1265,1175
649.092415,7.333e-30,3,6,1265,1175
649.100697,2.679e-30,3,6,1265,1175
649.104457,2.498e-28,3,6,1265,1175
649.114327,2.044e-30,3,6,1265,1175
649.117119,8.617e-28,4,6,1265,1175
649.117196,2.977e-26,4,6,1265,1175
649.118228,9.722e-30,3,6,1265,1175
649.127043,9.982e-29,3,6,1265,1175
649.128752,1.463e-26,3,6,1265,1175
649.130213,1.744e-26,3,6,1265,1175
649.131108,4.617e-29,3,6,1265,1175
649.162742,8.48e-28,3,6,1265,1175
649.170552,6.075e-30,3,6,1265,1175
649.172174,9.035e-29,3,6,1265,1175
649.17881,4.847e-26,3,6,1265,1175
649.180947,2.523e-27,3,6,1265,1175
649.186582,1.567e-30,3,6,1265,1175
649.205813,3.608e-21,3,7,1265,1175
649.20757,1.612e-29,3,6,1265,1175
649.219963,8.14e-29,3,6,1265,1175
649.22219,3.8e-29,3,6,1265,1175
649.231795,2.483e-24,4,7,1265,1175
649.233515,5.538e-29,3,6,1265,1175
649.245573,1.103e-22,4,7,1265,1175
649.258519,2.124e-29,3,6,1265,1175
649.267491,7.299e-29,3,6,1265,1175
649.279501,8.456e-24,4,7,1265,1175
649.318191,6.515e-29,3,6,1265,1175
649.31923,2.409e-27,3,6,1265,1175
649.343829,1.776e-29,4,6,1265,1175
649.346913,1.675e-30,3,6,1265,1175
649.355469,2.63e-28,3,6,1265,1175
649.366752,6.155e-28,3,6,1265,1175
649.368035,5.789e-29,3,6,1265,1175
649.369859,2.762e-25,4,6,1265,1175
649.395404,1.166e-27,3,6,1265,1175
649.407985,1.637e-22,4,7,1265,1175
649.408554,2.071e-30,3,6,1265,1175
649.414924,5.892e-28,3,6,1265,1175
649.42172,5.121e-29,3,6,1265,1175
649.421768,2.116e-24,4,7,1265,1175
649.438933,4.771e-30,3,6,1265,1175
649.441442,1.054e-28,3,6,1265,1175
649.446932,4.478e-30,3,6,1265,1175
649.456079,8.281e-23,4,7,1265,1175
649.460166,4.819e-27,4,7,1265,1175
649.465007,1.306e-27,4,6,1265,1175
649.468578,8.579e-25,4,6,1265,1175
649.471788,2.244e-27,3,6,1265,1175
649.473782,4.509e-29,3,6,1265,1175
649.480305,1.277e-24,4,6,1265,1175
649.486367,2.632e-30,3,6,1265,1175
649.489982,1.076e-30,3,6,1265,1175
649.493061,1.817e-28,3,6,1265,1175
649.501301,1.313e-29,3,6,1265,1175
649.527846,1.118e-30,3,6,1265,1175
649.530542,3.953e-29,3,6,1265,1175
649.539043,3.743e-30,3,6,1265,1175
649.584494,3.679e-25,4,6,1265,1175
649.584706,3.45e-29,3,6,1265,1175
649.593478,1.494e-29,3,6,1265,1175
649.60221,4.241e-25,4,7,1265,1175
649.627109,2.716e-30,3,6,1265,1175
649.638648,2.042e-27,3,6,1265,1175
649.638658,1.855e-30,3,6,1265,1175
649.644648,2.998e-29,3,6,1265,1175
649.645633,2.327e-28,3,6,1265,1175
649.654623,1.334e-29,3,6,1265,1175
649.660711,3.53e-29,3,6,1265,1175
649.67627,6.113e-23,4,7,1265,1175
649.692606,2.308e-29,3,6,1265,1175
649.70078,2.594e-29,3,6,1265,1175
649.714176,1.901e-22,3,7,1265,1175
649.732351,2.242e-27,3,6,1265,1175
649.764034,2.235e-29,3,6,1265,1175
649.764474,5.044e-28,3,6,1265,1175
649.773363,3.254e-30,3,6,1265,1175
649.781692,3.63e-25,3,6,1265,1175
649.801752,1.047e-29,3,6,1265,1175
649.80985,3.96e-26,4,6,1265,1175
649.819837,1.818e-27,3,6,1265,1175
649.821974,1.917e-29,3,6,1265,1175
649.825389,4.744e-29,3,6,1265,1175
649.842099,3.285e-30,3,6,1265,1175
649.844208,2.513e-26,4,6,1265,1175
649.845515,2.827e-30,3,6,1265,1175
649.852104,6.141e-25,4,7,1265,1175
649.861054,2.752e-27,3,6,1265,1175
649.880958,1.526e-26,3,6,1265,1175
649.888693,1.637e-29,3,6,1265,1175
649.892206,3.873e-30,3,6,1265,1175
649.901256,1.506e-26,3,6,1265,1175
649.903556,1.042e-26,3,6,1265,1175
649.906143,4.436e-23,4,7,1265,1175
649.919638,9.593e-30,3,6,1265,1175
649.932539,7.537e-28,3,6,1265,1175
649.933608,1.089e-26,3,6,1265,1175
649.948258,1.393e-29,3,6,1265,1175
649.955409,1.427e-30,3,6,1265,1175
650.006363,2.236e-29,3,6,1265,1175
650.015382,1.585e-27,3,6,1265,1175
650.01862,1.179e-29,3,6,1265,1175
650.029588,8.839e-24,4,7,1265,1175
650.079601,9.945e-30,3,6,1265,1175
650.108415,8.166e-30,3,6,1265,1175
650.13909,4.944e-26,3,6,1265,1175
650.143701,2.177e-25,4,6,1265,1175
650.145693,3.165e-23,4,7,1265,1175
650.148919,7.48e-26,4,7,1265,1175
650.153811,8.352e-30,3,6,1265,1175
650.168904,6.115e-28,3,6,1265,1175
650.176017,1.188e-28,3,6,1265,1175
650.176803,1.451e-30,3,6,1265,1175
650.177062,5.343e-30,3,6,1265,1175
650.183796,8.367e-24,4,7,1265,1175
650.184202,3.988e-27,3,6,1265,1175
650.197393,3.766e-30,3,6,1265,1175
650.201461,1.218e-30,3,6,1265,1175
650.213271,1.473e-30,3,6,1265,1175
650.214952,9.578e-25,4,7,1265,1175
650.215969,6.984e-30,3,6,1265,1175
650.225313,1.355e-27,3,6,1265,1175
650.231818,1.029e-27,4,6,1265,1175
650.236041,1.559e-30,3,6,1265,1175
650.251491,1.758e-29,3,6,1265,1175
650.293826,1.115e-26,4,7,1265,1175
650.294265,5.816e-30,3,6,1265,1175
650.308248,3.785e-21,3,7,1265,1175
650.336374,3.828e-25,4,6,1265,1175
650.336813,4.899e-29,3,6,1265,1175
650.339076,2.659e-29,3,6,1265,1175
650.357329,4.824e-30,3,6,1265,1175
650.385723,1.55e-29,3,6,1265,1175
650.394207,5.099e-29,3,6,1265,1175
650.394413,1.555e-27,3,6,1265,1175
650.394915,2.221e-23,4,7,1265,1175
650.409633,1.124e-19,3,7,1265,1175
650.418626,2.519e-29,3,6,1265,1175
650.420759,6.239e-30,3,6,1265,1175
650.430717,3.132e-29,3,6,1265,1175
650.43998,3.984e-30,3,6,1265,1175
650.448346,2.382e-29,3,6,1265,1175
650.448855,5.032e-22,5,7,1265,1175
650.44966,1.135e-27,3,6,1265,1175
650.464003,2.541e-27,3,6,1265,1175
650.464094,1.983e-22,4,7,1265,1175
650.477957,5.462e-27,4,6,1265,1175
650.478821,9.859e-30,3,6,1265,1175
650.490894,4.53e-26,4,6,1265,1175
650.503646,3.277e-30,3,6,1265,1175
650.511492,5.295e-28,3,6,1265,1175
650.568785,1.141e-28,3,6,1265,1175
650.572749,2.363e-28,3,6,1265,1175
650.582662,2.963e-30,3,6,1265,1175
650.590954,2.684e-30,3,6,1265,1175
650.593717,3.364e-29,3,6,1265,1175
650.610182,3.577e-29,3,6,1265,1175
650.624781,1.058e-27,4,6,1265,1175
650.634609,1.58e-26,3,6,1265,1175
650.640275,2.013e-26,4,6,1265,1175
650.653802,1.533e-23,4,7,1265,1175
650.654883,2.189e-30,3,6,1265,1175
650.6551,2.891e-27,3,6,1265,1175
650.673742,1.246e-26,3,6,1265,1175
650.688452,9.333e-28,3,6,1265,1175
650.703764,6.48e-28,3,6,1265,1175
650.71405,4.919e-30,3,6,1265,1175
650.720041,2.652e-27,3,6,1265,1175
650.725635,1.264e-30,3,6,1265,1175
650.732188,3.934e-21,3,7,1265,1175
650.733004,9.41e-30,3,6,1265,1175
650.737541,2.465e-30,3,6,1265,1175
650.738231,4.669e-30,3,6,1265,1175
650.747189,1.778e-30,3,6,1265,1175
650.747497,5.094e-26,3,6,1265,1175
650.74773,1.029e-28,3,6,1265,1175
650.755636,2.338e-29,3,6,1265,1175
650.764668,4.103e-28,3,6,1265,1175
650.773322,1.049e-30,3,7,1265,1175
650.776547,1.127e-28,3,6,1265,1175
650.781163,9.177e-24,4,7,1265,1175
650.784335,5.206e-30,3,6,1265,1175
650.811006,1.439e-30,3,6,1265,1175
650.81978,1.34e-30,3,6,1265,1175
650.823938,5.826e-29,3,6,1265,1175
650.831328,1.905e-24,4,7,1265,1175
650.880586,2.256e-30,3,6,1265,1175
650.888529,8.134e-28,3,6,1265,1175
650.888681,4.095e-30,3,6,1265,1175
650.898124,5.645e-30,3,6,1265,1175
650.899982,1.997e-29,4,6,1265,1175
650.908687,1.16e-30,3,6,1265,1175
650.908915,6.971e-30,3,6,1265,1175
650.91148,2.239e-30,3,6,1265,1175
650.91196,1.332e-28,3,6,1265,1175
650.916542,5.952e-30,3,6,1265,1175
650.917163,5.238e-28,3,6,1265,1175
650.918909,1.571e-25,4,6,1265,1175
650.921053,8.107e-30,3,6,1265,1175
650.922345,1.04e-23,4,7,1265,1175
650.924313,6.295e-28,3,6,1265,1175
650.934539,9.072e-30,3,6,1265,1175
650.941721,7.532e-28,3,6,1265,1175
650.949371,9.879e-30,3,6,1265,1175
650.963903,5.762e-25,4,7,1265,1175
650.965548,1.054e-29,3,6,1265,1175
650.971398,1.009e-30,3,6,1265,1175
650.973229,3.871e-28,3,6,1265,1175
650.974587,2.408e-22,3,7,1265,1175
650.983072,1.106e-29,3,6,1265,1175
651.00014,7.419e-28,4,6,1265,1175
651.001939,1.144e-29,3,6,1265,1175
651.007102,6.044e-25,4,6,1265,1175
651.014693,4.061e-30,3,6,1265,1175
651.022151,1.17e-29,3,6,1265,1175
651.034039,3.086e-30,3,6,1265,1175
651.035223,9.322e-27,4,7,1265,1175
651.036465,1.193e-24,4,6,1265,1175
651.043705,1.184e-29,3,6,1265,1175
651.060252,3.424e-30,3,6,1265,1175
651.066602,1.187e-29,3,6,1265,1175
651.074574,2.638e-30,3,6,1265,1175
651.089711,3.954e-25,4,6,1265,1175
651.09084,1.18e-29,3,6,1265,1175
651.116419,1.164e-29,3,6,1265,1175
651.143337,1.14e-29,3,6,1265,1175
651.148836,4.463e-30,3,6,1265,1175
651.171594,1.108e-29,3,6,1265,1175
651.179336,1.598e-29,3,6,1265,1175
651.195975,2.867e-27,3,6,1265,1175
651.200535,6.948e-24,4,7,1265,1175
651.201187,1.07e-29,3,6,1265,1175
651.202135,2.684e-29,3,6,1265,1175
651.2055,2.436e-29,3,6,1265,1175
651.209496,5.97e-28,3,6,1265,1175
651.210428,1.312e-30,3,7,1265,1175
651.211848,2.406e-28,3,6,1265,1175
651.215251,2.054e-22,3,7,1265,1175
651.217324,6.307e-30,3,6,1265,1175
651.232117,1.027e-29,3,6,1265,1175
651.257814,5.523e-28,3,6,1265,1175
651.258877,5.169e-26,4,6,1265,1175
651.264382,9.797e-30,3,6,1265,1175
651.295889,3.989e-25,3,6,1265,1175
651.297981,9.292e-30,3,6,1265,1175
651.298361,4.88e-30,3,6,1265,1175
651.322411,5.213e-30,3,6,1265,1175
651.329141,3.087e-30,3,6,1265,1175
651.330793,1.149e-26,3,6,1265,1175
651.332911,8.763e-30,3,6,1265,1175
651.334227,1.028e-30,3,6,1265,1175
651.363543,2.021e-29,3,6,1265,1175
651.369175,8.219e-30,3,6,1265,1175
651.379991,8.194e-25,4,7,1265,1175
651.386219,2.462e-30,3,6,1265,1175
651.387043,1.488e-26,4,6,1265,1175
651.389702,1.623e-26,3,6,1265,1175
651.390624,5.633e-30,3,6,1265,1175
651.406766,7.667e-30,3,6,1265,1175
651.445114,3.619e-30,3,6,1265,1175
651.445688,7.115e-30,3,6,1265,1175
651.447666,9.709e-27,3,6,1265,1175
651.450603,3.021e-27,3,6,1265,1175
651.473184,1.188e-26,3,6,1265,1175
651.476415,5.329e-28,3,6,1265,1175
651.485934,6.569e-30,3,6,1265,1175
651.488361,4.564e-24,4,7,1265,1175
651.491807,4.648e-28,3,6,1265,1175
651.497257,1.081e-30,3,6,1265,1175
651.506449,2.427e-29,3,6,1265,1175
651.514346,1.65e-30,3,6,1265,1175
651.526169,1.777e-28,3,6,1265,1175
651.52751,6.034e-30,3,6,1265,1175
651.530343,6.475e-27,3,7,1265,1175
651.533837,9.182e-30,3,6,1265,1175
651.534196,9.459e-24,4,7,1265,1175
651.53544,1.508e-29,3,6,1265,1175
651.570404,5.516e-30,3,6,1265,1175
651.598654,2.752e-29,3,6,1265,1175
651.614628,5.017e-30,3,6,1265,1175
651.649286,1.486e-28,3,6,1265,1175
651.657371,6.597e-30,3,6,1265,1175
651.659038,4.614e-26,4,7,1265,1175
651.660164,4.542e-30,3,6,1265,1175
651.681149,6.425e-28,3,6,1265,1175
651.686111,1.103e-30,3,6,1265,1175
651.687046,1.003e-30,3,6,1265,1175
651.695614,9.677e-26,4,6,1265,1175
651.705452,1.177e-23,4,7,1265,1175
651.70703,4.092e-30,3,6,1265,1175
651.715505,1.735e-30,3,6,1265,1175
651.752064,1.009e-30,3,6,1265,1175
651.7552,3.669e-30,3,6,1265,1175
651.763194,5.565e-29,3,6,1265,1175
651.769958,4.568e-28,4,6,1265,1175
651.77459,5.1e-26,3,6,1265,1175
651.781034,4.072e-21,3,7,1265,1175
651.785809,2.95e-24,4,7,1265,1175
651.788682,3.555e-28,3,6,1265,1175
651.804703,3.275e-30,3,6,1265,1175
651.843816,2.918e-27,3,6,1265,1175
651.844504,4.053e-25,4,6,1265,1175
651.855499,2.91e-30,3,6,1265,1175
651.907634,2.574e-30,3,6,1265,1175
651.907932,1.266e-27,3,6,1265,1175
651.916499,5.751e-29,3,6,1265,1175
651.93027,3.22e-27,3,6,1265,1175
651.934781,1.206e-19,3,7,1265,1175
651.951031,5.86e-26,4,6,1265,1175
651.961047,2.266e-30,3,6,1265,1175
651.964066,2.469e-29,3,6,1265,1175
651.964156,3.845e-22,5,7,1265,1175
651.968108,2.113e-22,4,7,1265,1175
651.970209,3.548e-29,3,6,1265,1175
651.974688,1.637e-29,3,6,1265,1175
651.974962,2.198e-29,3,6,1265,1175
651.977427,2.273e-29,3,6,1265,1175
651.994207,5.739e-29,3,6,1265,1175
652.007602,5.723e-28,3,6,1265,1175
652.015808,1.987e-30,3,6,1265,1175
652.016342,2.856e-30,3,6,1265,1175
652.025205,2.169e-30,4,7,1265,1175
652.04746,1.199e-30,3,6,1265,1175
652.051045,5.159e-27,4,6,1265,1175
652.070541,3.194e-30,3,6,1265,1175
652.071829,1.734e-30,3,6,1265,1175
652.092867,1.877e-24,4,7,1265,1175
652.100151,2.673e-28,3,6,1265,1175
652.109297,1.014e-28,3,6,1265,1175
652.129211,1.506e-30,3,6,1265,1175
652.1347,1.275e-27,4,6,1265,1175
652.134866,8.298e-30,3,6,1265,1175
652.146236,1.653e-26,3,6,1265,1175
652.171778,9.504e-27,4,6,1265,1175
652.187829,1.303e-30,3,6,1265,1175
652.189976,2.404e-28,3,6,1265,1175
652.192461,1.058e-30,3,6,1265,1175
652.223025,6.888e-27,3,6,1265,1175
652.247192,3.136e-27,3,6,1265,1175
652.247829,1.122e-30,3,6,1265,1175
652.250488,4.116e-28,3,6,1265,1175
652.251676,1.057e-30,3,6,1175,1175
652.258105,3.912e-30,3,6,1265,1175
652.258713,2.503e-29,3,6,1265,1175
652.262104,4.178e-21,3,7,1265,1175
652.288708,9.677e-24,4,7,1265,1175
652.315991,5.195e-26,3,6,1265,1175
652.318968,1.807e-28,3,6,1265,1175
652.333403,7.697e-25,4,7,1265,1175
652.352852,8.909e-30,3,6,1265,1175
652.377088,5.583e-28,3,6,1265,1175
652.387981,1.65e-28,3,6,1265,1175
652.399549,7.272e-30,3,6,1265,1175
652.409517,1.175e-24,4,7,1265,1175
652.411398,5.971e-30,3,6,1265,1175
652.419259,6.63e-28,3,6,1265,1175
652.42384,8.785e-29,3,6,1265,1175
652.426238,1.975e-28,3,6,1265,1175
652.430309,1.436e-24,4,7,1265,1175
652.439411,6.496e-28,3,6,1265,1175
652.459838,2.151e-29,4,6,1265,1175
652.465085,7.062e-30,3,6,1265,1175
652.473741,4.124e-26,4,6,1265,1175
652.475308,3.636e-30,3,6,1265,1175
652.475661,2.939e-30,3,6,1265,1175
652.479702,1.026e-30,3,6,1265,1175
652.481086,1.134e-30,3,6,1265,1175
652.481489,7.707e-28,3,6,1265,1175
652.495852,1e-28,3,6,1265,1175
652.50704,1.034e-30,3,6,1265,1175
652.541274,1.946e-28,4,6,1265,1175
652.543226,3.1e-22,4,7,1265,1175
652.549299,3.146e-25,4,6,1265,1175
652.553734,4.896e-24,4,7,1265,1175
652.557278,1.159e-23,4,7,1265,1175
652.56286,1.7e-23,4,7,1265,1175
652.566593,8.469e-24,4,7,1265,1175
652.570498,2.144e-23,4,7,1265,1175
652.577009,2.396e-28,3,6,1265,1175
652.580215,2.491e-23,4,7,1265,1175
652.588155,1.44e-23,4,7,1265,1175
652.59199,1.089e-24,4,6,1265,1175
652.59204,2.734e-23,4,7,1265,1175
652.60075,4.12e-25,4,6,1265,1175
652.60601,2.875e-23,4,7,1265,1175
652.613988,1.373e-30,3,6,1265,1175
652.616282,1.775e-26,4,7,1265,1175
652.618359,2.092e-30,3,6,1265,1175
652.619296,1.931e-23,4,7,1265,1175
652.622165,2.918e-23,4,7,1265,1175
652.632191,2.493e-27,3,6,1265,1175
652.640551,2.873e-23,4,7,1265,1175
652.660011,2.324e-23,4,7,1265,1175
652.66122,2.752e-23,4,7,1265,1175
652.665179,3.599e-27,3,6,1265,1175
652.684229,2.571e-23,4,7,1265,1175
652.694096,1.796e-30,3,6,1265,1175
652.709637,2.348e-23,4,7,1265,1175
652.710295,2.616e-23,4,7,1265,1175
652.714298,6.625e-26,4,6,1265,1175
652.720192,8.414e-30,3,6,1265,1175
652.722259,2.158e-22,4,7,1265,1175
652.724042,2.476e-29,3,6,1265,1175
652.735741,7.235e-25,4,7,1265,1175
652.737509,2.097e-23,4,7,1265,1175
652.749196,1.687e-29,3,6,1265,1175
652.756936,3.7e-27,3,7,1265,1175
652.756937,7.129e-30,3,6,1265,1175
652.757395,5.889e-28,3,6,1265,1175
652.766967,1.435e-28,3,6,1265,1175
652.767914,1.834e-23,4,7,1265,1175
652.769365,1.236e-26,3,6,1265,1175
652.77014,2.803e-23,4,7,1265,1175
652.771171,1.665e-29,3,6,1265,1175
652.780047,2.419e-28,3,6,1265,1175
652.800921,1.572e-23,4,7,1265,1175
652.814084,4.278e-25,3,6,1265,1175
652.818983,3.283e-30,3,6,1265,1175
652.835391,2.198e-30,3,6,1265,1175
652.836605,1.322e-23,4,7,1265,1175
652.839536,2.889e-23,4,7,1265,1175
652.875041,1.091e-23,4,7,1265,1175
652.89817,1.081e-30,3,6,1265,1175
652.904208,1.668e-26,3,6,1265,1175
652.909512,1.074e-24,4,7,1265,1175
652.916306,8.832e-24,4,7,1265,1175
652.918475,2.881e-23,4,7,1265,1175
652.933509,4.302e-27,4,6,1265,1175
652.945994,4.241e-29,3,6,1265,1175
652.960477,7.023e-24,4,7,1265,1175
652.997672,3.308e-30,3,6,1265,1175
652.999817,4.142e-27,3,6,1265,1175
653.006943,2.791e-23,4,7,1265,1175
653.007631,5.486e-24,4,7,1265,1175
653.010538,9.599e-30,3,6,1265,1175
653.012493,2.561e-29,3,6,1265,1175
653.015093,1.262e-26,3,6,1265,1175
653.02598,2.886e-28,3,6,1265,1175
653.044679,9.819e-24,4,7,1265,1175
653.045482,3.233e-27,3,6,1265,1175
653.057845,4.211e-24,4,7,1265,1175
653.071519,4.386e-25,4,7,1265,1175
653.096196,2.757e-30,3,7,1265,1175
653.104929,2.635e-23,4,7,1265,1175
653.111195,3.176e-24,4,7,1265,1175
653.113105,1.853e-28,3,6,1265,1175
653.12236,1.025e-28,3,6,1265,1175
653.128055,1.823e-28,3,6,1265,1175
653.143076,7.974e-30,3,6,1265,1175
653.151951,8.6e-30,3,6,1265,1175
653.164334,2.8e-26,4,7,1265,1175
653.167754,2.355e-24,4,7,1265,1175
653.198734,6.183e-29,3,6,1265,1175
653.199095,6.503e-28,3,6,1265,1175
653.212417,2.427e-23,4,7,1265,1175
653.227591,1.716e-24,4,7,1265,1175
653.22815,1.627e-23,4,7,1265,1175
653.232566,3.15e-29,3,6,1265,1175
653.262263,4.264e-21,3,7,1265,1175
653.263445,1.051e-30,3,6,1265,1175
653.264095,1.186e-30,3,6,1175,1175
653.273809,1.044e-30,3,6,1265,1175
653.290774,1.23e-24,4,7,1265,1175
653.293234,4.409e-30,4,7,1265,1175
653.32373,3.397e-30,3,6,1265,1175
653.329392,2.186e-23,4,7,1265,1175
653.335,1.421e-29,3,6,1265,1175
653.357363,8.669e-25,4,7,1265,1175
653.358448,4.15e-25,4,6,1265,1175
653.40215,4.002e-27,3,6,1265,1175
653.416336,7.442e-26,4,6,1265,1175
653.416829,2.617e-25,4,7,1265,1175
653.41948,1.013e-27,3,6,1265,1175
653.420771,5.11e-26,3,6,1265,1175
653.427417,6.008e-25,4,7,1265,1175
653.441222,6.336e-29,3,6,1265,1175
653.455835,1.927e-23,4,7,1265,1175
653.463511,1.259e-19,3,7,1265,1175
653.475659,2.887e-22,5,7,1265,1175
653.47805,2.186e-22,4,7,1265,1175
653.485425,2.455e-29,3,6,1265,1175
653.492437,7.205e-29,3,6,1265,1175
653.500983,4.096e-25,4,7,1265,1175
653.503638,2.1e-27,3,6,1265,1175
653.510044,6.015e-28,3,6,1265,1175
653.520466,4.914e-29,3,6,1265,1175
653.524832,1.173e-29,3,6,1265,1175
653.564338,3.349e-30,3,6,1265,1175
653.569623,1.684e-29,3,6,1265,1175
653.578106,2.746e-25,4,7,1265,1175
653.591729,1.664e-23,4,7,1265,1175
653.625168,9.361e-30,3,6,1265,1175
653.626258,4.763e-27,4,6,1265,1175
653.646915,1.507e-27,4,6,1265,1175
653.647391,8.842e-29,3,6,1265,1175
653.65882,1.811e-25,4,7,1265,1175
653.663616,1.667e-26,3,6,1265,1175
653.710876,1.01e-24,4,7,1265,1175
653.737052,1.408e-23,4,7,1265,1175
653.743151,1.175e-25,4,7,1265,1175
653.767734,2.599e-29,3,6,1265,1175
653.771648,1.537e-25,4,7,1265,1175
653.778038,1.701e-27,3,6,1265,1175
653.787302,1.095e-30,3,6,1265,1175
653.795544,4.312e-21,3,7,1265,1175
653.802119,9.877e-24,4,7,1265,1175
653.802776,3.057e-30,3,6,1265,1175
653.802887,1.707e-28,3,6,1265,1175
653.816676,2.381e-28,3,6,1265,1175
653.81695,8.637e-30,3,6,1265,1175
653.831113,7.503e-26,4,7,1265,1175
653.844482,3.311e-27,3,6,1265,1175
653.860844,3.77e-28,3,6,1265,1175
653.869499,2.003e-28,3,6,1265,1175
653.877212,4.98e-29,3,6,1265,1175
653.884278,5.158e-26,3,6,1265,1175
653.88795,8.695e-30,3,6,1265,1175
653.891783,1.169e-23,4,7,1265,1175
653.893343,4.623e-30,3,6,1265,1175
653.908576,1.903e-28,3,6,1265,1175
653.922711,4.713e-26,4,7,1265,1175
653.960199,6.437e-28,3,6,1265,1175
653.973601,2.082e-27,3,7,1265,1175
653.977824,8.256e-30,3,6,1265,1175
653.99437,1.247e-30,3,6,1265,1175
653.995871,1.311e-30,3,6,1175,1175
654.017939,2.912e-26,4,7,1265,1175
654.021276,1.059e-30,3,6,1265,1175
654.021966,1.303e-28,3,6,1265,1175
654.023365,2.235e-29,4,6,1265,1175
654.02847,1.065e-24,4,7,1265,1175
654.039526,3.788e-30,3,6,1265,1175
654.048429,9.927e-28,3,6,1265,1175
654.055899,9.528e-24,4,7,1265,1175
654.068484,1.054e-27,3,6,1265,1175
654.069362,1.058e-30,3,6,1265,1175
654.113882,3.685e-22,3,7,1265,1175
654.116775,1.771e-26,4,7,1265,1175
654.117594,4.141e-25,4,6,1265,1175
654.122381,8.939e-24,4,7,1265,1175
654.135947,8.886e-26,4,7,1265,1175
654.139957,4.428e-27,3,6,1265,1175
654.146924,9.737e-25,4,6,1265,1175
654.164908,2.497e-30,3,6,1265,1175
654.165022,2.878e-30,3,6,1265,1175
654.176024,8.333e-26,4,6,1265,1175
654.177784,1.459e-28,3,6,1265,1175
654.199342,1.395e-30,3,6,1265,1175
654.202884,3.324e-26,4,7,1265,1175
654.218013,1.024e-29,3,6,1265,1175
654.219186,1.06e-26,4,7,1265,1175
654.219281,1.294e-26,3,6,1265,1175
654.228416,8.697e-29,3,6,1265,1175
654.229375,7.622e-24,4,7,1265,1175
654.235182,2.197e-22,3,7,1265,1175
654.248212,2.404e-29,3,6,1265,1175
654.26321,6.095e-28,3,6,1265,1175
654.276698,3.386e-29,3,6,1265,1175
654.294201,6.43e-29,3,6,1265,1175
654.301869,6.855e-30,3,6,1265,1175
654.314994,3.39e-30,3,6,1265,1175
654.325122,6.24e-27,4,7,1265,1175
654.336265,4.469e-25,3,6,1265,1175
654.347283,1.461e-29,3,6,1265,1175
654.349339,3.457e-29,3,6,1265,1175
654.350278,2.371e-28,3,6,1265,1175
654.352588,5.07e-29,3,6,1265,1175
654.357051,6.397e-29,3,6,1265,1175
654.362758,7.429e-29,3,6,1265,1175
654.365362,2.527e-29,3,6,1265,1175
654.368821,1.692e-29,3,6,1265,1175
654.369745,8.154e-29,3,6,1265,1175
654.378056,8.572e-29,3,6,1265,1175
654.387742,8.698e-29,3,6,1265,1175
654.393799,4.298e-29,3,6,1265,1175
654.398859,8.56e-29,3,6,1265,1175
654.411468,8.198e-29,3,6,1265,1175
654.412185,5.988e-24,4,7,1265,1175
654.424458,1.648e-26,3,6,1265,1175
654.425634,7.657e-29,3,6,1265,1175
654.434519,3.615e-27,4,7,1265,1175
654.434871,5.763e-29,3,6,1265,1175
654.440697,1.383e-24,4,7,1265,1175
654.441428,6.988e-29,3,6,1265,1175
654.458921,6.239e-29,3,6,1265,1175
654.462898,1.702e-29,3,6,1265,1175
654.465757,1.103e-30,3,6,1265,1175
654.478187,5.454e-29,3,6,1265,1175
654.488574,6.938e-29,3,6,1265,1175
654.499301,4.673e-29,3,6,1265,1175
654.5097,5.057e-26,4,7,1265,1175
654.522335,3.927e-29,3,6,1265,1175
654.524475,2.615e-29,3,6,1265,1175
654.547295,2.061e-27,4,7,1265,1175
654.547362,3.237e-29,3,6,1265,1175
654.549981,2.96e-30,3,6,1265,1175
654.554903,7.809e-29,3,6,1265,1175
654.558959,2.284e-27,3,6,1265,1175
654.559318,1.303e-26,3,6,1265,1175
654.561018,9.842e-24,4,7,1265,1175
654.574451,2.619e-29,3,6,1265,1175
654.576868,8.815e-30,4,7,1265,1175
654.581207,6.842e-29,3,6,1265,1175
654.603665,2.081e-29,3,6,1265,1175
654.6043,4.621e-24,4,7,1265,1175
654.612317,2.189e-28,3,6,1265,1175
654.632729,1.61e-29,3,6,1265,1175
654.633852,8.37e-29,3,6,1265,1175
654.63417,9.427e-30,3,6,1265,1175
654.635063,1.624e-29,3,6,1265,1175
654.643479,6.707e-29,3,6,1265,1175
654.645681,3.369e-27,3,6,1265,1175
654.659136,1.283e-30,3,6,1265,1175
654.663351,1.157e-27,4,7,1265,1175
654.664565,1.673e-26,4,7,1265,1175
654.668696,1.245e-29,3,6,1265,1175
654.682656,8.738e-30,3,6,1265,1175
654.690902,2.265e-29,3,6,1265,1175
654.704603,9.384e-30,3,6,1265,1175
654.705376,1.952e-28,3,6,1265,1175
654.722722,6.293e-28,3,6,1265,1175
654.725413,8.629e-29,3,6,1265,1175
654.742816,6.949e-30,3,6,1265,1175
654.751922,4.332e-21,3,7,1265,1175
654.751975,2.211e-23,4,7,1265,1175
654.773772,7.889e-30,3,6,1265,1175
654.780531,1.057e-30,3,6,1265,1175
654.782569,6.387e-28,4,7,1265,1175
654.783352,5.058e-30,3,6,1265,1175
654.802413,1.213e-29,3,6,1265,1175
654.805693,3.504e-24,4,7,1265,1175
654.81754,1.149e-29,3,6,1265,1175
654.826213,3.62e-30,3,6,1265,1175
654.829578,8.608e-29,3,6,1265,1175
654.866357,1.066e-30,3,6,1265,1175
654.871385,2.547e-30,3,6,1265,1175
654.871524,4.854e-25,4,6,1265,1175
654.878188,4.087e-25,4,6,1265,1175
654.87963,4.875e-27,3,6,1265,1175
654.882013,1.111e-24,4,6,1265,1175
654.886856,9.274e-26,4,6,1265,1175
654.892875,2.834e-26,4,7,1265,1175
654.900893,1.688e-24,4,6,1265,1175
654.904812,3.471e-28,4,7,1265,1175
654.905375,9.891e-24,4,7,1265,1175
654.918836,1.762e-30,3,6,1265,1175
654.92816,2.192e-24,4,6,1265,1175
654.929213,7.959e-28,3,6,1265,1175
654.933477,2.12e-30,3,6,1265,1175
654.946338,8.343e-29,3,6,1265,1175
654.949271,4.854e-30,3,6,1265,1175
654.963812,2.605e-24,4,6,1265,1175
654.96838,6.81e-29,3,6,1265,1175
654.968512,1.199e-30,3,6,1265,1175
654.977704,7.373e-30,3,6,1265,1175
654.983165,2.131e-22,5,7,1265,1175
654.984261,5.706e-30,3,7,1265,1175
654.993902,2.187e-22,4,7,1265,1175
654.995803,1.277e-19,3,7,1265,1175
655.007844,2.913e-24,4,6,1265,1175
655.012402,2.32e-29,3,6,1265,1175
655.016332,2.612e-24,4,7,1265,1175
655.01878,9.573e-30,3,6,1265,1175
655.018787,6.124e-28,3,6,1265,1175
655.029921,1.857e-28,4,7,1265,1175
655.054923,2.501e-30,3,6,1265,1175
655.06025,3.113e-24,4,6,1265,1175
655.064057,3.402e-30,3,6,1265,1175
655.069623,6.688e-29,3,6,1265,1175
655.071822,1.409e-30,3,6,1175,1175
655.072507,1.137e-29,3,6,1265,1175
655.07568,7.877e-29,3,6,1265,1175
655.077689,4.988e-26,3,6,1265,1175
655.080301,2.703e-30,3,6,1265,1175
655.096474,1.303e-24,4,7,1265,1175
655.119827,1.491e-29,3,6,1265,1175
655.121023,3.204e-24,4,6,1265,1175
655.138893,1.272e-29,3,6,1265,1175
655.157717,9.773e-29,3,7,1265,1175
655.161466,1.745e-27,4,6,1265,1175
655.163315,1.486e-27,3,6,1265,1175
655.170406,1.689e-29,3,6,1265,1175
655.180346,1.153e-27,3,7,1265,1175
655.183087,7.562e-29,3,6,1265,1175
655.18673,1.609e-26,3,6,1265,1175
655.190157,3.195e-24,4,6,1265,1175
655.203609,4.303e-27,4,6,1265,1175
655.217592,7.26e-29,3,6,1265,1175
655.217947,1.359e-29,3,6,1265,1175
655.231073,1.228e-29,3,6,1265,1175
655.236185,1.914e-24,4,7,1265,1175
655.265312,3.8e-26,4,6,1265,1175
655.266223,2.196e-26,4,6,1265,1175
655.267642,3.097e-24,4,6,1265,1175
655.273339,6.465e-26,4,6,1265,1175
655.280833,5.197e-26,4,6,1265,1175
655.282682,2.606e-29,3,6,1265,1175
655.284932,8.672e-26,4,6,1265,1175
655.285438,1.563e-26,4,7,1265,1175
655.287998,5.063e-29,3,7,1265,1175
655.300092,1.045e-25,4,6,1265,1175
655.30379,7.621e-26,4,6,1265,1175
655.309679,1.399e-29,3,6,1265,1175
655.318817,1.177e-25,4,6,1265,1175
655.321379,9.707e-24,4,7,1265,1175
655.332486,4.308e-21,3,7,1265,1175
655.335091,9.615e-26,4,6,1265,1175
655.339553,2.504e-28,3,6,1265,1175
655.341108,1.263e-25,4,6,1265,1175
655.348135,2.347e-30,3,6,1265,1175
655.353469,2.927e-24,4,6,1265,1175
655.356505,2.379e-28,3,6,1265,1175
655.366962,1.303e-25,4,6,1265,1175
655.372061,6.542e-29,3,6,1265,1175
655.374732,1.117e-25,4,6,1265,1175
655.381735,1.016e-29,3,6,1265,1175
655.39043,1.102e-30,3,6,1265,1175
655.396377,1.302e-25,4,6,1265,1175
655.414097,1.395e-29,3,6,1265,1175
655.420539,2.581e-29,3,7,1265,1175
655.422707,1.225e-25,4,6,1265,1175
655.429352,1.263e-25,4,6,1265,1175
655.446895,3.406e-27,3,6,1265,1175
655.447627,2.7e-24,4,6,1265,1175
655.452347,4.996e-26,3,6,1265,1175
655.452905,2.3e-28,3,6,1265,1175
655.465219,1.378e-24,4,7,1265,1175
655.465883,1.194e-25,4,6,1265,1175
655.479012,1.288e-25,4,6,1265,1175
655.48666,6.067e-28,3,6,1265,1175
655.503502,1.996e-28,3,6,1265,1175
655.503632,3.703e-30,3,6,1265,1175
655.505965,1.103e-25,4,6,1265,1175
655.511289,1.338e-30,3,6,1265,1175
655.515778,2.536e-30,3,6,1265,1175
655.525981,1.077e-30,3,6,1265,1175
655.53121,1.352e-29,3,6,1265,1175
655.539071,5.769e-29,3,6,1265,1175
655.541209,1.044e-30,3,6,1265,1175
655.543639,1.307e-25,4,6,1265,1175
655.549595,9.952e-26,4,6,1265,1175
655.550103,2.437e-24,4,6,1265,1175
655.555091,1.295e-29,3,7,1265,1175
655.563473,9.655e-30,3,6,1265,1175
655.590535,2.253e-29,4,6,1265,1175
655.596764,8.792e-26,4,6,1265,1175
655.603139,4.793e-30,3,6,1265,1175
655.607978,7.496e-30,3,6,1265,1175
655.609251,2.972e-25,4,6,1265,1175
655.612983,1.152e-29,3,6,1265,1175
655.614963,5.27e-25,4,6,1265,1175
655.61658,1.286e-25,4,6,1265,1175
655.617968,1.181e-27,3,6,1265,1175
655.618385,1.9e-28,3,6,1265,1175
655.620305,5.339e-27,3,6,1265,1175
655.622115,7.222e-25,4,6,1265,1175
655.625536,7.76e-25,4,7,1265,1175
655.63067,8.938e-25,4,6,1265,1175
655.640225,3.988e-25,4,6,1265,1175
655.640701,1.046e-24,4,6,1265,1175
655.643941,9.591e-29,3,6,1265,1175
655.643973,1.028e-25,4,6,1265,1175
655.647466,7.61e-26,4,6,1265,1175
655.650329,1.4e-27,4,6,1265,1175
655.652074,1.181e-24,4,6,1265,1175
655.656253,2.483e-27,4,6,1265,1175
655.660886,2.153e-24,4,6,1265,1175
655.661025,1.277e-29,3,6,1265,1175
655.663656,3.403e-27,4,6,1265,1175
655.664792,1.069e-30,3,6,1265,1175
655.665013,1.298e-24,4,6,1265,1175
655.672542,4.213e-27,4,6,1265,1175
655.67916,1.399e-24,4,6,1265,1175
655.680545,1.314e-26,3,6,1265,1175
655.681766,1.446e-29,3,6,1265,1175
655.682902,4.931e-27,4,6,1265,1175
655.685305,9.05e-30,3,6,1265,1175
655.686537,4.142e-22,3,7,1265,1175
655.687355,8.488e-27,4,7,1265,1175
655.691379,6.397e-30,3,7,1265,1175
655.694751,5.567e-27,4,6,1265,1175
655.695057,1.484e-24,4,6,1265,1175
655.697827,1.232e-25,4,6,1265,1175
655.701317,8.532e-25,4,6,1265,1175
655.70169,6.458e-26,4,6,1265,1175
655.702103,1.103e-23,4,7,1265,1175
655.703398,9.764e-25,4,7,1265,1175
655.708064,6.123e-27,4,6,1265,1175
655.711911,1.552e-24,4,6,1265,1175
655.712593,1.647e-27,3,6,1265,1175
655.718606,4.984e-29,3,6,1265,1175
655.722879,6.601e-27,4,6,1265,1175
655.730839,1.604e-24,4,6,1265,1175
655.739137,7.003e-27,4,6,1265,1175
655.750306,1.641e-24,4,6,1265,1175
655.754002,2.156e-22,4,7,1265,1175
655.756922,7.327e-27,4,6,1265,1175
655.759425,5.377e-26,4,6,1265,1175
655.767755,1.503e-30,3,6,1175,1175
655.772367,1.663e-24,4,6,1265,1175
655.775237,8.748e-29,3,6,1265,1175
655.775248,6.098e-28,3,6,1265,1175
655.776116,7.577e-27,4,6,1265,1175
655.777991,2.204e-29,3,6,1265,1175
655.779961,1.863e-24,4,6,1265,1175
655.787369,1.151e-25,4,6,1265,1175
655.79432,1.671e-24,4,6,1265,1175
655.794581,6.129e-26,4,7,1265,1175
655.796877,7.754e-27,4,6,1265,1175
655.803544,1.179e-29,3,6,1265,1175
655.817127,3.384e-30,3,6,1265,1175
655.818994,7.861e-27,4,6,1265,1175
655.81965,1.665e-24,4,6,1265,1175
655.820657,4.393e-26,4,6,1265,1175
655.829104,3.11e-30,3,7,1265,1175
655.842741,7.901e-27,4,6,1265,1175
655.843928,1.647e-24,4,6,1265,1175
655.852721,1.687e-30,3,6,1265,1175
655.856601,1.055e-30,3,6,1265,1175
655.862421,4.535e-25,3,6,1265,1175
655.867763,7.879e-27,4,6,1265,1175
655.872699,1.618e-24,4,6,1265,1175
655.875553,1.733e-29,4,7,1265,1175
655.885195,1.05e-25,4,6,1265,1175
655.885371,3.524e-26,4,6,1265,1175
655.894507,7.798e-27,4,6,1265,1175
655.899098,1.579e-24,4,6,1265,1175
655.901827,1.086e-30,3,6,1265,1175
655.907313,1.581e-24,4,6,1265,1175
655.910649,4.221e-29,3,6,1265,1175
655.915584,2.669e-29,3,6,1265,1175
655.922416,7.663e-27,4,6,1265,1175
655.922569,2.269e-28,3,6,1265,1175
655.931523,1.531e-24,4,6,1265,1175
655.950431,1.55e-26,3,6,1265,1175
655.950687,6.802e-25,4,7,1265,1175
655.95217,7.481e-27,4,6,1265,1175
655.953546,2.777e-26,4,6,1265,1175
655.95877,1.064e-29,3,6,1265,1175
655.959798,1.475e-24,4,6,1265,1175
655.967938,1.488e-30,3,7,1265,1175
655.972141,1.677e-29,3,6,1265,1175
655.973572,1.747e-24,4,7,1265,1175
655.974498,7.409e-29,3,6,1265,1175
655.982943,7.258e-27,4,6,1265,1175
655.991293,9.379e-26,4,6,1265,1175
655.996133,1.413e-24,4,6,1265,1175
655.996571,1.537e-29,3,6,1265,1175
656.015723,6.997e-27,4,6,1265,1175
656.020157,5.289e-30,3,6,1265,1175
656.021831,6.154e-30,3,6,1265,1175
656.025161,2.149e-26,4,6,1265,1175
656.025993,1.346e-24,4,6,1265,1175
656.028564,7.733e-29,3,6,1265,1175
656.035945,1.391e-28,3,6,1265,1175
656.036959,1.096e-30,3,6,1265,1175
656.042376,2.571e-29,3,6,1265,1175
656.042927,1.317e-24,4,6,1265,1175
656.044801,1.913e-28,3,6,1265,1175
656.049335,6.707e-27,4,6,1265,1175
656.055133,2.365e-28,3,6,1265,1175
656.066542,1.274e-24,4,6,1265,1175
656.06694,2.758e-28,3,6,1265,1175
656.080222,3.098e-28,3,6,1265,1175
656.083195,9.465e-24,4,7,1265,1175
656.085159,6.392e-27,4,6,1265,1175
656.094978,3.389e-28,3,6,1265,1175
656.097465,7.092e-29,3,6,1265,1175
656.097646,1.2e-24,4,6,1265,1175
656.098586,4.539e-27,4,7,1265,1175
656.100191,1.635e-26,4,6,1265,1175
656.102063,2.572e-28,3,6,1265,1175
656.10215,2.596e-30,3,6,1265,1175
656.105651,8.202e-26,4,6,1265,1175
656.105843,1.303e-26,3,6,1265,1175
656.111208,3.633e-28,3,6,1265,1175
656.115179,3.507e-29,3,6,1265,1175
656.121582,6.058e-27,4,6,1265,1175
656.1267,9.397e-30,3,6,1265,1175
656.128911,3.832e-28,3,6,1265,1175
656.130644,1.089e-29,3,6,1265,1175
656.142761,1.125e-24,4,6,1265,1175
656.148087,3.986e-28,3,6,1265,1175
656.159483,9.831e-27,3,7,1265,1175
656.160468,5.71e-27,4,6,1265,1175
656.168736,4.099e-28,3,6,1265,1175
656.174718,1.048e-24,4,6,1265,1175
656.178606,1.222e-26,4,6,1265,1175
656.186784,1.077e-24,4,6,1265,1175
656.190856,4.171e-28,3,6,1265,1175
656.199674,5.355e-27,4,6,1265,1175
656.20498,1.332e-30,3,6,1265,1175
656.207047,4.661e-25,4,7,1265,1175
656.214447,4.205e-28,3,6,1265,1175
656.224802,9.721e-25,4,6,1265,1175
656.228253,7.03e-26,4,6,1265,1175
656.239507,4.203e-28,3,6,1265,1175
656.241642,4.995e-27,4,6,1265,1175
656.249992,4.249e-21,3,7,1265,1175
656.251194,3.422e-27,3,6,1265,1175
656.252011,5.756e-28,3,6,1265,1175
656.256836,2.657e-29,4,6,1265,1175
656.25717,8.972e-25,4,6,1265,1175
656.260374,8.984e-27,4,6,1265,1175
656.266039,4.169e-28,3,6,1265,1175
656.277009,2.954e-23,4,7,1265,1175
656.2836,4.636e-27,4,6,1265,1175
656.294036,4.104e-28,3,6,1265,1175
656.302949,2.032e-28,3,6,1265,1175
656.303305,1.019e-30,3,6,1265,1175
656.307327,8.135e-30,3,6,1265,1175
656.312677,8.237e-25,4,6,1265,1175
656.323505,4.012e-28,3,6,1265,1175
656.328669,4.282e-27,4,6,1265,1175
656.332177,2.86e-29,3,6,1265,1175
656.338868,8.641e-25,4,6,1265,1175
656.344959,7.528e-25,4,6,1265,1175
656.345456,6.492e-27,4,6,1265,1175
656.354436,3.897e-28,3,6,1265,1175
656.359086,5.91e-26,4,6,1265,1175
656.362633,1.133e-25,4,6,1265,1175
656.362697,5.816e-27,3,6,1265,1175
656.373351,3.935e-27,4,6,1265,1175
656.377188,6.288e-28,3,7,1265,1175
656.38684,3.761e-28,3,6,1265,1175
656.399079,7.092e-30,3,6,1265,1175
656.399083,3.941e-30,3,6,1265,1175
656.403704,3.839e-25,4,6,1265,1175
656.406398,6.845e-25,4,6,1265,1175
656.407978,7.155e-30,3,6,1265,1175
656.409752,1.162e-29,3,6,1265,1175
656.418354,9.867e-30,3,6,1265,1175
656.420694,4.884e-25,4,6,1265,1175
656.4207,3.608e-28,3,6,1265,1175
656.421538,3.599e-27,4,6,1265,1175
656.430212,1.219e-29,3,6,1265,1175
656.433811,4.613e-27,4,6,1265,1175
656.437292,6.147e-28,3,6,1265,1175
656.438044,6.197e-25,4,6,1265,1175
656.443552,1.418e-29,3,6,1265,1175
656.456035,3.441e-28,3,6,1265,1175
656.458373,1.587e-29,3,6,1265,1175
656.464659,1.066e-30,3,6,1265,1175
656.468914,3.276e-27,4,6,1265,1175
656.472438,3.142e-25,4,7,1265,1175
656.474675,1.729e-29,3,6,1265,1175
656.476627,1.222e-23,4,7,1265,1175
656.479303,2.133e-30,3,6,1265,1175
656.486471,1.546e-22,5,7,1265,1175
656.490337,1.652e-24,4,7,1265,1175
656.492457,1.845e-29,3,6,1265,1175
656.492819,3.263e-28,3,6,1265,1175
656.494887,3.861e-30,3,6,1265,1175
656.497974,7.123e-29,3,6,1265,1175
656.498134,4.875e-26,4,6,1265,1175
656.499159,6.813e-25,4,6,1265,1175
656.500081,2.043e-27,3,6,1265,1175
656.500641,6.905e-30,3,6,1265,1175
656.505975,5.582e-25,4,6,1265,1175
656.51172,1.936e-29,3,6,1265,1175
656.515647,2.102e-22,4,7,1265,1175
656.519091,2.39e-27,4,7,1265,1175
656.520233,2.968e-27,4,6,1265,1175
656.525391,3.224e-27,3,6,1265,1175
656.531082,3.077e-28,3,6,1265,1175
656.531638,1.254e-19,3,7,1265,1175
656.532462,2.005e-29,3,6,1265,1175
656.533803,6.013e-28,3,6,1265,1175
656.536384,5.007e-25,4,6,1265,1175
656.544977,2.053e-29,3,6,1265,1175
656.554684,2.051e-29,3,6,1265,1175
656.56162,2.289e-29,3,6,1265,1175
656.569695,3.333e-30,3,6,1265,1175
656.570282,2.677e-27,4,6,1265,1175
656.570784,2.887e-28,3,6,1265,1175
656.578385,2.077e-29,3,6,1265,1175
656.603565,2.083e-29,3,6,1265,1175
656.61142,4.468e-25,4,6,1265,1175
656.611974,2.694e-28,3,6,1265,1175
656.617893,8.946e-29,3,6,1265,1175
656.620143,2.216e-27,3,6,1265,1175
656.624742,2.403e-27,4,6,1265,1175
656.62952,1.259e-30,3,6,1265,1175
656.630222,2.072e-29,3,6,1265,1175
656.639936,3.972e-25,4,6,1265,1175
656.645378,3.948e-26,4,6,1265,1175
656.65349,1.718e-29,3,6,1265,1175
656.654587,2.501e-28,3,6,1265,1175
656.658357,2.045e-29,3,6,1265,1175
656.667636,5.278e-25,4,6,1265,1175
656.677444,2.147e-27,4,6,1265,1175
656.678385,1.979e-27,4,6,1265,1175
656.687969,2.003e-29,3,6,1265,1175
656.696303,2.953e-29,3,6,1265,1175
656.6987,2.31e-28,3,6,1265,1175
656.706625,5.752e-30,3,6,1265,1175
656.715559,1.47e-26,3,6,1265,1175
656.71641,6.348e-29,3,6,1265,1175
656.718007,1.498e-27,3,6,1265,1175
656.719057,1.949e-29,3,6,1265,1175
656.72274,3.512e-25,4,6,1265,1175
656.735046,1.91e-27,4,6,1265,1175
656.744217,2.124e-28,3,6,1265,1175
656.745413,4.75e-26,3,6,1265,1175
656.746821,2.083e-25,4,7,1265,1175
656.74866,3.095e-25,4,6,1265,1175
656.751621,1.884e-29,3,6,1265,1175
656.776932,1.655e-29,3,6,1265,1175
656.783112,3.809e-27,4,6,1265,1175
656.78566,1.809e-29,3,6,1265,1175
656.790392,1.692e-27,4,6,1265,1175
656.791251,1.943e-28,3,6,1265,1175
656.800801,3.14e-26,4,6,1265,1175
656.803485,1.8e-29,3,6,1265,1175
656.803538,2.507e-29,3,6,1265,1175
656.812965,1.637e-28,3,6,1265,1175
656.815394,4.008e-26,4,6,1265,1175
656.818919,9.965e-28,3,6,1265,1175
656.821173,1.727e-29,3,6,1265,1175
656.822494,1.035e-27,3,6,1265,1175
656.839663,1.768e-28,3,6,1265,1175
656.839946,2.712e-25,4,6,1265,1175
656.84428,4.018e-25,4,6,1265,1175
656.846467,9.112e-24,4,7,1265,1175
656.848988,2.764e-28,3,6,1265,1175
656.851128,1.492e-27,4,6,1265,1175
656.851581,4.681e-30,3,6,1265,1175
656.858161,1.639e-29,3,6,1265,1175
656.862515,2.369e-25,4,6,1265,1175
656.872912,4.143e-21,3,7,1265,1175
656.873958,1.163e-29,3,7,1265,1175
656.880896,1.159e-29,3,6,1265,1175
656.889618,1.602e-28,3,6,1265,1175
656.894266,1.772e-30,3,6,1265,1175
656.896621,1.547e-29,3,6,1265,1175
656.899907,4.738e-30,3,6,1265,1175
656.909117,1.31e-27,4,6,1265,1175
656.914515,1.562e-30,3,6,1175,1175
656.922806,6.521e-28,3,6,1265,1175
656.925257,4.776e-30,3,3,1265,1176
656.936554,1.452e-29,3,6,1265,1175
656.940915,1.445e-28,3,6,1265,1175
656.948827,1.239e-27,4,7,1265,1175
656.963042,2.058e-25,4,6,1265,1175
656.964385,2.454e-26,4,6,1265,1175
656.972967,1.144e-27,4,6,1265,1175
656.977958,1.356e-29,3,6,1265,1175
656.981464,1.782e-25,4,6,1265,1175
656.982621,2.384e-30,3,6,1265,1175
656.993789,1.297e-28,3,6,1265,1175
656.995855,1.408e-28,3,6,1265,1175
657.001819,1.081e-30,3,6,1265,1175
657.018772,5.36e-28,3,6,1265,1175
657.02019,4.727e-26,3,6,1265,1175
657.020834,1.26e-29,3,6,1265,1175
657.029067,3.008e-25,4,6,1265,1175
657.029589,4.198e-28,3,6,1265,1175
657.030152,1.359e-25,4,7,1265,1175
657.031871,1.398e-30,3,6,1265,1175
657.033615,9.962e-28,4,6,1265,1175
657.047959,1.159e-28,3,6,1265,1175
657.054346,3.416e-27,3,6,1265,1175
657.057747,1.39e-29,3,6,1265,1175
657.065179,1.164e-29,3,6,1265,1175
657.092033,1.535e-25,4,6,1265,1175
657.098703,2.171e-28,3,6,1265,1175
657.100541,8.63e-28,4,6,1265,1175
657.103712,2.058e-28,3,6,1265,1175
657.103754,1.031e-28,3,6,1265,1175
657.10547,1.317e-25,4,6,1265,1175
657.106212,6.302e-27,3,6,1265,1175
657.110994,1.07e-29,3,6,1265,1175
657.118066,1.244e-25,4,6,1265,1175
657.136109,1.884e-26,4,6,1265,1175
657.13918,2.659e-28,3,6,1265,1175
657.148364,2.007e-29,3,6,1265,1175
657.153156,1.288e-26,3,6,1265,1175
657.15651,3.836e-30,3,3,1265,1176
657.158277,9.794e-30,3,6,1265,1175
657.160785,9.132e-29,3,6,1265,1175
657.161317,2.209e-29,4,6,1265,1175
657.163878,7.448e-28,4,6,1265,1175
657.166559,5.952e-30,3,6,1265,1175
657.168622,3.64e-25,4,6,1265,1175
657.180322,1.973e-30,3,6,1265,1175
657.188732,3.353e-29,4,7,1265,1175
657.1901,1.328e-27,3,6,1265,1175
657.207029,8.918e-30,3,6,1265,1175
657.207395,1.903e-29,3,6,1265,1175
657.207842,1.174e-29,3,6,1265,1175
657.213164,2.724e-28,3,6,1265,1175
657.219502,8.051e-29,3,6,1265,1175
657.221225,5.561e-25,4,7,1265,1175
657.221975,2.213e-25,4,6,1265,1175
657.226923,1.125e-25,4,6,1265,1175
657.233827,6.397e-28,4,6,1265,1175
657.234499,9.576e-26,4,6,1265,1175
657.243383,6.671e-30,3,6,1265,1175
657.251484,1.657e-28,3,6,1265,1175
657.255225,7.331e-25,4,6,1265,1175
657.257246,8.081e-30,3,6,1265,1175
657.261176,4.458e-22,3,7,1265,1175
657.265141,1.493e-30,3,6,1265,1175
657.265959,1.058e-30,3,6,1265,1175
657.272932,2.046e-30,3,6,1265,1175
657.278699,2.025e-22,3,7,1265,1175
657.279378,7.067e-29,3,6,1265,1175
657.282249,2.532e-30,3,6,1265,1175
657.291362,1.335e-23,4,7,1265,1175
657.293178,2.963e-30,3,6,1265,1175
657.293496,5.864e-28,3,6,1265,1175
657.299904,5.474e-28,4,6,1265,1175
657.30556,3.344e-30,3,6,1265,1175
657.308931,7.289e-30,3,6,1265,1175
657.313358,1.87e-29,3,6,1265,1175
657.315952,1.422e-26,4,6,1265,1175
657.319662,3.678e-30,3,6,1265,1175
657.322389,8.726e-26,4,7,1265,1175
657.324379,1.055e-29,3,6,1265,1175
657.325338,3.247e-30,3,6,1265,1175
657.335058,3.964e-30,3,6,1265,1175
657.34102,6.176e-29,3,6,1265,1175
657.347271,3.15e-30,3,6,1265,1175
657.35183,2.532e-27,3,6,1265,1175
657.35239,4.203e-30,3,6,1265,1175
657.362077,6.544e-30,3,6,1265,1175
657.366397,1.016e-28,3,6,1265,1175
657.366946,1.453e-30,3,6,1265,1175
657.367712,8.106e-26,4,6,1265,1175
657.368522,6.844e-26,4,6,1265,1175
657.369048,5.16e-29,3,6,1265,1175
657.370723,4.397e-30,3,6,1265,1175
657.372798,4.662e-28,4,6,1265,1175
657.387749,6.324e-28,4,7,1265,1175
657.390942,1.112e-25,4,7,1265,1175
657.391371,4.545e-30,3,6,1265,1175
657.392537,4.451e-25,3,6,1265,1175
657.40035,2.978e-30,3,6,1265,1175
657.403724,5.483e-29,3,3,1265,1176
657.41253,4.65e-30,3,6,1265,1175
657.416694,5.848e-30,3,6,1265,1175
657.422979,1.602e-25,4,6,1265,1175
657.436613,4.712e-30,3,6,1265,1175
657.441692,3.956e-28,4,6,1265,1175
657.460453,4.734e-30,3,6,1265,1175
657.468298,4.656e-29,3,6,1265,1175
657.472783,5.328e-30,3,3,1265,1176
657.482109,1.368e-26,3,6,1265,1175
657.483805,6.135e-29,3,6,1265,1175
657.485007,1.449e-30,3,6,1265,1175
657.488125,4.718e-30,3,6,1265,1175
657.496935,2.123e-28,3,6,1265,1175
657.497378,3.296e-29,3,6,1265,1175
657.503892,1.055e-26,4,6,1265,1175
657.507512,4.809e-26,4,6,1265,1175
657.50816,2.167e-24,4,7,1265,1175
657.514397,5.744e-26,4,6,1265,1175
657.514461,4.668e-30,3,6,1265,1175
657.517425,3.341e-28,4,6,1265,1175
657.530311,4.607e-30,3,6,1265,1175
657.533811,4.016e-29,3,6,1265,1175
657.538354,1.121e-30,3,6,1265,1175
657.545919,4.585e-30,3,6,1265,1175
657.560723,7.29e-29,3,6,1265,1175
657.564156,3.377e-28,3,7,1265,1175
657.566177,2.414e-29,3,6,1265,1175
657.56729,1.619e-30,3,6,1175,1175
657.574521,4.474e-30,3,6,1265,1175
657.580999,1.625e-29,3,6,1265,1175
657.589241,2.812e-28,4,6,1265,1175
657.589318,4.162e-30,3,3,1265,1176
657.597282,2.952e-28,3,6,1265,1175
657.598026,4.433e-26,4,6,1265,1175
657.601322,3.45e-29,3,6,1265,1175
657.603353,7.873e-30,3,6,1265,1175
657.603586,3.644e-29,3,6,1265,1175
657.610005,4.337e-30,3,6,1265,1175
657.611191,8.645e-24,4,7,1265,1175
657.611745,1.062e-30,3,6,1265,1175
657.623485,5.512e-26,4,7,1265,1175
657.632055,1.14e-25,4,6,1265,1175
657.632489,1.226e-29,3,6,1265,1175
657.640597,4.18e-30,3,6,1265,1175
657.648838,5.687e-27,3,7,1265,1175
657.649772,3.654e-30,3,3,1265,1176
657.651446,3.324e-26,4,6,1265,1175
657.6543,2.233e-30,3,6,1265,1175
657.654648,1.253e-26,3,6,1265,1175
657.656736,2.347e-30,3,3,1265,1176
657.666974,4.002e-26,4,6,1265,1175
657.667676,2.355e-28,3,6,1265,1175
657.669622,2.951e-29,3,6,1265,1175
657.680394,4.003e-30,3,6,1265,1175
657.696276,2.124e-30,3,6,1265,1175
657.699907,7.695e-27,4,6,1265,1175
657.704538,1.588e-26,3,6,1265,1175
657.711578,2.857e-26,3,6,1265,1175
657.711702,3.194e-30,3,3,1265,1176
657.712655,3.813e-30,3,6,1265,1175
657.720026,3.928e-26,3,6,1265,1175
657.724703,1.857e-30,3,6,1265,1175
657.725608,2.13e-29,3,6,1265,1175
657.72988,4.854e-26,3,6,1265,1175
657.734367,6.188e-29,3,6,1265,1175
657.740082,2.513e-29,3,6,1265,1175
657.741142,5.66e-26,3,6,1265,1175
657.742556,1.966e-28,3,6,1265,1175
657.753809,6.356e-26,3,6,1265,1175
657.756455,3.997e-21,3,7,1265,1175
657.757096,3.611e-30,3,6,1265,1175
657.767882,6.951e-26,3,6,1265,1175
657.775064,2.71e-30,3,6,1265,1175
657.783361,7.45e-26,3,6,1265,1175
657.786941,4.881e-28,3,6,1265,1175
657.790655,3.402e-30,3,6,1265,1175
657.800245,7.854e-26,3,6,1265,1175
657.800307,2.26e-26,4,6,1265,1175
657.803327,3.877e-23,3,7,1265,1175
657.811143,2.132e-29,3,6,1265,1175
657.818533,8.168e-26,3,6,1265,1175
657.823518,1.632e-28,3,6,1265,1175
657.825433,2.743e-26,4,6,1265,1175
657.835806,3.179e-28,4,7,1265,1175
657.838223,8.395e-26,3,6,1265,1175
657.839923,2.408e-30,3,3,1265,1176
657.840121,3.187e-30,3,6,1265,1175
657.843703,1.358e-25,4,6,1265,1175
657.849175,7.981e-26,4,6,1265,1175
657.849726,1.225e-29,3,6,1265,1175
657.851337,6.791e-27,3,6,1265,1175
657.859318,8.538e-26,3,6,1265,1175
657.862017,3.391e-27,3,6,1265,1175
657.87456,2.971e-30,3,6,1265,1175
657.881812,8.604e-26,3,6,1265,1175
657.88251,4.316e-29,4,6,1265,1175
657.884565,1.8e-29,3,6,1265,1175
657.892592,2.055e-24,4,7,1265,1175
657.894639,5.774e-30,3,6,1265,1175
657.901641,1.351e-28,3,6,1265,1175
657.903973,5.52e-27,4,6,1265,1175
657.905711,8.596e-26,3,6,1265,1175
657.905788,2.075e-28,3,6,1265,1175
657.906264,2.025e-30,3,6,1265,1175
657.925629,1.758e-30,3,6,1265,1175
657.929478,2.755e-30,3,6,1265,1175
657.931004,8.52e-26,3,6,1265,1175
657.933395,3.427e-26,4,7,1265,1175
657.934977,3.391e-25,4,6,1265,1175
657.943884,4.667e-28,3,6,1265,1175
657.954083,1.511e-26,4,6,1265,1175
657.957707,8.383e-26,3,6,1265,1175
657.958358,1.514e-29,3,6,1265,1175
657.960892,8.679e-25,4,6,1265,1175
657.964333,2.543e-30,3,6,1265,1175
657.973974,1.739e-30,3,6,1265,1175
657.975547,8.038e-25,4,6,1265,1175
657.975786,6.935e-30,3,6,1265,1175
657.982133,4.085e-27,4,6,1265,1175
657.984914,1.113e-28,3,6,1265,1175
657.985368,1.103e-22,4,7,1265,1175
657.985793,8.191e-26,3,6,1265,1175
657.989764,1.849e-26,4,6,1265,1175
658.007248,1.185e-29,3,6,1265,1175
658.015296,7.95e-26,3,6,1265,1175
658.025175,2.335e-30,3,6,1265,1175
658.027637,6.251e-30,3,6,1265,1175
658.030003,7.227e-29,3,6,1265,1175
658.032073,3.512e-30,3,6,1265,1175
658.034759,1.268e-29,3,6,1265,1175
658.043199,1.487e-30,3,6,1265,1175
658.043263,1.923e-22,4,7,1265,1175
658.04617,7.668e-26,3,6,1265,1175
658.04983,1.444e-23,4,7,1265,1175
658.055065,5.649e-28,3,6,1265,1175
658.059937,2.134e-30,3,6,1265,1175
658.066505,9.142e-29,3,6,1265,1175
658.068682,1.045e-30,3,6,1265,1175
658.070997,1.183e-19,3,7,1265,1175
658.074314,5.497e-26,4,6,1265,1175
658.078472,7.35e-26,3,6,1265,1175
658.081248,3.125e-30,3,6,1265,1175
658.083131,1.655e-29,3,6,1265,1175
658.083928,2.362e-29,3,6,1265,1175
658.098282,1.67e-30,3,6,1265,1175
658.103624,3.864e-30,3,6,1265,1175
658.106835,2.442e-30,3,6,1265,1175
658.111252,1.058e-29,3,6,1265,1175
658.112126,7.005e-26,3,6,1265,1175
658.112767,9.941e-27,4,6,1265,1175
658.113846,1.266e-30,3,6,1265,1175
658.116064,3.895e-27,4,6,1265,1175
658.127216,1.94e-30,3,6,1265,1175
658.147226,6.638e-26,3,6,1265,1175
658.151824,7.467e-29,3,6,1265,1175
658.159949,1.226e-26,4,6,1265,1175
658.161338,1.757e-30,3,6,1265,1175
658.165474,1.176e-28,3,6,1265,1175
658.183651,6.256e-26,3,6,1265,1175
658.185978,1.074e-30,3,6,1265,1175
658.190651,8.787e-30,3,6,1265,1175
658.197702,2.196e-27,4,6,1265,1175
658.198206,4.164e-30,3,6,1265,1175
658.206884,1.316e-30,3,6,1265,1175
658.2092,5.811e-30,3,6,1265,1175
658.22155,5.864e-26,3,6,1265,1175
658.233061,2.119e-30,3,6,1265,1175
658.235605,1.582e-30,3,6,1265,1175
658.237162,6.084e-29,3,6,1265,1175
658.247389,5.233e-29,3,6,1265,1175
658.250081,1.247e-26,3,6,1265,1175
658.25207,2.097e-26,4,7,1265,1175
658.260733,5.467e-26,3,6,1265,1175
658.264317,3.65e-29,3,6,1265,1175
658.268503,1.42e-30,3,6,1265,1175
658.269806,7.27e-30,3,6,1265,1175
658.276359,6.434e-27,4,6,1265,1175
658.280827,1.052e-28,3,6,1265,1175
658.292949,1.574e-28,4,7,1265,1175
658.301433,5.071e-26,3,6,1265,1175
658.307442,3.725e-26,4,6,1265,1175
658.324204,4.928e-29,3,6,1265,1175
658.330283,2.291e-29,3,6,1265,1175
658.335969,8e-27,4,6,1265,1175
658.336156,2.704e-27,3,6,1265,1175
658.34336,4.68e-26,3,6,1265,1175
658.34694,3.134e-28,3,6,1265,1175
658.350342,1.267e-30,3,6,1265,1175
658.350555,2.032e-28,3,6,1265,1175
658.352231,5.989e-30,3,6,1265,1175
658.363909,1.144e-30,3,6,1265,1175
658.364787,3.306e-27,4,6,1265,1175
658.374367,4.946e-26,4,6,1265,1175
658.377364,8.063e-24,4,7,1265,1175
658.381406,1.126e-30,3,6,1265,1175
658.385422,1.288e-29,3,6,1265,1175
658.386866,4.298e-26,3,6,1265,1175
658.389119,1.586e-29,3,6,1265,1175
658.413626,3.984e-29,3,6,1265,1175
658.416801,3.802e-21,3,7,1265,1175
658.424018,4.42e-26,3,6,1265,1175
658.431521,3.928e-26,3,6,1265,1175
658.434006,4.914e-30,3,6,1265,1175
658.434638,2.3e-29,3,6,1265,1175
658.441263,1.315e-30,3,6,1265,1175
658.444867,4.098e-27,4,6,1265,1175
658.455278,1.785e-27,3,6,1265,1175
658.477839,3.572e-26,3,6,1265,1175
658.480822,7.084e-28,3,6,1265,1175
658.502009,3.201e-29,3,6,1265,1175
658.514021,2.953e-30,3,6,1265,1175
658.515846,6.378e-29,4,7,1265,1175
658.517799,5.135e-27,4,6,1265,1175
658.519486,4.016e-30,3,6,1265,1175
658.5252,3.233e-26,3,6,1265,1175
658.548532,2.483e-26,4,6,1265,1175
658.556142,1.419e-30,3,6,1265,1175
658.556515,4.324e-28,3,6,1265,1175
658.564222,1.846e-27,3,6,1265,1175
658.574341,2.913e-26,3,6,1265,1175
658.579462,1.263e-26,4,7,1265,1175
658.5878,4.375e-26,3,6,1265,1175
658.595918,2.567e-29,3,6,1265,1175
658.59767,7.276e-27,3,6,1265,1175
658.59823,1.475e-25,4,6,1265,1175
658.603833,3.268e-30,3,6,1265,1175
658.617967,2.738e-29,3,6,1265,1175
658.618305,2.568e-27,4,6,1265,1175
658.621438,1.036e-30,3,6,1265,1175
658.624385,2.612e-26,3,6,1265,1175
658.637109,1.212e-26,3,6,1265,1175
658.663771,1.846e-30,3,6,1265,1175
658.666744,3.346e-27,3,6,1265,1175
658.67636,2.332e-26,3,6,1265,1175
658.685187,2.045e-29,3,6,1265,1175
658.692405,2.649e-30,3,6,1265,1175
658.702766,3.093e-25,4,6,1265,1175
658.705411,3.243e-27,4,6,1265,1175
658.70917,2.08e-28,3,6,1265,1175
658.729058,2.072e-26,3,6,1265,1175
658.72984,7.248e-30,3,6,1265,1175
658.735678,2.113e-29,4,6,1265,1175
658.741291,1.786e-28,3,7,1265,1175
658.750473,9.04e-25,4,6,1265,1175
658.754097,2.004e-28,3,6,1265,1175
658.759122,7.673e-29,4,7,1265,1175
658.76465,2.335e-29,4,7,1265,1175
658.764821,1.43e-27,3,6,1265,1175
658.765308,4.254e-27,4,6,1265,1175
658.77927,2.139e-30,3,6,1265,1175
658.783886,1.832e-26,3,6,1265,1175
658.784062,1.628e-29,3,6,1265,1175
658.792122,1.635e-30,3,6,1175,1175
658.796697,1.584e-27,4,6,1265,1175
658.797552,1.629e-26,4,6,1265,1175
658.800234,1.24e-27,3,6,1265,1175
658.806366,3.838e-28,3,6,1265,1175
658.807967,1.193e-29,3,6,1265,1175
658.808707,6.18e-25,4,6,1265,1175
658.809254,1.797e-22,3,7,1265,1175
658.815248,3.919e-25,4,7,1265,1175
658.81794,5.366e-28,3,6,1265,1175
658.837182,1.911e-30,3,6,1265,1175
658.837788,4.629e-22,3,7,1265,1175
658.839204,1.614e-26,3,6,1265,1175
658.839588,2.966e-30,3,6,1265,1175
658.84205,2.06e-30,3,6,1265,1175
658.846944,3.264e-30,3,6,1265,1175
658.854292,1.414e-29,3,6,1265,1175
658.870978,1.72e-30,3,6,1265,1175
658.87283,1.026e-30,3,6,1265,1175
658.873685,1.286e-29,3,6,1265,1175
658.884116,5.823e-30,3,6,1265,1175
658.890138,1.541e-23,4,7,1265,1175
658.896907,1.415e-26,3,6,1265,1175
658.898768,2.016e-27,4,6,1265,1175
658.915519,7.485e-27,4,7,1265,1175
658.926596,4.202e-25,3,6,1265,1175
658.954805,1.235e-26,3,6,1265,1175
658.958888,2.996e-29,3,6,1265,1175
658.960299,1.377e-30,3,6,1265,1175
658.978086,1.016e-29,3,6,1265,1175
658.980072,9.61e-28,4,6,1265,1175
658.980127,1.215e-30,3,6,1265,1175
658.98643,3.828e-27,3,6,1265,1175
658.991546,1.985e-25,4,7,1265,1175
659.015412,1.073e-26,3,6,1265,1175
659.019471,1.105e-26,3,6,1265,1175
659.033278,7.256e-29,3,6,1265,1175
659.044163,8.2e-28,3,6,1265,1175
659.044484,2.636e-24,4,7,1265,1175
659.054472,1.052e-26,4,6,1265,1175
659.055194,1.098e-30,3,6,1265,1175
659.067444,7.962e-30,3,6,1265,1175
659.073378,1.945e-28,3,6,1265,1175
659.075844,9.283e-27,3,6,1265,1175
659.091764,3.991e-29,3,6,1265,1175
659.095858,2.137e-29,3,6,1265,1175
659.097832,1.233e-27,4,6,1265,1175
659.097963,3.306e-28,3,6,1265,1175
659.132376,3.238e-27,3,7,1265,1175
659.139389,7.997e-27,3,6,1265,1175
659.139694,1.344e-29,3,6,1265,1175
659.143543,3.092e-28,3,6,1265,1175
659.144984,7.368e-24,4,7,1265,1175
659.167129,5.474e-26,4,6,1265,1175
659.168471,5.74e-28,4,6,1265,1175
659.178026,6.238e-30,3,6,1265,1175
659.182256,1.413e-30,3,6,1265,1175
659.190084,1.007e-30,3,6,1265,1175
659.195279,1.54e-29,3,6,1265,1175
659.202302,6.86e-27,3,6,1265,1175
659.205716,1.151e-26,3,6,1265,1175
659.206559,1.884e-30,3,6,1265,1175
659.234271,3.684e-29,3,7,1265,1175
659.26019,4.367e-27,4,7,1265,1175
659.266403,4.85e-30,3,6,1265,1175
659.268825,5.859e-27,3,6,1265,1175
659.271293,3.565e-21,3,7,1265,1175
659.295981,5.334e-28,3,6,1265,1175
659.301416,7.866e-28,3,6,1265,1175
659.302555,7.419e-28,4,6,1265,1175
659.303353,2.509e-24,4,7,1265,1175
659.306241,1.239e-30,3,6,1265,1175
659.309743,1.428e-27,3,6,1265,1175
659.31926,6.686e-27,4,6,1265,1175
659.319456,1.968e-27,3,6,1265,1175
659.327491,3.698e-28,3,6,1265,1175
659.3301,1.592e-25,4,6,1265,1175
659.330555,2.431e-27,3,6,1265,1175
659.330999,4.999e-23,3,7,1265,1175
659.334159,4.983e-27,3,6,1265,1175
659.343041,2.827e-27,3,6,1265,1175
659.345536,7.75e-27,3,6,1265,1175
659.356913,3.163e-27,3,6,1265,1175
659.361945,3.374e-28,4,6,1265,1175
659.372169,3.445e-27,3,6,1265,1175
659.38392,3.771e-30,3,6,1265,1175
659.388811,3.674e-27,3,6,1265,1175
659.394459,1.656e-30,3,6,1175,1175
659.40371,4.22e-27,3,6,1265,1175
659.406837,3.855e-27,3,6,1265,1175
659.426246,3.99e-27,3,6,1265,1175
659.447037,4.08e-27,3,6,1265,1175
659.449156,3.484e-28,3,6,1265,1175
659.469211,4.129e-27,3,6,1265,1175
659.470493,2.908e-30,3,6,1265,1175
659.471394,3.559e-27,3,6,1265,1175
659.471986,2.748e-25,4,6,1265,1175
659.478154,3.284e-27,3,6,1265,1175
659.479643,7.735e-23,4,7,1265,1175
659.492766,4.14e-27,3,6,1265,1175
659.508302,5.069e-29,3,6,1265,1175
659.509414,6.899e-29,4,6,1265,1175
659.512885,4.395e-28,4,6,1265,1175
659.513857,2.074e-28,3,6,1265,1175
659.517701,4.115e-27,3,6,1265,1175
659.522119,3.191e-29,3,6,1265,1175
659.533957,1.095e-24,4,6,1265,1175
659.537863,4.21e-30,3,6,1265,1175
659.541464,9.528e-25,4,6,1265,1175
659.544016,4.059e-27,3,6,1265,1175
659.544032,2.989e-27,3,6,1265,1175
659.549951,4.484e-27,4,6,1265,1175
659.555658,3.415e-28,3,6,1265,1175
659.560554,1.952e-28,4,6,1265,1175
659.564463,7.082e-29,3,6,1265,1175
659.571709,3.974e-27,3,6,1265,1175
659.571908,2.176e-30,3,6,1265,1175
659.576731,1.647e-22,4,7,1265,1175
659.576791,7.08e-30,3,6,1265,1175
659.582545,5.016e-28,3,6,1265,1175
659.588608,4.783e-30,3,6,1265,1175
659.591882,4.182e-27,4,6,1265,1175
659.594204,1.454e-30,3,6,1265,1175
659.595813,2.244e-30,3,6,1265,1175
659.598711,2.77e-30,3,6,1265,1175
659.60078,3.864e-27,3,6,1265,1175
659.607939,2.46e-30,3,6,1265,1175
659.609994,1.197e-29,3,6,1265,1175
659.613422,2.508e-27,4,7,1265,1175
659.613857,1.063e-19,3,7,1265,1175
659.613986,2.499e-27,3,6,1265,1175
659.624958,1.632e-23,4,7,1265,1175
659.62684,1.152e-29,3,6,1265,1175
659.631227,3.732e-27,3,6,1265,1175
659.659195,5.406e-30,3,6,1265,1175
659.66305,3.582e-27,3,6,1265,1175
659.678056,2.712e-29,3,6,1265,1175
659.678391,1.002e-30,3,6,1265,1175
659.679644,1.716e-30,3,6,1265,1175
659.689778,2.081e-27,3,6,1265,1175
659.696247,3.417e-27,3,6,1265,1175
659.70863,2.887e-28,3,6,1265,1175
659.712555,1.518e-28,3,6,1265,1175
659.718335,1.742e-29,3,7,1265,1175
659.719441,2.379e-27,4,6,1265,1175
659.728762,2.562e-28,4,6,1265,1175
659.730817,3.241e-27,3,6,1265,1175
659.742882,6.659e-29,3,6,1265,1175
659.761914,1.726e-27,3,6,1265,1175
659.764369,1.112e-28,3,6,1265,1175
659.766759,3.056e-27,3,6,1265,1175
659.776058,4.237e-29,3,6,1265,1175
659.790276,9.473e-27,3,6,1265,1175
659.804072,2.867e-27,3,6,1265,1175
659.813757,1.314e-30,3,6,1265,1175
659.823161,2.152e-28,3,6,1265,1175
659.833432,4.318e-29,3,6,1265,1175
659.840937,1.426e-27,3,6,1265,1175
659.842754,2.674e-27,3,6,1265,1175
659.850348,3.464e-28,3,6,1265,1175
659.856337,1.193e-28,4,7,1265,1175
659.862896,1.954e-29,3,6,1265,1175
659.872306,2.575e-27,4,6,1265,1175
659.882805,2.482e-27,3,6,1265,1175
659.895304,1.391e-29,3,6,1265,1175
659.908646,9.297e-29,3,7,1265,1175
659.914049,6.567e-24,4,7,1265,1175
659.915155,1.173e-27,3,6,1265,1175
659.924221,2.291e-27,3,6,1265,1175
659.929643,3.142e-28,3,6,1265,1175
659.936854,5.987e-26,4,6,1265,1175
659.948659,2.814e-27,4,6,1265,1175
659.950121,1.47e-28,3,6,1265,1175
659.950216,1.335e-30,3,6,1265,1175
659.964132,3.282e-21,3,7,1265,1175
659.967003,2.105e-27,3,6,1265,1175
659.969444,1.065e-30,3,6,1265,1175
659.973471,6.232e-29,3,6,1265,1175
659.97516,1.418e-27,4,7,1265,1175
659.997498,9.604e-28,3,6,1265,1175
660.006905,1.488e-29,3,6,1265,1175
660.011148,1.924e-27,3,6,1265,1175
660.056657,1.75e-27,3,6,1265,1175
660.073686,7.834e-28,3,6,1265,1175
660.084119,1.393e-30,3,6,1265,1175
660.084396,1.711e-25,4,6,1265,1175
660.090724,3.67e-29,3,6,1265,1175
660.094669,8.205e-27,3,6,1265,1175
660.09846,1.335e-28,3,6,1265,1175
660.099867,3.018e-28,3,6,1265,1175
660.103524,1.584e-27,3,6,1265,1175
660.11359,4.024e-26,3,6,1265,1175
660.132396,1.081e-26,3,6,1265,1175
660.137947,4.772e-28,3,6,1265,1175
660.151752,1.428e-27,3,6,1265,1175
660.155175,3.966e-26,3,6,1265,1175
660.159449,6.365e-28,3,6,1265,1175
660.160496,1.56e-27,4,6,1265,1175
660.176887,8.303e-29,3,6,1265,1175
660.187191,1.704e-30,3,6,1265,1175
660.187954,3.439e-29,3,6,1265,1175
660.201335,1.28e-27,3,6,1265,1175
660.211251,8.115e-30,3,7,1265,1175
660.237483,5.15e-28,3,6,1265,1175
660.242635,2.362e-25,4,6,1265,1175
660.252277,1.143e-27,3,6,1265,1175
660.283988,3.204e-27,3,6,1265,1175
660.293033,8.651e-30,3,6,1265,1175
660.300162,2.003e-29,3,6,1265,1175
660.304569,1.015e-27,3,6,1265,1175
660.312513,2.466e-30,3,6,1265,1175
660.313589,1.974e-29,4,6,1265,1175
660.319837,2.058e-28,3,6,1265,1175
660.32678,4.15e-28,3,6,1265,1175
660.333877,1.005e-24,4,6,1265,1175
660.336057,4.729e-27,4,6,1265,1175
660.342136,1.486e-27,3,6,1265,1175
660.345349,7.894e-28,4,7,1265,1175
660.345645,1.475e-22,3,7,1265,1175
660.348564,4.599e-28,3,6,1265,1175
660.358218,8.981e-28,3,6,1265,1175
660.359837,2.538e-30,3,6,1265,1175
660.36183,5.113e-25,4,6,1265,1175
660.381521,8.149e-29,3,6,1265,1175
660.397156,2.563e-30,3,6,1265,1175
660.398055,5.317e-28,3,6,1265,1175
660.400772,8.777e-30,3,6,1265,1175
660.406521,3.33e-28,3,6,1265,1175
660.407312,2.717e-25,4,7,1265,1175
660.407925,1.868e-29,3,6,1265,1175
660.408979,4.616e-29,3,6,1265,1175
660.413211,7.908e-28,3,6,1265,1175
660.413325,1.197e-29,3,6,1265,1175
660.416363,4.66e-22,3,7,1265,1175
660.419104,1.812e-28,3,6,1265,1175
660.424258,1.524e-27,3,6,1265,1175
660.456417,9.31e-28,4,6,1265,1175
660.464581,3.778e-25,3,6,1265,1175
660.46956,6.933e-28,3,6,1265,1175
660.498418,1.704e-23,4,7,1265,1175
660.499478,2.662e-28,3,6,1265,1175
660.515149,6.955e-29,3,6,1265,1175
660.525702,4.975e-30,3,6,1265,1175
660.527246,6.05e-28,3,6,1265,1175
660.530261,4.988e-30,3,6,1265,1175
660.544425,1.712e-29,3,6,1265,1175
660.562494,7.756e-27,3,6,1265,1175
660.580776,2.119e-28,3,6,1265,1175
660.582562,3.142e-24,4,7,1265,1175
660.586288,5.257e-28,3,6,1265,1175
660.595989,3.487e-25,4,7,1265,1175
660.596869,3.7e-29,3,6,1265,1175
660.604094,3.605e-28,3,6,1265,1175
660.606444,6.754e-29,3,6,1265,1175
660.60984,1.815e-27,3,7,1265,1175
660.616618,5.691e-27,3,6,1265,1175
660.617386,9.327e-29,3,6,1265,1175
660.629694,1.151e-28,3,6,1265,1175
660.631397,1.742e-29,3,6,1265,1175
660.633501,9.991e-30,3,6,1265,1175
660.643368,1.336e-28,3,6,1265,1175
660.646305,2.526e-29,3,6,1265,1175
660.646659,4.548e-28,3,6,1265,1175
660.651892,1.746e-28,3,6,1265,1175
660.652248,1.429e-29,3,6,1265,1175
660.655727,4.618e-29,4,7,1265,1175
660.658407,1.49e-28,3,6,1265,1175
660.672311,4.897e-29,3,6,1265,1175
660.674811,1.617e-28,3,6,1265,1175
660.677535,1.68e-28,3,6,1265,1175
660.684554,5.669e-24,4,7,1265,1175
660.69258,1.718e-28,3,6,1265,1175
660.698727,4.61e-29,3,6,1265,1175
660.704611,1.632e-30,3,6,1175,1175
660.708387,3.917e-28,3,6,1265,1175
660.711712,1.795e-28,3,6,1265,1175
660.712956,3.723e-30,3,7,1265,1175
660.717203,3.222e-28,3,6,1265,1175
660.722724,3.005e-24,4,7,1265,1175
660.723931,4.326e-28,4,7,1265,1175
660.732207,1.849e-28,3,6,1265,1175
660.744514,6.47e-26,4,6,1265,1175
660.754065,1.883e-28,3,6,1265,1175
660.758935,1.953e-30,3,6,1265,1175
660.759025,9.939e-27,3,6,1265,1175
660.759065,1.56e-30,3,6,1265,1175
660.760031,5.469e-28,4,6,1265,1175
660.760222,1.327e-28,3,6,1265,1175
660.771434,3.36e-28,3,6,1265,1175
660.777283,1.897e-28,3,6,1265,1175
660.794483,2.956e-21,3,7,1265,1175
660.801863,1.893e-28,3,6,1265,1175
660.814883,1.43e-29,3,6,1265,1175
660.82185,1.828e-25,4,6,1265,1175
660.827802,1.873e-28,3,6,1265,1175
660.835841,2.869e-28,3,6,1265,1175
660.845279,8.633e-27,3,6,1265,1175
660.845761,6.358e-26,3,6,1265,1175
660.855099,1.838e-28,3,6,1265,1175
660.860089,6.33e-23,3,7,1265,1175
660.860939,1.043e-28,3,6,1265,1175
660.864816,5.26e-30,3,6,1265,1175
660.873639,2.307e-28,3,6,1265,1175
660.883755,1.792e-28,3,6,1265,1175
660.888768,1.361e-29,3,6,1265,1175
660.901554,2.44e-28,3,6,1265,1175
660.913767,1.734e-28,3,6,1265,1175
660.937407,3.117e-29,3,6,1265,1175
660.944834,8.173e-29,3,6,1265,1175
660.945134,1.667e-28,3,6,1265,1175
660.95328,2.557e-28,3,6,1265,1175
660.954628,8.464e-30,3,6,1265,1175
660.967799,4.236e-29,3,6,1265,1175
660.968632,2.066e-28,3,6,1265,1175
660.969076,5.336e-23,4,7,1265,1175
660.970795,2.897e-29,3,6,1265,1175
660.977856,1.592e-28,3,6,1265,1175
661.011931,1.512e-28,3,6,1265,1175
661.014709,1.943e-25,4,6,1265,1175
661.037003,1.741e-28,3,6,1265,1175
661.047358,1.428e-28,3,6,1265,1175
661.049681,6.376e-29,3,6,1265,1175
661.050421,2.782e-30,3,6,1265,1175
661.066286,4.768e-29,3,7,1265,1175
661.070635,4.033e-28,3,6,1265,1175
661.071302,3.162e-28,4,6,1265,1175
661.084136,1.34e-28,3,6,1265,1175
661.089236,2.008e-29,3,6,1265,1175
661.095896,1.348e-24,4,6,1265,1175
661.099611,3.11e-27,3,6,1265,1175
661.101349,6.656e-29,3,6,1265,1175
661.102013,2.727e-30,3,6,1265,1175
661.106744,1.462e-28,3,6,1265,1175
661.110848,2.334e-28,4,7,1265,1175
661.116028,1.281e-22,4,7,1265,1175
661.116218,4.117e-28,3,6,1265,1175
661.122075,2.27e-30,3,6,1265,1175
661.122263,1.251e-28,3,6,1265,1175
661.123626,4.968e-27,4,6,1265,1175
661.127119,2.031e-28,3,6,1265,1175
661.127671,1.056e-24,4,6,1265,1175
661.134584,4.955e-29,3,6,1265,1175
661.136257,7.218e-30,3,6,1265,1175
661.137223,1.085e-28,4,6,1265,1175
661.148893,5.893e-30,3,6,1265,1175
661.160198,8.947e-20,3,7,1265,1175
661.161738,1.162e-28,3,6,1265,1175
661.176083,6.038e-30,3,6,1265,1175
661.177761,1.222e-28,3,6,1265,1175
661.18791,2.703e-30,3,6,1265,1175
661.198867,4.146e-29,3,6,1265,1175
661.201987,1.773e-23,4,7,1265,1175
661.202559,1.073e-28,3,6,1265,1175
661.20965,2.196e-28,4,7,1265,1175
661.217955,1.191e-29,3,6,1265,1175
661.223381,1.682e-30,3,7,1265,1175
661.243623,2.515e-27,4,6,1265,1175
661.243751,3.835e-29,3,6,1265,1175
661.244726,9.865e-29,3,6,1265,1175
661.249274,1.621e-30,3,6,1175,1175
661.25016,1.018e-28,3,6,1265,1175
661.259309,1.924e-28,3,6,1265,1175
661.276939,1.688e-29,3,6,1265,1175
661.288236,9.021e-29,3,6,1265,1175
661.293493,4.588e-30,3,6,1265,1175
661.296587,4.074e-29,3,6,1265,1175
661.302456,3.371e-29,3,6,1265,1175
661.309296,2.19e-30,3,6,1265,1175
661.323812,8.437e-29,3,6,1265,1175
661.329448,2.957e-29,3,6,1265,1175
661.333089,8.209e-29,3,6,1265,1175
661.336122,5.953e-27,3,6,1265,1175
661.345252,1.391e-30,3,6,1265,1175
661.3592,3.724e-28,3,6,1265,1175
661.379281,7.433e-29,3,6,1265,1175
661.380731,8.213e-30,3,6,1265,1175
661.388655,3.769e-30,3,6,1265,1175
661.39019,1.801e-28,4,6,1265,1175
661.39886,6.966e-29,3,6,1265,1175
661.401357,1.504e-29,3,6,1265,1175
661.403623,4.881e-29,3,6,1265,1175
661.410527,1.456e-29,3,6,1265,1175
661.426812,6.699e-29,3,6,1265,1175
661.443141,2.27e-29,3,6,1265,1175
661.452295,1.178e-30,3,6,1265,1175
661.456499,4.691e-24,4,7,1265,1175
661.475136,5.728e-29,3,6,1265,1175
661.475681,6.009e-29,3,6,1265,1175
661.502827,6.913e-26,4,6,1265,1175
661.50604,1.24e-28,3,7,1265,1175
661.506218,3.309e-28,3,6,1265,1175
661.514882,2.589e-21,3,7,1265,1175
661.525884,5.364e-29,3,6,1265,1175
661.529397,1.736e-29,3,6,1265,1175
661.534756,2.351e-27,4,6,1265,1175
661.552825,4.69e-29,3,6,1265,1175
661.566773,4.833e-29,3,6,1265,1175
661.56885,1.256e-30,3,7,1265,1175
661.576499,1.941e-25,4,6,1265,1175
661.577421,4.767e-29,3,6,1265,1175
661.590705,9.677e-30,3,6,1265,1175
661.597196,9.023e-27,3,6,1265,1175
661.615813,1.316e-30,3,6,1265,1175
661.630243,1.367e-29,3,6,1265,1175
661.63029,4.217e-29,3,6,1265,1175
661.631714,3.825e-29,3,6,1265,1175
661.638079,6.463e-26,3,6,1265,1175
661.639005,8.964e-27,3,6,1265,1175
661.645832,1.937e-30,3,6,1265,1175
661.647842,1.323e-29,3,6,1265,1175
661.648805,1.594e-28,3,6,1265,1175
661.684488,3.713e-29,3,6,1265,1175
661.691726,1.676e-30,3,6,1265,1175
661.702512,3.07e-30,3,6,1265,1175
661.712038,3.106e-29,3,6,1265,1175
661.714645,4.242e-30,3,6,1265,1175
661.716658,1.009e-28,3,6,1265,1175
661.722316,3.523e-26,3,6,1265,1175
661.728125,5.23e-30,3,6,1265,1175
661.734405,1.004e-29,3,6,1265,1175
661.740014,3.255e-29,3,6,1265,1175
661.74295,6.057e-30,3,6,1265,1175
661.759121,6.738e-30,3,6,1265,1175
661.776636,7.288e-30,3,6,1265,1175
661.788206,1.5e-25,4,6,1265,1175
661.792918,3.124e-30,3,6,1265,1175
661.793521,3.162e-28,3,6,1265,1175
661.793525,2.512e-29,3,6,1265,1175
661.795496,7.715e-30,3,6,1265,1175
661.796866,2.841e-29,3,6,1265,1175
661.814221,3.587e-26,3,6,1265,1175
661.815699,8.029e-30,3,6,1265,1175
661.837245,8.238e-30,3,6,1265,1175
661.838148,2.399e-30,3,6,1265,1175
661.855042,2.468e-29,3,6,1265,1175
661.856183,1.011e-29,3,6,1265,1175
661.857846,7.584e-30,3,6,1265,1175
661.860132,8.351e-30,3,6,1265,1175
661.876478,2.024e-29,3,6,1265,1175
661.87977,2.026e-29,3,6,1265,1175
661.884361,8.377e-30,3,6,1265,1175
661.885347,3.577e-28,3,6,1265,1175
661.886049,1.971e-30,3,6,1265,1175
661.887853,1.069e-22,3,7,1265,1175
661.895015,1.805e-29,4,6,1265,1175
661.905968,3.003e-27,3,6,1265,1175
661.909448,6.488e-29,3,7,1265,1175
661.909929,8.324e-30,3,6,1265,1175
661.912058,5.464e-30,3,6,1265,1175
661.912646,5.19e-27,4,6,1265,1175
661.914539,2.135e-29,3,6,1265,1175
661.914663,4.155e-25,4,6,1265,1175
661.922054,1.497e-27,3,6,1265,1175
661.922916,1.103e-24,4,6,1265,1175
661.935677,1.994e-28,3,6,1265,1175
661.936837,8.2e-30,3,6,1265,1175
661.944443,5.709e-30,3,6,1265,1175
661.952772,3.476e-30,3,6,1265,1175
661.96055,1.624e-29,3,6,1265,1175
661.965082,8.014e-30,3,6,1265,1175
661.975356,1.839e-29,3,6,1265,1175
661.980214,2.852e-30,3,6,1265,1175
661.988291,7.237e-28,3,6,1265,1175
661.994665,7.775e-30,3,6,1265,1175
661.996895,4.563e-22,3,7,1265,1175
661.997117,1.852e-25,4,7,1265,1175
662.006348,6.366e-29,3,6,1265,1175
662.006473,3.18e-25,3,6,1265,1175
662.007448,1.145e-30,3,6,1265,1175
662.023879,1.18e-29,3,6,1265,1175
662.025583,7.491e-30,3,6,1265,1175
662.037491,1.577e-29,3,6,1265,1175
662.046124,1.297e-29,3,6,1265,1175
662.050663,5.572e-29,3,6,1265,1175
662.057837,7.169e-30,3,6,1265,1175
662.073146,4.281e-30,3,6,1265,1175
662.080969,1.001e-27,3,7,1265,1175
662.091423,6.818e-30,3,6,1265,1175
662.093733,1.605e-28,3,6,1265,1175
662.100941,1.346e-29,3,6,1265,1175
662.105959,1.14e-30,3,6,1265,1175
662.111156,4.138e-27,3,6,1265,1175
662.115663,3.817e-28,3,6,1265,1175
662.116189,1.818e-23,4,7,1265,1175
662.12241,3.67e-24,4,7,1265,1175
662.125322,9.632e-30,3,6,1265,1175
662.126342,6.446e-30,3,6,1265,1175
662.132767,1.032e-29,3,6,1265,1175
662.150799,3.528e-24,4,7,1265,1175
662.159484,3.197e-30,3,6,1265,1175
662.162592,6.058e-30,3,6,1265,1175
662.165704,1.145e-29,3,6,1265,1175
662.170137,1.469e-29,3,6,1265,1175
662.172772,1.245e-29,3,6,1265,1175
662.18191,4.193e-30,3,6,1265,1175
662.200171,5.662e-30,3,6,1265,1175
662.203876,6.029e-25,4,7,1265,1175
662.212451,3.488e-29,3,6,1265,1175
662.21429,2.408e-29,3,7,1265,1175
662.216437,7.081e-30,3,6,1265,1175
662.220957,8.182e-30,3,6,1265,1175
662.229879,3.653e-24,4,7,1265,1175
662.231778,9.691e-30,3,6,1265,1175
662.232465,1.537e-28,3,6,1265,1175
662.239079,5.262e-30,3,6,1265,1175
662.240959,3.037e-30,3,6,1265,1175
662.242612,8.319e-27,3,6,1265,1175
662.244876,1.17e-30,3,6,1265,1175
662.279313,4.865e-30,3,6,1265,1175
662.293736,2.379e-30,3,6,1265,1175
662.296684,3.395e-28,3,6,1265,1175
662.29916,8.169e-30,3,6,1265,1175
662.310156,6.458e-30,3,6,1265,1175
662.311962,1.269e-30,3,6,1265,1175
662.314554,7.846e-27,3,6,1265,1175
662.318253,5.103e-29,3,6,1265,1175
662.31898,2.05e-25,4,6,1265,1175
662.320872,4.474e-30,3,6,1265,1175
662.32101,3.342e-29,3,7,1265,1175
662.326005,2.187e-21,3,7,1265,1175
662.330155,7.309e-26,4,6,1265,1175
662.34296,9.92e-30,3,6,1265,1175
662.345372,2.568e-30,3,6,1265,1175
662.35055,9.367e-27,3,6,1265,1175
662.363755,4.094e-30,3,6,1265,1175
662.367849,6.857e-30,3,6,1265,1175
662.3795,1.762e-30,3,6,1265,1175
662.390659,7.868e-23,4,7,1265,1175
662.392166,3.029e-29,3,6,1265,1175
662.400956,5.077e-30,3,6,1265,1175
662.406716,1.273e-27,3,6,1265,1175
662.40796,3.727e-30,3,6,1265,1175
662.420714,5.523e-29,3,6,1265,1175
662.425362,9.232e-29,3,6,1265,1175
662.431787,6.628e-26,3,6,1265,1175
662.437101,5.541e-28,3,6,1265,1175
662.437841,5.732e-30,3,6,1265,1175
662.43972,1.301e-29,3,6,1265,1175
662.453442,3.621e-23,4,7,1265,1175
662.453485,3.376e-30,3,6,1265,1175
662.456427,1.846e-28,3,6,1265,1175
662.492694,3.976e-30,3,6,1265,1175
662.500329,3.044e-30,3,6,1265,1175
662.509136,4.771e-30,3,6,1265,1175
662.519611,1.301e-30,3,6,1265,1175
662.533844,3.49e-30,3,6,1265,1175
662.546602,8.996e-29,4,7,1265,1175
662.54849,2.731e-30,3,6,1265,1175
662.563123,1.052e-25,4,6,1265,1175
662.575235,3.974e-28,4,7,1265,1175
662.577371,1.663e-30,3,6,1265,1175
662.581728,3.955e-30,3,6,1265,1175
662.586099,3.101e-30,3,6,1265,1175
662.597966,2.439e-30,3,6,1265,1175
662.640652,5.932e-29,3,6,1265,1175
662.648517,2.541e-29,3,6,1265,1175
662.648755,2.168e-30,3,6,1265,1175
662.651328,1.644e-30,3,6,1265,1175
662.651965,1.565e-30,3,6,1175,1175
662.655618,3.264e-30,3,6,1265,1175
662.656056,2.985e-28,3,6,1265,1175
662.661133,8.424e-23,4,7,1265,1175
662.661337,1.555e-24,4,6,1265,1175
662.671763,2.046e-29,3,6,1265,1175
662.68036,2.409e-30,3,6,1265,1175
662.700855,1.918e-30,3,6,1265,1175
662.703128,5.388e-27,4,6,1265,1175
662.709997,6.81e-20,3,7,1265,1175
662.712913,6.798e-30,3,6,1265,1175
662.719474,1.145e-24,4,6,1265,1175
662.726398,2.884e-27,3,6,1265,1175
662.7308,2.683e-30,3,6,1265,1175
662.730836,1.343e-30,3,6,1265,1175
662.740662,1.695e-29,3,7,1265,1175
662.741125,1.621e-29,3,6,1265,1175
662.745535,1.947e-28,3,6,1265,1175
662.754265,1.689e-30,3,6,1265,1175
662.765624,1.679e-28,4,6,1265,1175
662.770264,2.586e-27,4,6,1265,1175
662.774022,2.997e-30,3,6,1265,1175
662.776364,1.863e-30,3,6,1265,1175
662.780893,1.863e-23,4,7,1265,1175
662.805899,2.394e-28,3,6,1265,1175
662.807275,2.197e-30,3,6,1265,1175
662.808982,1.481e-30,3,6,1265,1175
662.826627,2.636e-29,3,6,1265,1175
662.830865,2.682e-30,3,6,1265,1175
662.831094,1.164e-29,3,6,1265,1175
662.865004,1.292e-30,3,6,1265,1175
662.873131,1.436e-30,3,6,1265,1175
662.873481,3.879e-28,3,6,1265,1175
662.885037,1.791e-30,3,6,1265,1175
662.887595,2.418e-27,3,6,1265,1175
662.92233,1.123e-30,3,6,1265,1175
662.93026,3.823e-30,3,6,1265,1175
662.931078,1.468e-29,3,6,1265,1175
662.945641,9.696e-30,3,6,1265,1175
662.964087,1.454e-30,3,6,1265,1175
662.97173,1.102e-30,3,6,1265,1175
662.974867,5.307e-29,3,6,1265,1175
663.004692,2.591e-24,4,7,1265,1175
663.038999,1.167e-30,3,6,1265,1175
663.044418,1.176e-30,3,6,1265,1175
663.046245,6.248e-29,3,6,1265,1175
663.069028,1.752e-21,3,7,1265,1175
663.072257,7.654e-26,4,6,1265,1175
663.074478,2.151e-25,4,6,1265,1175
663.088599,3.47e-28,3,6,1265,1175
663.097495,8.546e-30,3,6,1265,1175
663.098723,2.675e-30,3,7,1265,1175
663.099507,3.214e-29,3,6,1265,1175
663.105238,9.654e-27,3,6,1265,1175
663.12311,1.928e-27,4,6,1265,1175
663.131763,1.527e-30,3,6,1175,1175
663.151232,1.184e-30,3,6,1265,1175
663.156921,6.631e-27,3,6,1265,1175
663.168341,8.467e-30,3,7,1265,1175
663.203306,3.596e-29,3,6,1265,1175
663.224279,1.577e-29,3,6,1265,1175
663.226881,6.809e-26,3,6,1265,1175
663.234957,4.005e-27,3,6,1265,1175
663.259104,1.232e-29,3,6,1265,1175
663.278383,3.88e-30,3,6,1265,1175
663.289225,3.068e-26,3,6,1265,1175
663.294528,2.733e-30,3,6,1265,1175
663.339456,6.217e-26,4,6,1265,1175
663.352751,1.198e-29,3,7,1265,1175
663.41819,1.295e-30,3,6,1265,1175
663.41933,1.157e-29,3,6,1265,1175
663.428272,2.353e-28,3,6,1265,1175
663.435854,6.076e-23,4,7,1265,1175
663.447198,2.061e-28,3,6,1265,1175
663.461235,4.436e-30,3,6,1265,1175
663.465211,2.065e-29,3,6,1265,1175
663.467282,3.316e-25,4,6,1265,1175
663.479924,1.616e-29,4,6,1265,1175
663.495044,5.556e-27,4,6,1265,1175
663.502954,3.799e-29,3,6,1265,1175
663.504589,1.468e-27,3,6,1265,1175
663.506882,5.48e-29,3,6,1265,1175
663.517566,1.181e-24,4,6,1265,1175
663.526009,3.132e-26,3,6,1265,1175
663.532567,2.756e-27,3,6,1265,1175
663.545499,5.436e-28,3,7,1265,1175
663.55225,2.421e-25,3,6,1265,1175
663.556648,1.892e-28,3,6,1265,1175
663.569416,3.132e-30,3,6,1265,1175
663.57713,9.678e-28,3,6,1265,1175
663.57938,4.357e-22,3,7,1265,1175
663.584359,1.242e-25,4,7,1265,1175
663.58766,4.057e-24,4,7,1265,1175
663.603982,4.165e-30,3,7,1265,1175
663.632653,3.908e-28,3,6,1265,1175
663.639594,1.142e-29,3,6,1265,1175
663.664043,4.195e-24,4,7,1265,1175
663.665434,9.53e-28,3,6,1265,1175
663.67231,1.43e-30,3,6,1265,1175
663.693347,1.451e-29,3,6,1265,1175
663.701236,5.333e-30,3,6,1265,1175
663.71996,6.88e-30,3,6,1265,1175
663.736276,2.713e-30,3,6,1265,1175
663.742013,1.139e-29,3,6,1265,1175
663.743443,1.878e-23,4,7,1265,1175
663.777987,1.395e-28,3,6,1265,1175
663.780141,1.81e-30,3,6,1265,1175
663.780935,1.558e-24,4,7,1265,1175
663.808528,7.485e-28,3,6,1265,1175
663.81483,1.026e-24,4,7,1265,1175
663.815082,1.327e-28,3,6,1265,1175
663.821508,2.243e-25,4,6,1265,1175
663.832299,2.268e-30,3,6,1265,1175
663.834661,1.164e-30,3,6,1265,1175
663.83916,3.462e-30,3,6,1265,1175
663.861336,9.875e-27,3,6,1265,1175
663.864621,1.196e-26,4,6,1265,1175
663.865403,1.014e-30,3,6,1265,1175
663.865836,1.295e-21,5,7,1265,1175
663.872279,5.312e-27,3,6,1265,1175
663.880617,7.072e-29,3,6,1265,1175
663.881958,3.533e-28,3,6,1265,1175
663.918971,9.502e-30,3,6,1265,1175
663.922762,9.598e-23,4,7,1265,1175
663.924022,7.943e-26,4,6,1265,1175
663.932514,2.416e-23,4,7,1265,1175
663.950337,5.448e-29,3,6,1265,1175
663.952552,7.073e-28,4,7,1265,1175
663.958769,1.31e-28,3,6,1265,1175
664.022195,4.293e-30,3,6,1265,1175
664.023356,6.984e-26,3,6,1265,1175
664.029952,4.016e-27,3,6,1265,1175
664.047519,2.017e-30,3,7,1265,1175
664.069711,1.161e-29,3,6,1265,1175
664.091562,1.532e-29,3,6,1265,1175
664.117204,2.492e-26,4,6,1265,1175
664.156029,2.621e-30,3,6,1265,1175
664.182364,4.916e-29,3,6,1265,1175
664.202034,1.698e-28,3,6,1265,1175
664.210642,1.142e-30,3,6,1265,1175
664.212021,3.743e-23,4,7,1265,1175
664.230251,1.709e-24,4,6,1265,1175
664.260109,2.079e-29,3,6,1265,1175
664.263231,4.288e-20,3,7,1265,1175
664.280659,7.47e-30,3,6,1265,1175
664.288428,5.692e-27,4,6,1265,1175
664.299376,2.578e-27,4,6,1265,1175
664.31683,1.209e-24,4,6,1265,1175
664.348621,2.026e-29,3,6,1265,1175
664.352475,2.923e-28,3,6,1265,1175
664.35853,2.62e-27,3,6,1265,1175
664.361654,1.9e-23,4,7,1265,1175
664.366234,3.253e-30,3,6,1265,1175
664.369067,1.829e-28,3,6,1265,1175
664.393178,3.899e-28,3,6,1265,1175
664.394315,2.557e-28,4,6,1265,1175
664.402329,1.04e-27,3,6,1265,1175
664.436717,1.726e-28,4,7,1265,1175
664.449374,1.116e-29,3,6,1265,1175
664.456943,1.417e-29,3,6,1265,1175
664.481774,5.866e-30,3,7,1265,1175
664.495726,4.137e-30,3,6,1265,1175
664.529261,7.931e-29,3,6,1265,1175
664.547142,5.579e-29,3,6,1265,1175
664.553717,2.462e-30,3,6,1265,1175
664.558605,6.398e-25,4,7,1265,1175
664.569216,3.129e-30,3,6,1265,1175
664.578275,2.323e-25,4,6,1265,1175
664.618781,1.002e-26,3,6,1265,1175
664.626547,8.277e-22,5,7,1265,1175
664.63186,1.161e-30,3,6,1265,1175
664.634184,1.448e-30,3,6,1175,1175
664.635316,5.606e-30,3,7,1265,1175
664.645114,8.174e-26,4,6,1265,1175
664.676757,3.579e-28,3,6,1265,1175
664.686128,3.929e-27,3,6,1265,1175
664.71376,1.553e-27,4,6,1265,1175
664.768893,4.725e-30,3,6,1265,1175
664.808684,4.019e-29,3,6,1265,1175
664.821209,7.14e-26,3,6,1265,1175
664.826311,4.051e-27,3,6,1265,1175
664.855909,2.622e-26,3,6,1265,1175
664.893467,1.089e-29,3,6,1265,1175
664.917347,2.489e-29,3,6,1265,1175
664.929276,2.244e-30,3,6,1265,1175
664.977315,1.046e-28,3,6,1265,1175
664.98251,1.294e-29,3,6,1265,1175
664.989626,1.595e-23,4,7,1265,1175
665.003167,2.905e-28,3,7,1265,1175
665.016754,4.315e-29,3,6,1265,1175
665.019767,2.6e-25,4,6,1265,1175
665.03338,4.566e-24,4,7,1265,1175
665.041974,1.393e-30,3,6,1175,1175
665.056454,2.086e-29,3,6,1265,1175
665.06793,2.982e-29,3,6,1265,1175
665.068283,1.418e-29,4,6,1265,1175
665.083219,5.793e-27,4,6,1265,1175
665.089761,1.403e-27,3,6,1265,1175
665.098635,1.322e-28,3,6,1265,1175
665.101891,1.525e-25,3,6,1265,1175
665.117805,1.231e-24,4,6,1265,1175
665.151989,1.28e-29,3,6,1265,1175
665.155052,3.849e-28,3,6,1265,1175
665.163661,2.479e-27,3,6,1265,1175
665.163818,4.064e-22,3,7,1265,1175
665.164627,1.271e-27,3,6,1265,1175
665.164738,3.355e-30,3,6,1265,1175
665.168728,8.196e-26,4,7,1265,1175
665.182709,1.76e-28,3,6,1265,1175
665.185385,9.943e-28,3,6,1265,1175
665.207472,4.687e-24,4,7,1265,1175
665.221863,1.365e-29,3,6,1265,1175
665.237251,1.761e-30,3,6,1265,1175
665.249059,2.682e-26,3,6,1265,1175
665.260431,1.086e-29,3,6,1265,1175
665.27182,2.907e-30,3,6,1265,1175
665.272936,1.699e-30,3,6,1265,1175
665.282649,1.982e-30,3,6,1265,1175
665.325405,2.29e-28,3,6,1265,1175
665.32945,2.389e-25,4,6,1265,1175
665.34107,1.238e-27,4,7,1265,1175
665.347272,8.888e-29,3,6,1265,1175
665.377618,1.008e-26,3,6,1265,1175
665.380175,1.886e-23,4,7,1265,1175
665.399725,1.125e-28,3,6,1265,1175
665.406056,1.586e-23,4,7,1265,1175
665.413951,3.748e-22,5,7,1265,1175
665.420014,1.417e-30,3,6,1265,1175
665.428484,1.717e-24,4,7,1265,1175
665.430593,1.155e-30,3,6,1265,1175
665.432178,2.51e-27,3,6,1265,1175
665.45645,1.148e-22,4,7,1265,1175
665.460479,9.151e-29,3,6,1265,1175
665.471865,1.189e-28,3,6,1265,1175
665.472993,3.608e-28,3,6,1265,1175
665.482844,1.689e-26,4,6,1265,1175
665.50212,2.807e-30,3,6,1265,1175
665.515487,5.174e-30,3,6,1265,1175
665.526088,8.345e-26,4,6,1265,1175
665.527729,9.092e-30,3,6,1265,1175
665.542574,2.813e-30,3,6,1265,1175
665.594972,5.634e-29,3,6,1265,1175
665.601477,2.831e-30,3,7,1265,1175
665.613785,1.691e-30,3,6,1265,1175
665.620436,7.268e-26,3,6,1265,1175
665.624031,4.092e-27,3,6,1265,1175
665.633111,1.211e-29,3,6,1265,1175
665.695466,1.329e-30,3,6,1265,1175
665.704783,1.016e-29,3,6,1265,1175
665.72647,3.634e-29,3,6,1265,1175
665.754125,4.458e-29,3,6,1265,1175
665.802608,1.805e-24,4,6,1265,1175
665.819876,1.478e-20,3,7,1265,1175
665.830969,2.48e-27,4,6,1265,1175
665.852121,7.894e-30,3,6,1265,1175
665.854242,2.085e-29,3,6,1265,1175
665.868492,1.531e-29,3,6,1265,1175
665.879497,5.858e-27,4,6,1265,1175
665.899176,3.501e-28,3,6,1265,1175
665.918273,3.755e-28,3,6,1265,1175
665.919692,1.244e-24,4,6,1265,1175
665.922639,1.391e-30,3,6,1265,1175
665.944247,1.885e-23,4,7,1265,1175
665.964499,3.438e-30,3,6,1265,1175
665.988105,1.295e-29,3,6,1265,1175
665.996024,2.333e-27,3,6,1265,1175
665.997677,1.685e-28,3,6,1265,1175
666.015933,9.878e-29,3,6,1265,1175
666.023008,3.832e-28,4,6,1265,1175
666.072759,1.051e-29,3,6,1265,1175
666.087838,2.44e-25,4,6,1265,1175
666.12043,5.692e-29,3,6,1265,1175
666.123012,2.275e-28,3,6,1265,1175
666.129416,4.126e-29,3,6,1265,1175
666.137811,1.004e-26,3,6,1265,1175
666.178286,1.157e-29,4,7,1265,1175
666.20917,1.099e-30,3,6,1265,1175
666.210074,2.515e-30,3,6,1265,1175
666.22137,8.459e-26,4,6,1265,1175
666.226604,1.137e-27,3,6,1265,1175
666.23086,1.146e-30,3,6,1265,1175
666.264437,5.636e-30,3,6,1265,1175
666.270662,3.618e-28,3,6,1265,1175
666.306749,1.229e-27,4,6,1265,1175
666.325537,3.262e-28,4,7,1265,1175
666.410763,8.323e-28,3,6,1265,1175
666.421031,7.363e-26,3,6,1265,1175
666.422378,2.199e-26,3,6,1265,1175
666.423109,4.13e-27,3,6,1265,1175
666.453704,1.529e-28,3,7,1265,1175
666.488023,5.021e-24,4,7,1265,1175
666.526791,2.314e-30,3,6,1265,1175
666.53332,9.439e-30,3,6,1265,1175
666.535959,2.915e-29,3,6,1265,1175
666.545755,1.413e-29,3,6,1265,1175
666.568116,1.298e-27,3,6,1265,1175
666.572201,2.004e-25,4,6,1265,1175
666.573068,1.406e-29,3,6,1265,1175
666.651275,1.299e-30,3,6,1175,1175
666.653471,2.075e-29,3,6,1265,1175
666.655372,5.257e-26,3,6,1265,1175
666.660057,1.22e-29,4,6,1265,1175
666.67714,5.887e-27,4,6,1265,1175
666.677595,1.309e-27,3,6,1265,1175
666.682841,3.616e-28,3,6,1265,1175
666.711992,1.345e-30,3,7,1265,1175
666.723609,1.25e-24,4,6,1265,1175
666.740269,2.132e-27,4,7,1265,1175
666.747495,8.344e-29,3,6,1265,1175
666.749911,5.32e-26,4,7,1265,1175
666.750212,3.708e-22,3,7,1265,1175
666.750388,1.893e-29,3,6,1265,1175
666.750834,1.64e-27,3,6,1265,1175
666.752705,5.111e-24,4,7,1265,1175
666.755667,1.206e-29,3,6,1265,1175
666.766157,3.499e-30,3,6,1265,1175
666.799119,2.187e-27,3,6,1265,1175
666.800878,2.126e-30,3,6,1265,1175
666.813819,1.605e-28,3,6,1265,1175
666.820453,1.096e-28,3,6,1265,1175
666.836724,1.56e-30,3,6,1265,1175
666.84282,2.471e-25,4,6,1265,1175
666.873833,1.025e-23,4,7,1265,1175
666.886354,1.012e-29,3,6,1265,1175
666.899381,9.903e-27,3,6,1265,1175
666.911135,5.549e-29,4,6,1265,1175
666.921961,2.269e-28,3,6,1265,1175
666.956742,5.311e-30,3,6,1265,1175
666.9617,2.461e-30,3,6,1265,1175
666.961726,6.287e-29,3,6,1265,1175
666.979966,1.233e-30,3,6,1175,1175
666.983479,2.252e-26,3,6,1265,1175
666.986376,9.358e-29,3,6,1265,1175
666.991766,1.347e-22,3,7,1265,1175
667.013733,6.106e-30,3,6,1265,1175
667.026382,1.845e-23,4,7,1265,1175
667.032658,1.133e-30,3,6,1265,1175
667.044483,2.828e-24,4,7,1265,1175
667.06976,3.609e-28,3,6,1265,1175
667.097469,2.346e-26,4,6,1265,1175
667.136322,8.512e-26,4,6,1265,1175
667.1709,2.236e-30,3,6,1265,1175
667.175362,9.942e-29,3,6,1265,1175
667.217869,1.224e-29,3,6,1265,1175
667.222992,7.421e-26,3,6,1265,1175
667.223539,4.157e-27,3,6,1265,1175
667.25216,5.663e-29,3,6,1265,1175
667.272957,2.151e-29,3,6,1265,1175
667.294844,4.295e-30,3,6,1265,1175
667.344866,8.73e-30,3,6,1265,1175
667.358647,1.474e-29,3,6,1265,1175
667.365047,2.285e-27,4,6,1265,1175
667.378046,3.957e-30,3,6,1265,1175
667.378378,1.846e-24,4,6,1265,1175
667.386122,7.436e-20,3,7,1265,1175
667.386298,1.137e-29,3,6,1265,1175
667.400621,1.303e-19,3,7,1265,1175
667.423404,1.806e-19,3,7,1265,1175
667.427291,8.07e-30,3,6,1265,1175
667.44613,4.109e-28,3,6,1265,1175
667.448752,3.429e-28,3,6,1265,1175
667.454135,2.056e-29,3,6,1265,1175
667.454467,2.231e-19,3,7,1265,1175
667.46493,4.103e-29,3,6,1265,1175
667.476304,5.881e-27,4,6,1265,1175
667.493806,2.564e-19,3,7,1265,1175
667.506362,1.207e-28,3,6,1265,1175
667.524547,1.098e-29,3,6,1265,1175
667.528011,1.248e-24,4,6,1265,1175
667.528655,1.825e-23,4,7,1265,1175
667.541417,2.797e-19,3,7,1265,1175
667.568768,3.539e-30,3,6,1265,1175
667.597293,2.929e-19,3,7,1265,1175
667.603114,2.482e-25,4,6,1265,1175
667.631323,1.522e-28,3,6,1265,1175
667.638902,2.038e-27,3,6,1265,1175
667.651423,5.648e-28,4,6,1265,1175
667.661427,2.963e-19,3,7,1265,1175
667.66231,9.656e-27,3,6,1265,1175
667.694714,5.653e-29,3,6,1265,1175
667.701209,9.705e-30,3,6,1265,1175
667.722247,2.265e-28,3,6,1265,1175
667.72729,2.349e-29,4,7,1265,1175
667.733812,2.909e-19,3,7,1265,1175
667.754077,1.914e-21,5,7,1265,1175
667.759847,4.529e-21,5,7,1265,1175
667.763937,3.312e-21,5,7,1265,1175
667.765005,6.578e-30,3,6,1265,1175
667.768912,6.639e-21,5,7,1265,1175
667.781272,8.371e-21,5,7,1265,1175
667.782435,5.633e-21,5,7,1265,1175
667.796923,9.715e-21,5,7,1265,1175
667.800993,8.51e-26,4,6,1265,1175
667.80915,7.553e-21,5,7,1265,1175
667.814437,2.78e-19,5,7,1265,1175
667.815864,1.065e-20,5,7,1265,1175
667.835985,1.116e-30,3,6,1265,1175
667.838091,1.119e-20,5,7,1265,1175
667.844081,9.095e-21,5,7,1265,1175
667.852544,1.987e-30,3,6,1265,1175
667.8636,1.134e-20,5,7,1265,1175
667.870282,3.581e-28,3,6,1265,1175
667.887221,1.024e-20,5,7,1265,1175
667.892384,1.115e-20,5,7,1265,1175
667.892887,1.473e-30,3,6,1265,1175
667.896839,7.918e-29,3,7,1265,1175
667.902126,9.563e-28,4,6,1265,1175
667.903294,2.592e-19,3,7,1265,1175
667.908536,1.505e-30,4,6,1265,1175
667.924438,1.066e-20,5,7,1265,1175
667.938567,1.098e-20,5,7,1265,1175
667.951644,5.386e-24,4,7,1265,1175
667.957134,1.666e-27,3,6,1265,1175
667.959753,9.944e-21,5,7,1265,1175
667.988643,1.811e-26,3,6,1265,1175
667.99811,1.132e-20,5,7,1265,1175
667.998321,9.06e-21,5,7,1265,1175
668.00037,2.361e-19,3,7,1265,1175
668.005409,1.506e-29,3,6,1265,1175
668.01803,1.207e-29,3,6,1265,1175
668.025318,4.171e-27,3,6,1265,1175
668.026314,7.44e-26,3,6,1265,1175
668.040131,8.075e-21,5,7,1265,1175
668.064491,1.375e-29,3,6,1265,1175
668.065845,1.129e-20,5,7,1265,1175
668.085169,7.047e-21,5,7,1265,1175
668.105654,2.105e-19,3,7,1265,1175
668.109091,1.503e-29,3,6,1265,1175
668.122925,1.149e-22,4,7,1265,1175
668.124673,1.518e-25,4,6,1265,1175
668.12862,2.036e-22,4,7,1265,1175
668.133421,6.027e-21,5,7,1265,1175
668.135738,2.791e-22,4,7,1265,1175
668.141761,1.095e-20,5,7,1265,1175
668.144278,3.454e-22,4,7,1265,1175
668.149642,3.61e-27,4,7,1265,1175
668.154243,4.042e-22,4,7,1265,1175
668.161185,3.018e-20,3,7,1265,1175
668.165626,4.562e-22,4,7,1265,1175
668.178437,5.016e-22,4,7,1265,1175
668.178658,8.035e-30,3,6,1265,1175
668.18487,5.054e-21,5,7,1265,1175
668.19266,5.407e-22,4,7,1265,1175
668.208317,5.733e-22,4,7,1265,1175
668.212552,6.072e-28,4,7,1265,1175
668.216004,3.194e-28,3,6,1265,1175
668.219132,1.837e-19,3,7,1265,1175
668.222346,2.647e-25,3,6,1265,1175
668.225375,5.997e-22,4,7,1265,1175
668.225849,1.034e-20,5,7,1265,1175
668.239496,4.158e-21,5,7,1265,1175
668.243878,6.199e-22,4,7,1265,1175
668.244924,4.64e-25,3,6,1265,1175
668.249132,6.644e-30,3,6,1265,1175
668.255211,1.031e-29,4,6,1265,1175
668.256231,2.028e-29,3,6,1265,1175
668.263765,6.341e-22,4,7,1265,1175
668.26812,1.196e-27,3,6,1265,1175
668.276772,5.84e-27,4,6,1265,1175
668.280401,6.428e-25,3,6,1265,1175
668.285116,6.425e-22,4,7,1265,1175
668.294742,9.742e-30,3,6,1265,1175
668.297277,3.358e-21,5,7,1265,1175
668.299748,5.431e-24,4,7,1265,1175
668.299943,1.325e-28,3,6,1265,1175
668.307825,6.455e-22,4,7,1265,1175
668.3181,9.533e-21,5,7,1265,1175
668.327591,3.398e-26,4,7,1265,1175
668.328772,7.942e-25,3,6,1265,1175
668.332023,6.433e-22,4,7,1265,1175
668.334959,1.239e-24,4,6,1265,1175
668.335602,6.511e-24,4,7,1265,1175
668.3358,2.076e-27,3,6,1265,1175
668.338564,3.311e-22,4,7,1265,1175
668.340789,1.572e-19,3,7,1265,1175
668.357547,6.363e-22,4,7,1265,1175
668.358187,2.662e-21,5,7,1265,1175
668.361624,2.471e-25,4,6,1265,1175
668.36328,2.518e-30,3,6,1265,1175
668.373651,3.557e-30,3,6,1265,1175
668.378323,3.054e-30,3,6,1265,1175
668.384593,6.25e-22,4,7,1265,1175
668.390031,9.13e-25,3,6,1265,1175
668.393445,5.182e-29,3,6,1265,1175
668.412923,6.098e-22,4,7,1265,1175
668.4185,8.592e-21,5,7,1265,1175
668.422197,2.073e-21,5,7,1265,1175
668.426607,9.296e-27,3,6,1265,1175
668.431664,6.523e-28,3,6,1265,1175
668.438803,1.892e-27,3,6,1265,1175
668.442816,5.912e-22,4,7,1265,1175
668.449933,1.436e-28,3,6,1265,1175
668.462678,4.249e-29,3,6,1265,1175
668.464172,9.963e-25,3,6,1265,1175
668.470611,1.319e-19,3,7,1265,1175
668.473946,5.696e-22,4,7,1265,1175
668.482322,5.968e-24,4,7,1265,1175
668.489274,1.586e-21,5,7,1265,1175
668.489359,1.074e-23,4,7,1265,1175
668.497802,1.476e-23,4,7,1265,1175
668.506685,5.455e-22,4,7,1265,1175
668.507652,1.824e-23,4,7,1265,1175
668.511745,4.205e-30,3,6,1265,1175
668.51694,7.047e-30,3,6,1265,1175
668.517322,9.263e-30,3,6,1265,1175
668.518907,2.127e-23,4,7,1265,1175
668.523866,2.258e-28,3,6,1265,1175
668.527038,7.58e-21,5,7,1265,1175
668.528752,1.547e-22,4,7,1265,1175
668.531569,2.389e-23,4,7,1265,1175
668.540606,5.195e-22,4,7,1265,1175
668.545635,2.612e-23,4,7,1265,1175
668.551186,1.043e-24,3,6,1265,1175
668.559381,1.193e-21,5,7,1265,1175
668.559971,5.811e-27,3,6,1265,1175
668.561105,2.799e-23,4,7,1265,1175
668.563639,1.375e-26,3,6,1265,1175
668.569399,2.015e-26,3,6,1265,1175
668.575018,7.649e-29,3,6,1265,1175
668.575211,1.005e-26,3,6,1265,1175
668.576186,4.92e-22,4,7,1265,1175
668.577245,2.54e-26,3,6,1265,1175
668.577979,2.951e-23,4,7,1265,1175
668.587171,2.947e-26,3,6,1265,1175
668.596257,3.069e-23,4,7,1265,1175
668.598905,1.414e-29,3,6,1265,1175
668.599166,3.231e-26,3,6,1265,1175
668.60043,1.71e-26,3,6,1265,1175
668.608581,1.086e-19,3,7,1265,1175
668.612894,4.634e-22,4,7,1265,1175
668.613216,3.392e-26,3,6,1265,1175
668.615936,3.155e-23,4,7,1265,1175
668.629307,3.437e-26,3,6,1265,1175
668.632477,8.812e-22,5,7,1265,1175
668.636852,2.294e-26,3,6,1265,1175
668.637018,3.209e-23,4,7,1265,1175
668.640841,1.095e-30,3,6,1265,1175
668.643699,6.551e-21,5,7,1265,1175
668.647419,3.376e-26,3,6,1265,1175
668.651061,1.056e-24,3,6,1265,1175
668.651309,4.342e-22,4,7,1265,1175
668.6595,3.233e-23,4,7,1265,1175
668.662487,4.582e-24,4,7,1265,1175
668.66753,3.227e-26,3,6,1265,1175
668.672225,3.535e-28,3,6,1265,1175
668.682064,1.761e-23,4,7,1265,1175
668.683383,3.23e-23,4,7,1265,1175
668.684475,2.762e-26,3,6,1265,1175
668.689611,3.008e-26,3,6,1265,1175
668.690802,4.047e-22,4,7,1265,1175
668.703253,1.134e-30,3,6,1175,1175
668.708515,6.4e-22,5,7,1265,1175
668.708663,3.202e-23,4,7,1265,1175
668.708678,3.201e-26,4,6,1265,1175
668.713631,2.739e-26,3,6,1265,1175
668.72938,1.856e-26,3,6,1265,1175
668.73204,3.753e-22,4,7,1265,1175
668.735343,3.15e-23,4,7,1265,1175
668.739552,2.439e-26,3,6,1265,1175
668.743292,3.11e-26,3,6,1265,1175
668.753369,1.017e-28,4,6,1265,1175
668.754682,8.777e-20,3,7,1265,1175
668.754695,8.452e-26,4,6,1265,1175
668.763417,3.078e-23,4,7,1265,1175
668.763785,1.037e-24,3,6,1265,1175
668.76733,2.127e-26,3,6,1265,1175
668.768468,5.55e-21,5,7,1265,1175
668.77432,3.463e-22,4,7,1265,1175
668.787444,4.57e-22,5,7,1265,1175
668.792891,2.988e-23,4,7,1265,1175
668.796915,1.817e-26,3,6,1265,1175
668.813297,3.335e-26,3,6,1265,1175
668.815012,3.944e-29,3,6,1265,1175
668.818364,3.179e-22,4,7,1265,1175
668.819507,1.193e-29,3,6,1265,1175
668.821809,6.221e-30,3,6,1265,1175
668.823753,2.881e-23,4,7,1265,1175
668.828249,1.522e-26,3,6,1265,1175
668.828442,4.169e-27,3,6,1265,1175
668.830993,7.42e-26,3,6,1265,1175
668.834071,2.863e-25,4,6,1265,1175
668.835607,1.762e-30,3,6,1265,1175
668.8414,3.124e-30,3,6,1265,1175
668.842416,5.196e-25,4,6,1265,1175
668.84562,1.75e-30,3,6,1265,1175
668.848649,4.282e-30,3,6,1265,1175
668.852151,7.163e-25,4,6,1265,1175
668.856018,2.762e-23,4,7,1265,1175
668.857328,5.301e-30,3,6,1265,1175
668.861264,1.251e-26,3,6,1265,1175
668.863275,8.846e-25,4,6,1265,1175
668.86344,2.905e-22,4,7,1265,1175
668.867493,6.204e-30,3,6,1265,1175
668.869207,3.209e-22,5,7,1265,1175
668.875789,1.029e-24,4,6,1265,1175
668.879039,7.004e-30,3,6,1265,1175
668.885585,3.214e-28,3,6,1265,1175
668.888468,8.165e-29,3,6,1265,1175
668.889344,9.914e-25,3,6,1265,1175
668.889663,2.632e-23,4,7,1265,1175
668.889691,1.151e-24,4,6,1265,1175
668.891617,5.699e-28,3,6,1265,1175
668.892143,7.703e-30,3,6,1265,1175
668.894482,3.439e-26,3,6,1265,1175
668.895885,1.009e-26,3,6,1265,1175
668.899154,7.81e-28,3,6,1265,1175
668.901331,4.613e-21,5,7,1265,1175
668.901609,1.991e-27,4,6,1265,1175
668.902104,8.308e-30,3,6,1265,1175
668.904981,1.254e-24,4,6,1265,1175
668.906523,8.304e-30,3,6,1265,1175
668.908202,9.665e-28,3,6,1265,1175
668.908894,6.966e-20,3,7,1265,1175
668.910263,2.641e-22,4,7,1265,1175
668.918748,1.131e-27,3,6,1265,1175
668.921659,1.337e-24,4,6,1265,1175
668.921903,5.547e-29,3,6,1265,1175
668.922608,8.808e-30,3,6,1265,1175
668.924713,2.495e-23,4,7,1265,1175
668.930817,1.277e-27,3,6,1265,1175
668.932026,7.986e-27,3,6,1265,1175
668.939723,1.403e-24,4,6,1265,1175
668.939769,9.216e-30,3,6,1265,1175
668.944364,1.404e-27,3,6,1265,1175
668.94581,1.064e-30,3,6,1175,1175
668.953741,2.216e-22,5,7,1265,1175
668.95753,1.833e-24,4,6,1265,1175
668.958152,2.391e-22,4,7,1265,1175
668.958895,9.53e-30,3,6,1265,1175
668.959173,1.452e-24,4,6,1265,1175
668.95946,1.513e-27,3,6,1265,1175
668.961134,2.351e-23,4,7,1265,1175
668.969589,6.209e-27,3,6,1265,1175
668.975995,1.604e-27,3,6,1265,1175
668.978762,9.751e-30,3,6,1265,1175
668.980009,1.485e-24,4,6,1265,1175
668.984594,2.913e-28,3,6,1265,1175
668.986838,3.433e-26,3,6,1265,1175
668.989893,7.364e-30,3,6,1265,1175
668.992741,1.075e-25,3,6,1265,1175
668.993453,4.725e-28,3,6,1265,1175
668.994129,1.678e-27,3,6,1265,1175
668.998967,2.203e-23,4,7,1265,1175
669.000645,1.445e-28,3,6,1265,1175
669.001017,9.885e-30,3,6,1265,1175
669.002229,1.503e-24,4,6,1265,1175
669.006162,8.015e-30,3,6,1265,1175
669.00772,2.154e-22,4,7,1265,1175
669.008465,4.743e-27,3,6,1265,1175
669.013633,1.735e-27,3,6,1265,1175
669.023487,9.934e-30,3,6,1265,1175
669.025832,1.507e-24,4,6,1265,1175
669.027721,9.247e-25,3,6,1265,1175
669.034823,1.774e-27,3,6,1265,1175
669.037152,6.444e-30,3,6,1265,1175
669.038156,2.054e-23,4,7,1265,1175
669.040975,1.504e-22,5,7,1265,1175
669.042269,3.763e-21,5,7,1265,1175
669.048531,3.559e-27,3,6,1265,1175
669.048987,9.905e-30,3,6,1265,1175
669.050818,1.498e-24,4,6,1265,1175
669.057268,1.798e-27,3,6,1265,1175
669.058449,1.931e-22,4,7,1265,1175
669.059755,1.992e-29,3,6,1265,1175
669.06625,8.35e-30,3,6,1265,1175
669.0712,5.432e-20,3,7,1265,1175
669.073922,9.802e-30,3,6,1265,1175
669.077185,1.477e-24,4,6,1265,1175
669.078767,1.906e-23,4,7,1265,1175
669.078819,5.767e-27,4,6,1265,1175
669.081541,1.806e-27,3,6,1265,1175
669.08965,2.624e-27,3,6,1265,1175
669.090353,3.329e-26,3,6,1265,1175
669.095349,1.722e-29,3,6,1265,1175
669.10282,9.632e-30,3,6,1265,1175
669.104933,1.446e-24,4,6,1265,1175
669.106889,1.8e-27,3,6,1265,1175
669.110715,1.724e-22,4,7,1265,1175
669.114857,1.727e-23,4,7,1265,1175
669.120716,1.759e-23,4,7,1265,1175
669.124056,2.435e-25,4,6,1265,1175
669.130047,9.402e-30,3,6,1265,1175
669.130834,1.005e-22,4,7,1265,1175
669.131669,1.902e-27,3,6,1265,1175
669.134061,1.406e-24,4,6,1265,1175
669.134282,1.78e-27,3,6,1265,1175
669.139943,1.095e-29,3,6,1265,1175
669.141733,1.223e-24,4,6,1265,1175
669.162481,1.749e-27,3,6,1265,1175
669.162535,9.12e-30,3,6,1265,1175
669.164102,1.615e-23,4,7,1265,1175
669.164323,1.532e-22,4,7,1265,1175
669.164566,1.358e-24,4,6,1265,1175
669.174417,1.355e-27,3,6,1265,1175
669.178128,1.304e-26,3,6,1265,1175
669.178897,8.429e-25,3,6,1265,1175
669.178987,3.554e-30,3,6,1265,1175
669.187747,2.379e-26,3,6,1265,1175
669.191266,3.013e-21,5,7,1265,1175
669.191835,8.791e-30,3,6,1265,1175
669.192261,8.819e-27,3,6,1265,1175
669.193046,1.706e-27,3,6,1265,1175
669.194775,1.588e-29,3,6,1265,1175
669.196448,1.304e-24,4,6,1265,1175
669.198739,3.286e-26,3,6,1265,1175
669.201894,2.855e-29,3,6,1265,1175
669.205016,3.145e-26,3,6,1265,1175
669.208801,1.476e-23,4,7,1265,1175
669.210436,3.926e-29,3,6,1265,1175
669.211104,4.055e-26,3,6,1265,1175
669.217709,9.489e-28,3,6,1265,1175
669.219224,1.355e-22,4,7,1265,1175
669.220402,4.852e-29,3,6,1265,1175
669.223234,6.6e-23,4,7,1265,1175
669.224029,1.654e-27,3,6,1265,1175
669.224841,4.705e-26,3,6,1265,1175
669.228152,8.425e-30,3,6,1265,1175
669.229706,1.244e-24,4,6,1265,1175
669.231789,5.657e-29,3,6,1265,1175
669.239949,5.25e-26,3,6,1265,1175
669.241577,4.161e-20,3,7,1265,1175
669.244598,6.353e-29,3,6,1265,1175
669.254959,1.342e-23,4,7,1265,1175
669.256428,5.696e-26,3,6,1265,1175
669.257835,1.594e-27,3,6,1265,1175
669.258829,6.948e-29,3,6,1265,1175
669.25926,8.028e-30,3,6,1265,1175
669.261336,6.533e-28,3,6,1265,1175
669.264338,1.18e-24,4,6,1265,1175
669.269966,1.349e-28,3,6,1265,1175
669.269979,5.477e-29,3,6,1265,1175
669.270585,7.506e-30,3,6,1265,1175
669.274277,6.052e-26,3,6,1265,1175
669.27448,7.446e-29,3,6,1265,1175
669.275769,1.193e-22,4,7,1265,1175
669.279292,8.189e-28,4,6,1265,1175
669.281992,4.695e-29,4,7,1265,1175
669.287188,1.747e-27,3,6,1265,1175
669.291514,1.526e-27,3,6,1265,1175
669.291551,7.85e-29,3,6,1265,1175
669.293496,6.324e-26,3,6,1265,1175
669.299696,7.608e-30,3,6,1265,1175
669.300343,1.113e-24,4,6,1265,1175
669.302396,1.215e-23,4,7,1265,1175
669.305072,4.423e-28,3,6,1265,1175
669.310041,8.164e-29,3,6,1265,1175
669.314083,6.515e-26,3,6,1265,1175
669.318081,4.265e-23,4,7,1265,1175
669.320323,3.495e-21,3,7,1265,1175
669.326812,2.247e-28,3,6,1265,1175
669.328649,1.453e-27,3,6,1265,1175
669.329949,8.39e-29,3,6,1265,1175
669.330814,2.9e-26,3,6,1265,1175
669.332288,7.169e-30,3,6,1265,1175
669.332302,4.037e-29,3,7,1265,1175
669.333224,1.046e-22,4,7,1265,1175
669.334685,8.8e-30,3,6,1265,1175
669.336038,6.633e-26,3,6,1265,1175
669.33772,1.044e-24,4,6,1265,1175
669.342852,7.517e-25,3,6,1265,1175
669.348302,2.37e-21,3,7,1265,1175
669.348667,2.945e-28,3,6,1265,1175
669.351276,8.534e-29,3,6,1265,1175
669.351324,1.095e-23,4,7,1265,1175
669.352824,2.1e-27,3,6,1265,1175
669.359361,6.682e-26,3,6,1265,1175
669.364916,1.376e-27,3,6,1265,1175
669.372225,2.15e-30,3,6,1265,1175
669.374017,8.599e-29,3,6,1265,1175
669.376466,9.736e-25,4,6,1265,1175
669.377195,6.722e-30,3,6,1265,1175
669.383953,8.345e-26,4,6,1265,1175
669.384049,6.669e-26,3,6,1265,1175
669.391849,1.928e-28,3,6,1265,1175
669.39278,9.133e-23,4,7,1265,1175
669.398177,8.592e-29,3,6,1265,1175
669.401486,9.816e-24,4,7,1265,1175
669.405494,1.296e-27,3,6,1265,1175
669.410102,6.599e-26,3,6,1265,1175
669.410887,6.269e-30,3,6,1265,1175
669.415277,2.711e-23,4,7,1265,1175
669.416581,9.036e-25,4,6,1265,1175
669.420006,3.133e-20,3,7,1265,1175
669.423746,8.516e-29,3,6,1265,1175
669.424291,5.625e-24,4,7,1265,1175
669.434322,1.241e-28,3,6,1265,1175
669.437519,6.478e-26,3,6,1265,1175
669.444209,1.214e-27,3,6,1265,1175
669.447223,1.07e-30,3,6,1265,1175
669.449154,1.571e-29,3,6,1265,1175
669.450736,8.379e-29,3,6,1265,1175
669.452687,7.935e-23,4,7,1265,1175
669.453183,8.762e-24,4,7,1265,1175
669.458063,8.343e-25,4,6,1265,1175
669.460678,5.818e-30,3,6,1265,1175
669.466298,6.313e-26,3,6,1265,1175
669.467731,2.615e-26,3,6,1265,1175
669.475586,3.472e-28,3,6,1265,1175
669.475764,7.858e-29,3,6,1265,1175
669.479127,8.186e-29,3,6,1265,1175
669.488376,1.132e-27,3,6,1265,1175
669.495017,5.371e-30,3,6,1265,1175
669.49633,1.542e-30,3,6,1265,1175
669.49644,6.11e-26,3,6,1265,1175
669.49995,7.311e-28,4,6,1265,1175
669.50091,7.664e-25,4,6,1265,1175
669.502227,1.334e-30,3,6,1265,1175
669.506055,7.785e-24,4,7,1265,1175
669.508945,7.946e-29,3,6,1265,1175
669.511785,1.839e-30,3,6,1265,1175
669.513357,1.831e-21,3,7,1265,1175
669.514451,5.719e-28,3,6,1265,1175
669.514712,1.696e-23,4,7,1265,1175
669.515354,6.868e-23,4,7,1265,1175
669.515825,4.893e-29,3,6,1265,1175
669.519562,6.566e-25,3,6,1265,1175
669.522706,2.271e-30,3,6,1265,1175
669.52531,1.048e-27,3,6,1265,1175
669.527941,5.874e-26,3,6,1265,1175
669.529366,1.05e-27,3,6,1265,1175
669.534992,2.641e-30,3,6,1265,1175
669.537524,1.448e-27,3,6,1265,1175
669.54015,7.663e-29,3,6,1265,1175
669.54512,7.006e-25,4,6,1265,1175
669.54864,2.956e-30,3,6,1265,1175
669.550182,4.937e-30,3,6,1265,1175
669.551094,1.785e-27,3,6,1265,1175
669.554129,2.997e-29,3,6,1265,1175
669.554719,1.465e-26,3,6,1265,1175
669.560521,6.886e-24,4,7,1265,1175
669.560802,5.612e-26,3,6,1265,1175
669.56365,3.219e-30,3,6,1265,1175
669.566019,2.067e-27,3,6,1265,1175
669.568695,6.011e-27,4,7,1265,1175
669.572793,7.346e-29,3,6,1265,1175
669.577304,9.685e-28,3,6,1265,1175
669.577586,5.916e-23,4,7,1265,1175
669.580022,3.434e-30,3,6,1265,1175
669.582297,2.3e-27,3,6,1265,1175
669.584637,4.513e-30,3,6,1265,1175
669.590269,1.805e-29,3,6,1265,1175
669.590691,6.373e-25,4,6,1265,1175
669.595021,5.329e-26,3,6,1265,1175
669.597755,3.603e-30,3,6,1265,1175
669.59993,2.487e-27,3,6,1265,1175
669.606462,2.319e-20,3,7,1265,1175
669.606805,7.001e-29,3,6,1265,1175
669.615752,2.308e-26,3,6,1265,1175
669.616087,6.064e-24,4,7,1265,1175
669.616268,1.043e-23,4,7,1265,1175
669.616847,3.728e-30,3,6,1265,1175
669.618915,2.633e-27,3,6,1265,1175
669.620356,8.89e-28,3,6,1265,1175
669.622296,1.18e-29,3,6,1265,1175
669.623808,1.07e-29,3,6,1265,1175
669.630595,5.031e-26,3,6,1265,1175
669.632906,4.149e-27,3,6,1265,1175
669.637023,7.362e-26,3,6,1265,1175
669.637298,3.813e-30,3,6,1265,1175
669.637623,5.77e-25,4,6,1265,1175
669.639252,2.74e-27,3,6,1265,1175
669.642271,6.634e-29,3,6,1265,1175
669.643488,5.077e-23,4,7,1265,1175
669.645745,4.108e-30,3,6,1265,1175
669.654279,6.233e-30,3,6,1265,1175
669.659107,3.859e-30,3,6,1265,1175
669.66094,2.812e-27,3,6,1265,1175
669.667525,4.723e-26,3,6,1265,1175
669.672289,8.124e-28,3,6,1265,1175
669.67254,1.553e-29,3,6,1265,1175
669.673322,5.316e-24,4,7,1265,1175
669.677272,1.13e-25,4,6,1265,1175
669.679077,6.252e-29,3,6,1265,1175
669.679702,3.72e-30,3,6,1265,1175
669.681182,3.572e-30,3,6,1265,1175
669.682272,3.869e-30,3,6,1265,1175
669.682426,2.751e-30,4,6,1265,1175
669.683978,2.851e-27,3,6,1265,1175
669.685912,5.199e-25,4,6,1265,1175
669.68641,1.39e-21,3,7,1265,1175
669.703986,2.014e-30,3,6,1265,1175
669.705808,4.41e-26,3,6,1265,1175
669.706793,3.846e-30,3,6,1265,1175
669.707888,4.336e-23,4,7,1265,1175
669.708366,2.86e-27,3,6,1265,1175
669.709002,5.622e-25,3,6,1265,1175
669.717146,7.386e-28,3,6,1265,1175
669.717366,5.86e-29,3,6,1265,1175
669.719816,6.316e-24,4,7,1265,1175
669.722124,1.117e-30,3,6,1265,1175
669.726248,6.007e-20,3,7,1265,1175
669.731562,4.64e-24,4,7,1265,1175
669.732669,3.793e-30,3,6,1265,1175
669.734102,2.842e-27,3,6,1265,1175
669.735558,4.662e-25,4,6,1265,1175
669.745443,4.096e-26,3,6,1265,1175
669.747411,3.355e-30,3,6,1265,1175
669.754521,2.589e-28,3,6,1265,1175
669.756956,5.463e-29,3,6,1265,1175
669.759897,3.714e-30,3,6,1265,1175
669.761185,2.799e-27,3,6,1265,1175
669.773348,6.686e-28,3,6,1265,1175
669.774859,1.996e-26,3,6,1265,1175
669.777181,3.689e-23,4,7,1265,1175
669.780161,3.01e-30,3,6,1265,1175
669.785541,1.57e-28,3,6,1265,1175
669.786428,3.784e-26,3,6,1265,1175
669.786557,4.162e-25,4,6,1265,1175
669.788477,3.611e-30,3,6,1265,1175
669.789614,2.736e-27,3,6,1265,1175
669.791118,4.071e-24,4,7,1265,1175
669.791571,4.032e-24,4,7,1265,1175
669.792191,1.728e-30,3,6,1265,1175
669.798068,5.068e-29,3,6,1265,1175
669.800924,1.687e-20,3,7,1265,1175
669.818408,3.488e-30,3,6,1265,1175
669.819388,2.654e-27,3,6,1265,1175
669.819694,6.021e-28,3,6,1265,1175
669.825219,3.762e-24,4,7,1265,1175
669.828761,3.478e-26,3,6,1265,1175
669.829478,6.717e-30,3,6,1265,1175
669.838909,3.698e-25,4,6,1265,1175
669.839068,6.837e-30,3,6,1265,1175
669.840424,4.677e-29,3,6,1265,1175
669.842998,2.439e-29,3,6,1265,1175
669.843558,3.124e-23,4,7,1265,1175
669.848605,5.607e-24,4,7,1265,1175
669.849687,3.347e-30,3,6,1265,1175
669.850506,2.557e-27,3,6,1265,1175
669.852463,3.489e-24,4,7,1265,1175
669.85371,8.546e-30,4,6,1265,1175
669.855061,4.476e-29,3,6,1265,1175
669.855231,2.691e-30,3,6,1265,1175
669.861371,1.069e-27,3,6,1265,1175
669.864704,1.946e-29,3,6,1265,1175
669.867439,1.038e-21,3,7,1265,1175
669.868463,6.187e-29,3,6,1265,1175
669.872441,3.18e-26,3,6,1265,1175
669.8805,5.4e-28,3,6,1265,1175
669.882083,5.662e-27,4,6,1265,1175
669.882314,3.194e-30,3,6,1265,1175
669.882966,2.448e-27,3,6,1265,1175
669.883202,7.618e-29,3,6,1265,1175
669.884363,4.295e-29,3,6,1265,1175
669.885869,2.374e-25,4,6,1265,1175
669.885962,2.391e-30,3,6,1265,1175
669.89261,3.271e-25,4,6,1265,1175
669.899279,8.804e-29,3,6,1265,1175
669.901446,2.136e-26,4,7,1265,1175
669.911142,4.721e-25,3,6,1265,1175
669.915251,3.005e-24,4,7,1265,1175
669.916286,3.029e-30,3,6,1265,1175
669.916436,2.636e-23,4,7,1265,1175
669.916692,9.768e-29,3,6,1265,1175
669.916767,2.328e-27,3,6,1265,1175
669.917466,2.894e-26,3,6,1265,1175
669.919571,2.579e-27,3,6,1265,1175
669.924536,2.922e-30,3,6,1265,1175
669.927959,4.818e-28,3,6,1265,1175
669.928883,2.898e-22,4,7,1265,1175
669.929468,3.925e-29,3,6,1265,1175
669.932327,2.205e-24,4,7,1265,1175
669.935442,1.053e-28,3,6,1265,1175
669.945034,1.692e-26,3,6,1265,1175
669.947659,2.881e-25,4,6,1265,1175
669.951602,2.857e-30,3,6,1265,1175
669.951835,1.2e-24,4,6,1265,1175
669.951907,2.201e-27,3,6,1265,1175
669.955526,1.111e-28,3,6,1265,1175
669.959276,8.225e-27,3,6,1265,1175
669.963498,2.825e-29,3,6,1265,1175
669.963834,2.621e-26,3,6,1265,1175
669.969257,2.119e-30,3,6,1265,1175
669.976239,3.569e-29,3,6,1265,1175
669.976945,1.152e-28,3,6,1265,1175
669.97877,2.578e-24,4,7,1265,1175
669.98456,2.213e-23,4,7,1265,1175
669.9872,3.529e-30,3,6,1265,1175
669.98826,2.679e-30,3,6,1265,1175
669.988386,2.069e-27,3,6,1265,1175
669.993769,4.283e-28,3,6,1265,1175
669.997045,1.866e-30,3,6,1265,1175
669.999697,1.177e-28,3,6,1265,1175
670.003365,1.207e-20,3,7,1265,1175
670.004054,2.525e-25,4,6,1265,1175
670.011544,2.362e-26,3,6,1265,1175
670.023782,1.189e-28,3,6,1265,1175
670.02407,3.231e-29,3,6,1265,1175
670.025112,7.946e-30,3,6,1265,1175
670.026202,1.933e-27,3,6,1265,1175
670.026259,2.5e-30,3,6,1265,1175
670.036158,3.167e-29,3,6,1265,1175
670.040979,1.272e-24,4,7,1265,1175
670.041891,3.786e-28,3,6,1265,1175
670.044343,2.202e-24,4,7,1265,1175
670.049198,1.188e-28,3,6,1265,1175
670.050366,1.771e-29,3,6,1265,1175
670.056423,7.612e-22,3,7,1265,1175
670.060593,2.119e-26,3,6,1265,1175
670.061256,1.852e-23,4,7,1265,1175
670.061792,2.204e-25,4,6,1265,1175
670.065352,1.797e-27,3,6,1265,1175
670.065596,2.32e-30,3,6,1265,1175
670.067444,1.739e-22,4,7,1265,1175
670.069456,7.069e-30,3,6,1265,1175
670.073683,2.91e-29,3,6,1265,1175
670.075944,1.175e-28,3,6,1265,1175
670.082571,1.607e-27,3,6,1265,1175
670.089551,1.639e-30,3,6,1265,1175
670.091006,1.261e-28,3,6,1265,1175
670.097274,1.113e-27,4,7,1265,1175
670.10402,1.153e-28,3,6,1265,1175
670.104063,3.866e-21,3,7,1265,1175
670.105836,1.662e-27,3,6,1265,1175
670.10627,2.142e-30,3,6,1265,1175
670.110461,1.873e-24,4,7,1265,1175
670.110979,1.892e-26,3,6,1265,1175
670.113185,3.336e-28,3,6,1265,1175
670.113349,1.431e-30,3,6,1265,1175
670.120871,1.915e-25,4,6,1265,1175
670.124211,2.61e-29,3,6,1265,1175
670.125951,3.89e-25,3,6,1265,1175
670.126255,1.407e-26,3,6,1265,1175
670.126944,1.061e-26,3,6,1265,1175
670.130852,1.542e-23,4,7,1265,1175
670.131084,2.229e-28,3,6,1265,1175
670.133423,1.122e-28,3,6,1265,1175
670.147651,1.528e-27,3,6,1265,1175
670.148278,1.968e-30,3,6,1265,1175
670.151004,7.216e-25,4,7,1265,1175
670.153296,8.321e-30,3,6,1265,1175
670.161437,2.923e-28,3,6,1265,1175
670.1627,1.681e-26,3,6,1265,1175
670.163728,1.017e-30,3,6,1265,1175
670.164153,1.084e-28,3,6,1265,1175
670.165636,6.141e-29,3,6,1265,1175
670.17668,2.329e-29,3,6,1265,1175
670.17696,1.867e-30,3,6,1265,1175
670.178832,1.586e-24,4,7,1265,1175
670.179457,3.657e-29,3,6,1265,1175
670.181289,1.657e-25,4,6,1265,1175
670.190797,1.398e-27,3,6,1265,1175
670.191513,2.579e-30,3,6,1265,1175
670.191619,1.799e-30,3,6,1265,1175
670.196209,1.04e-28,3,6,1265,1175
670.207386,3.171e-30,3,6,1265,1175
670.21165,1.28e-23,4,7,1265,1175
670.213762,8.496e-21,3,7,1265,1175
670.215755,1.487e-26,3,6,1265,1175
670.216179,1.246e-30,3,6,1265,1175
670.224578,3.657e-30,3,6,1265,1175
670.229589,9.91e-29,3,6,1265,1175
670.229873,2.07e-29,3,6,1265,1175
670.234804,1.078e-30,3,6,1265,1175
670.23527,1.273e-27,3,6,1265,1175
670.236289,1.636e-30,3,6,1265,1175
670.238784,2.553e-28,3,6,1265,1175
670.243042,1.427e-25,4,6,1265,1175
670.24309,4.046e-30,3,6,1265,1175
670.247515,1.337e-24,4,7,1265,1175
670.253335,5.491e-22,3,7,1265,1175
670.255132,1.041e-30,3,6,1265,1175
670.262216,4.03e-25,4,7,1265,1175
670.26292,4.349e-30,3,6,1265,1175
670.264292,9.384e-29,3,6,1265,1175
670.27014,1.31e-26,3,6,1265,1175
670.280358,3.392e-28,3,6,1265,1175
670.281071,1.153e-27,3,6,1265,1175
670.282165,7.306e-24,4,7,1265,1175
670.282289,1.481e-30,3,6,1265,1175
670.282392,1.056e-23,4,7,1265,1175
670.284067,4.573e-30,3,6,1265,1175
670.285217,1.831e-29,3,6,1265,1175
670.286536,2.217e-28,3,6,1265,1175
670.300316,8.833e-29,3,6,1265,1175
670.30613,1.224e-25,4,6,1265,1175
670.30653,4.724e-30,3,6,1265,1175
670.316639,4.292e-26,4,6,1265,1175
670.318503,1.148e-26,3,6,1265,1175
670.318698,1.123e-24,4,7,1265,1175
670.325854,1.148e-26,3,6,1265,1175
670.328195,1.04e-27,3,6,1265,1175
670.329613,1.335e-30,3,6,1265,1175
670.330309,4.811e-30,3,6,1265,1175
670.337659,8.266e-29,3,6,1265,1175
670.341036,1.612e-29,3,6,1265,1175
670.347223,1.644e-23,4,7,1265,1175
670.353393,3.147e-25,3,6,1265,1175
670.355403,4.839e-30,3,6,1265,1175
670.367627,8.698e-24,4,7,1265,1175
670.370549,1.045e-25,4,6,1265,1175
670.370608,1.92e-28,3,6,1265,1175
670.374419,2.214e-25,4,7,1265,1175
670.376321,7.692e-29,3,6,1265,1175
670.376642,9.331e-28,3,6,1265,1175
670.378263,1.197e-30,3,6,1265,1175
670.381175,8.187e-26,4,6,1265,1175
670.381809,4.815e-30,3,6,1265,1175
670.382895,1.002e-26,3,6,1265,1175
670.38991,9.392e-25,4,7,1265,1175
670.399279,1.413e-29,3,6,1265,1175
670.409528,4.745e-30,3,6,1265,1175
670.415981,5.97e-30,3,6,1265,1175
670.4163,7.118e-29,3,6,1265,1175
670.417122,1.652e-28,3,6,1265,1175
670.426395,1.165e-29,3,6,1265,1175
670.42641,8.333e-28,3,6,1265,1175
670.428231,1.068e-30,3,6,1265,1175
670.432087,5.881e-21,3,7,1265,1175
670.436298,8.889e-26,4,6,1265,1175
670.438558,4.636e-30,3,6,1265,1175
670.438706,4.111e-27,3,6,1265,1175
670.439132,7.12e-24,4,7,1265,1175
670.440653,1.602e-27,4,6,1265,1175
670.44126,8.707e-27,3,6,1265,1175
670.444404,7.265e-26,3,6,1265,1175
670.457593,6.552e-29,3,6,1265,1175
670.457676,1.233e-29,3,6,1265,1175
670.458153,3.895e-22,5,7,1265,1175
670.463161,1.037e-29,3,6,1265,1175
670.463924,7.822e-25,4,7,1265,1175
670.464666,5.01e-28,3,6,1265,1175
670.468898,4.493e-30,3,6,1265,1175
670.472911,3.353e-22,4,7,1265,1175
670.477496,7.407e-28,3,6,1265,1175
670.486876,1.501e-26,3,6,1265,1175
670.487402,1.197e-25,4,7,1265,1175
670.498867,1.694e-28,3,6,1265,1175
670.500199,6e-29,3,6,1265,1175
670.500546,4.322e-30,3,6,1265,1175
670.500946,7.533e-27,3,6,1265,1175
670.503371,7.526e-26,4,6,1265,1175
670.508707,1.419e-28,3,6,1265,1175
670.518852,1.072e-29,3,6,1265,1175
670.521753,9.202e-27,3,6,1265,1175
670.525782,2.226e-28,3,6,1265,1175
670.526404,1.346e-30,3,6,1265,1175
670.529201,5.815e-24,4,7,1265,1175
670.529898,6.554e-28,3,6,1265,1175
670.533501,4.129e-30,3,6,1265,1175
670.537621,6.487e-25,4,7,1265,1175
670.540033,1.773e-24,4,6,1265,1175
670.541251,5.316e-28,3,6,1265,1175
670.544117,5.466e-29,3,6,1265,1175
670.553123,1.211e-28,3,6,1265,1175
670.555713,2.14e-25,3,6,1265,1175
670.561952,6.488e-27,3,6,1265,1175
670.567762,3.918e-30,3,6,1265,1175
670.57177,6.346e-26,4,6,1265,1175
670.579771,9.272e-30,3,6,1265,1175
670.583614,5.772e-28,3,6,1265,1175
670.588726,7.754e-30,3,6,1265,1175
670.589344,4.955e-29,3,6,1265,1175
670.593432,2.5e-25,3,6,1265,1175
670.594132,1.833e-28,4,6,1265,1175
670.600941,6.371e-26,4,7,1265,1175
670.60102,4.721e-24,4,7,1265,1175
670.603327,3.694e-30,3,6,1265,1175
670.604205,5.303e-29,3,6,1265,1175
670.611172,6.586e-29,3,6,1265,1175
670.613195,5.248e-30,3,6,1265,1175
670.61449,5.357e-25,4,7,1265,1175
670.624275,5.564e-27,3,6,1265,1175
670.635878,4.47e-29,3,6,1265,1175
670.638642,5.061e-28,3,6,1265,1175
670.639796,6.102e-30,3,6,1265,1175
670.640195,3.463e-30,3,6,1265,1175
670.641488,5.328e-26,4,6,1265,1175
670.643923,7.988e-30,3,6,1265,1175
670.650618,2.287e-25,4,6,1265,1175
670.653139,1.031e-28,3,6,1265,1175
670.658313,4.004e-21,3,7,1265,1175
670.670848,2.717e-22,5,7,1265,1175
670.671073,1.893e-29,3,6,1265,1175
670.678364,3.226e-30,3,6,1265,1175
670.683718,4.012e-29,3,6,1265,1175
670.687011,5.529e-27,4,6,1265,1175
670.687913,4.751e-27,3,6,1265,1175
670.690625,4.406e-25,4,7,1265,1175
670.694457,8.719e-29,3,6,1265,1175
670.69498,4.417e-28,3,6,1265,1175
670.696388,3.825e-24,4,7,1265,1175
670.702836,1.598e-23,4,7,1265,1175
670.707296,6.851e-30,3,6,1265,1175
670.712526,4.455e-26,4,6,1265,1175
670.714798,3.336e-26,4,7,1265,1175
670.717833,2.989e-30,3,6,1265,1175
670.727646,7.517e-27,3,6,1265,1175
670.732862,3.584e-29,3,6,1265,1175
670.73598,7.243e-27,3,6,1265,1175
670.752625,3.838e-28,3,6,1265,1175
670.752862,4.04e-27,3,6,1265,1175
670.755545,2.599e-27,3,6,1265,1175
670.758599,2.755e-30,3,6,1265,1175
670.759819,2.027e-29,3,7,1265,1175
670.760802,1.172e-24,4,6,1265,1175
670.768001,3.079e-24,4,7,1265,1175
670.769758,9.503e-30,3,6,1265,1175
670.770377,3.609e-25,4,7,1265,1175
670.774477,5.852e-30,3,6,1265,1175
670.781167,8.36e-30,3,6,1265,1175
670.783307,3.187e-29,3,6,1265,1175
670.784877,3.709e-26,4,6,1265,1175
670.795098,3.485e-30,3,6,1265,1175
670.800662,2.525e-30,3,6,1265,1175
670.803969,7.365e-29,3,6,1265,1175
670.811575,3.32e-28,3,6,1265,1175
670.81912,3.42e-27,3,6,1265,1175
670.828723,1.719e-26,4,7,1265,1175
670.835052,2.821e-29,3,6,1265,1175
670.840224,4.976e-30,3,6,1265,1175
670.841037,6.175e-29,3,6,1265,1175
670.842064,9.239e-29,4,7,1265,1175
670.842972,1.936e-29,3,6,1265,1175
670.844018,2.302e-30,3,6,1265,1175
670.846025,1.951e-25,3,6,1265,1175
670.846211,5.184e-29,3,6,1265,1175
670.848896,2.944e-25,4,7,1265,1175
670.85704,3.087e-30,3,6,1265,1175
670.858544,3.075e-26,4,6,1265,1175
670.86921,2.475e-24,4,7,1265,1175
670.871828,2.86e-28,3,6,1265,1175
670.886685,2.883e-27,3,6,1265,1175
670.888093,2.485e-29,3,6,1265,1175
670.888667,2.088e-30,3,6,1265,1175
670.891396,1.865e-22,5,7,1265,1175
670.892411,2.682e-21,5,7,1265,1175
670.897237,4.314e-21,5,7,1265,1175
670.904425,1.591e-29,3,6,1265,1175
670.906003,5.699e-24,4,7,1265,1175
670.906359,1.168e-27,4,6,1265,1175
670.908578,1.175e-26,3,6,1265,1175
670.910501,4.214e-30,3,6,1265,1175
670.913564,1.174e-28,3,6,1265,1175
670.926658,1.458e-30,3,6,1265,1175
670.931567,2.392e-25,4,7,1265,1175
670.93338,2.453e-28,3,6,1265,1175
670.933516,2.539e-26,4,6,1265,1175
670.934607,1.885e-30,3,6,1265,1175
670.936675,2.204e-28,3,6,1265,1175
670.940017,1.976e-24,4,7,1265,1175
670.940912,1.471e-27,3,6,1265,1175
670.94243,2.179e-29,3,6,1265,1175
670.942447,8.717e-27,4,7,1265,1175
670.955553,2.42e-27,3,6,1265,1175
670.96116,5.601e-27,3,6,1265,1175
670.961276,5.174e-29,3,6,1265,1175
670.970218,7.989e-26,4,6,1265,1175
670.973147,7.833e-30,3,6,1265,1175
670.973535,2.02e-30,3,6,1265,1175
670.978528,3.554e-30,3,6,1265,1175
670.980282,2.81e-29,3,6,1265,1175
670.981835,1.693e-30,3,6,1265,1175
670.992765,4.301e-29,3,6,1265,1175
670.99623,2.094e-28,3,6,1265,1175
670.99695,9.844e-27,4,7,1265,1175
670.998059,1.902e-29,3,6,1265,1175
671.0098,2.088e-26,4,6,1265,1175
671.012407,1.935e-25,4,7,1265,1175
671.025723,2.023e-27,3,6,1265,1175
671.03035,1.513e-30,3,6,1265,1175
671.037441,2.497e-30,3,6,1265,1175
671.047692,1.576e-24,4,7,1265,1175
671.051983,2.984e-30,3,6,1265,1175
671.054979,1.653e-29,3,6,1265,1175
671.05569,4.35e-27,4,7,1265,1175
671.060375,1.78e-28,3,6,1265,1175
671.064565,1.008e-30,3,6,1265,1175
671.080148,1.346e-30,3,6,1265,1175
671.08654,3.298e-28,3,6,1265,1175
671.087381,1.71e-26,4,6,1265,1175
671.09719,1.684e-27,3,6,1265,1175
671.098039,1.559e-25,4,7,1265,1175
671.100285,5.494e-28,4,6,1265,1175
671.111127,1.496e-25,3,6,1265,1175
671.113186,1.43e-29,3,6,1265,1175
671.117002,1.248e-24,4,7,1265,1175
671.118362,2.871e-30,3,6,1265,1175
671.119768,1.259e-22,5,7,1265,1175
671.120626,1.165e-26,3,6,1265,1175
671.122178,2.495e-30,3,6,1265,1175
671.125144,3.574e-29,3,6,1265,1175
671.125812,1.507e-28,3,6,1265,1175
671.13123,1.191e-30,3,6,1265,1175
671.134352,1.768e-21,3,7,1265,1175
671.141138,1.177e-30,3,6,1265,1175
671.149534,2.946e-29,3,6,1265,1175
671.152941,5.494e-29,3,6,1265,1175
671.156429,3.177e-29,3,6,1265,1175
671.15813,9.343e-29,3,6,1265,1175
671.165608,1.253e-28,3,6,1265,1175
671.166272,1.394e-26,4,6,1265,1175
671.166739,5.142e-30,3,6,1265,1175
671.168156,2.136e-27,4,7,1265,1175
671.169953,1.396e-27,3,6,1265,1175
671.172656,7.519e-29,3,6,1265,1175
671.172679,1.232e-29,3,6,1265,1175
671.175353,1.508e-28,3,6,1265,1175
671.181131,1.251e-25,4,7,1265,1175
671.183591,1.05e-30,3,6,1265,1175
671.187338,1.696e-28,3,6,1265,1175
671.192538,1.27e-28,3,6,1265,1175
671.197264,4.256e-27,3,6,1265,1175
671.198153,1.103e-28,3,6,1265,1175
671.198909,2.078e-30,3,6,1265,1175
671.201529,1.818e-28,3,6,1265,1175
671.216276,3.135e-30,3,6,1265,1175
671.217887,1.873e-28,3,6,1265,1175
671.230095,8.275e-26,4,6,1265,1175
671.231797,1.148e-29,3,6,1265,1175
671.231865,9.871e-25,4,7,1265,1175
671.232919,1.392e-28,3,6,1265,1175
671.233455,1.056e-29,3,6,1265,1175
671.234193,9.39e-28,3,6,1265,1175
671.236121,1.554e-29,3,6,1265,1175
671.236363,1.867e-28,3,6,1265,1175
671.240134,2.504e-24,4,7,1265,1175
671.244009,1.152e-27,3,6,1265,1175
671.245838,4.055e-27,3,6,1265,1175
671.24645,1.132e-26,4,6,1265,1175
671.253124,7.133e-26,3,6,1265,1175
671.256902,1.808e-28,3,6,1265,1175
671.260551,1.066e-28,3,6,1265,1175
671.261919,3.492e-22,4,7,1265,1175
671.269775,1e-25,4,7,1265,1175
671.271142,1.723e-30,3,6,1265,1175
671.27695,1.616e-28,3,6,1265,1175
671.277056,1.821e-28,3,6,1265,1175
671.279444,1.706e-28,3,6,1265,1175
671.279535,1.032e-27,4,7,1265,1175
671.294632,8.832e-20,3,7,1265,1175
671.295511,9.019e-30,3,6,1265,1175
671.295673,2.429e-29,3,6,1265,1175
671.298374,1.83e-28,3,6,1265,1175
671.29889,7.752e-25,4,7,1265,1175
671.303917,1.571e-28,3,6,1265,1175
671.311228,1.984e-29,3,6,1265,1175
671.319353,9.474e-28,3,6,1265,1175
671.327935,9.16e-27,4,6,1265,1175
671.329848,8.912e-29,3,6,1265,1175
671.330244,1.414e-28,3,6,1265,1175
671.330244,1.775e-28,3,6,1265,1175
671.331161,3.285e-30,3,6,1265,1175
671.351269,1.423e-30,3,6,1265,1175
671.355039,7.963e-26,4,7,1265,1175
671.355934,8.36e-23,4,7,1265,1175
671.358338,1.246e-28,3,6,1265,1175
671.358845,7.667e-30,3,6,1265,1175
671.384105,1.146e-21,5,7,1265,1175
671.388105,1.075e-28,3,6,1265,1175
671.388626,3.649e-30,3,6,1265,1175
671.388688,1.128e-25,3,6,1265,1175
671.389501,4.909e-28,4,7,1265,1175
671.392796,1.867e-28,3,6,1265,1175
671.395984,7.756e-28,3,6,1265,1175
671.399276,5.603e-24,4,7,1265,1175
671.400425,7.417e-29,3,6,1265,1175
671.410696,7.379e-27,4,6,1265,1175
671.415555,2.172e-25,4,6,1265,1175
671.419441,9.09e-29,3,6,1265,1175
671.421763,6.086e-25,4,7,1265,1175
671.423453,6.49e-30,3,6,1265,1175
671.425387,1.17e-30,3,6,1265,1175
671.444263,3.179e-27,3,6,1265,1175
671.446755,6.313e-26,4,7,1265,1175
671.452231,7.539e-29,3,6,1265,1175
671.455518,6.96e-30,4,6,1265,1175
671.457384,9.366e-28,3,6,1265,1175
671.46071,4.951e-30,4,6,1265,1175
671.462987,3.326e-30,3,6,1265,1175
671.464346,1.848e-29,3,6,1265,1175
671.464601,1.895e-28,3,6,1265,1175
671.47115,1.321e-26,4,7,1265,1175
671.472281,6.147e-29,3,6,1265,1175
671.472972,1.623e-29,3,6,1265,1175
671.473897,6.324e-28,3,6,1265,1175
671.47772,1.315e-29,3,6,1265,1175
671.478858,1.833e-29,3,6,1265,1175
671.484721,3.319e-30,3,6,1265,1175
671.485606,4.74e-25,4,7,1265,1175
671.485779,5.516e-30,3,6,1265,1175
671.486351,6.135e-29,3,6,1265,1175
671.489335,5.47e-30,3,6,1265,1175
671.493035,5.371e-27,4,6,1265,1175
671.494764,5.92e-27,4,6,1265,1175
671.49737,6.7e-27,3,6,1265,1175
671.497714,2.297e-28,4,7,1265,1175
671.502189,3.142e-27,3,6,1265,1175
671.521178,2.487e-22,3,7,1265,1175
671.521669,4.901e-29,3,6,1265,1175
671.5341,4.985e-26,4,7,1265,1175
671.538246,8.738e-30,3,6,1265,1175
671.545412,5.074e-29,3,6,1265,1175
671.545654,1.866e-28,3,6,1265,1175
671.553092,5.135e-28,3,6,1265,1175
671.556486,4.591e-30,3,6,1265,1175
671.558037,3.844e-29,3,6,1265,1175
671.558065,3.26e-29,3,6,1265,1175
671.574219,1.137e-24,4,6,1265,1175
671.580095,4.73e-27,4,6,1265,1175
671.595301,2.961e-29,3,6,1265,1175
671.599866,5.463e-23,4,7,1265,1175
671.603821,1.058e-28,4,7,1265,1175
671.606785,3.421e-30,3,6,1265,1175
671.607871,1.911e-22,4,7,1265,1175
671.611719,3.269e-30,3,6,1265,1175
671.617427,3.692e-25,4,7,1265,1175
671.619815,4.17e-29,3,6,1265,1175
671.621317,2.388e-23,4,7,1265,1175
671.624903,3.836e-30,3,6,1265,1175
671.628959,3.921e-26,4,7,1265,1175
671.633291,2.241e-29,3,6,1265,1175
671.633562,4.152e-28,3,6,1265,1175
671.634165,1.169e-29,3,6,1265,1175
671.635946,1.788e-28,3,6,1265,1175
671.64164,7.315e-22,5,7,1265,1175
671.648871,8.572e-30,3,6,1265,1175
671.657165,1.068e-29,3,6,1265,1175
671.666734,3.764e-27,4,6,1265,1175
671.671825,1.666e-29,3,6,1265,1175
671.675314,1.904e-29,3,6,1265,1175
671.676446,4.774e-21,3,7,1265,1175
671.67707,2.852e-25,4,7,1265,1175
671.678654,8.359e-26,3,6,1265,1175
671.694584,3.193e-30,3,6,1265,1175
671.695487,3.413e-29,3,6,1265,1175
671.702126,2.334e-27,3,6,1265,1175
671.706672,1.311e-26,3,6,1265,1175
671.707452,4.793e-29,4,7,1265,1175
671.710711,1.218e-29,3,6,1265,1175
671.715307,3.344e-28,3,6,1265,1175
671.718285,3.071e-26,4,7,1265,1175
671.730274,1.341e-27,3,6,1265,1175
671.735473,1.672e-28,3,6,1265,1175
671.736991,1.087e-28,3,6,1265,1175
671.743582,2.171e-28,3,6,1265,1175
671.74974,8.745e-30,3,6,1265,1175
671.754621,2.984e-27,4,6,1265,1175
671.758214,4.846e-29,3,6,1265,1175
671.765527,2.646e-30,3,6,1265,1175
671.772425,2.782e-29,3,6,1265,1175
671.77732,3.128e-30,3,6,1265,1175
671.78869,6.174e-30,3,6,1265,1175
671.794235,7.34e-30,3,6,1265,1175
671.798322,2.682e-28,3,6,1265,1175
671.808228,2.137e-29,4,7,1265,1175
671.81637,2.396e-26,4,7,1265,1175
671.818903,2.205e-25,4,7,1265,1175
671.82453,5.498e-30,3,6,1265,1175
671.827326,4.285e-30,3,6,1265,1175
671.837727,2.183e-30,3,6,1265,1175
671.843819,2.355e-27,4,6,1265,1175
671.844225,1.527e-28,3,6,1265,1175
671.848387,6.906e-30,3,6,1265,1175
671.850626,2.258e-29,3,6,1265,1175
671.851532,3.512e-23,4,7,1265,1175
671.865394,2.924e-30,3,6,1265,1175
671.873199,1.689e-25,4,7,1265,1175
671.882604,2.142e-28,3,6,1265,1175
671.894124,3.19e-28,3,6,1265,1175
671.902629,1.962e-30,3,6,1265,1175
671.903201,1.146e-23,4,7,1265,1175
671.905755,9.378e-30,5,7,1265,1175
671.906924,4.594e-22,3,7,1265,1175
671.907561,1.862e-26,4,7,1265,1175
671.911182,1.794e-30,3,6,1265,1175
671.921512,5.654e-26,4,6,1265,1175
671.928002,4.22e-30,3,6,1265,1175
671.929565,4.375e-29,3,6,1265,1175
671.930086,1.826e-29,3,6,1265,1175
671.934245,1.852e-27,4,6,1265,1175
671.938746,1.295e-30,3,6,1265,1175
671.949564,5.355e-30,3,6,1265,1175
671.959744,2.92e-30,3,6,1265,1175
671.962193,1.365e-28,3,6,1265,1175
671.968149,1.704e-28,3,6,1265,1175
671.970822,1.686e-27,3,6,1265,1175
671.97924,2.01e-27,4,7,1265,1175
671.980967,6.091e-26,3,6,1265,1175
671.982171,1.129e-27,4,6,1265,1175
671.985889,1.468e-30,3,6,1265,1175
671.99778,1.425e-30,3,6,1265,1175
671.999628,4.049e-30,5,7,1265,1175
672.00111,1.943e-28,3,6,1265,1175
672.004531,3.469e-30,3,6,1265,1175
672.008968,1.441e-26,4,7,1265,1175
672.010803,1.47e-29,3,6,1265,1175
672.015729,7.749e-26,4,6,1265,1175
672.021863,1.501e-23,4,7,1265,1175
672.023077,9.783e-28,3,6,1265,1175
672.025991,1.45e-27,4,6,1265,1175
672.026244,1.296e-25,4,7,1265,1175
672.0385,1.129e-29,3,6,1265,1175
672.046792,4.396e-30,3,6,1265,1175
672.052337,3.681e-22,4,7,1265,1175
672.054297,3.98e-27,3,6,1265,1175
672.054956,1.35e-28,3,6,1265,1175
672.061844,1.196e-30,3,6,1265,1175
672.063189,6.967e-26,3,6,1265,1175
672.072295,1.414e-28,3,6,1265,1175
672.073902,9.843e-26,4,7,1265,1175
672.089368,1.195e-28,3,6,1265,1175
672.089433,1.72e-30,5,7,1265,1175
672.08962,5.846e-28,3,6,1265,1175
672.092772,1.179e-29,3,6,1265,1175
672.101895,1.111e-26,4,7,1265,1175
672.110901,2.222e-23,4,7,1265,1175
672.118941,1.131e-27,4,6,1265,1175
672.122435,3.147e-25,3,6,1265,1175
672.125855,1.674e-24,4,6,1265,1175
672.143017,1.066e-28,3,6,1265,1175
672.158941,2.665e-30,3,6,1265,1175
672.16536,2.132e-30,3,6,1265,1175
672.165628,3.158e-27,3,6,1265,1175
672.174972,7.323e-30,3,6,1265,1175
672.175991,9.412e-30,3,6,1265,1175
672.179116,1.002e-29,3,7,1265,1175
672.179924,2.839e-22,3,7,1265,1175
672.18276,2.029e-25,4,6,1265,1175
672.188697,2.154e-30,3,6,1265,1175
672.206735,8.531e-27,4,7,1265,1175
672.213223,8.786e-28,4,6,1265,1175
672.213381,1.018e-30,3,6,1265,1175
672.22574,1.025e-28,3,6,1265,1175
672.232334,8.376e-29,3,6,1265,1175
672.239507,7.493e-26,4,7,1265,1175
672.250316,1.197e-27,3,6,1265,1175
672.252546,2.753e-30,3,6,1265,1175
672.25608,1.192e-26,3,6,1265,1175
672.260455,7.486e-30,3,6,1265,1175
672.268445,5.784e-27,3,6,1265,1175
672.279081,5.646e-26,4,7,1265,1175
672.288057,1.767e-29,3,6,1265,1175
672.292576,1.447e-23,4,7,1265,1175
672.29451,4.967e-30,3,6,1265,1175
672.295562,4.365e-26,3,6,1265,1175
672.296733,9.071e-30,3,6,1265,1175
672.299072,4.956e-29,3,6,1265,1175
672.300845,5.189e-27,4,6,1265,1175
672.301251,6.524e-27,4,7,1265,1175
672.308681,6.797e-28,4,6,1265,1175
672.322898,6.557e-29,3,6,1265,1175
672.332267,6.361e-29,3,6,1265,1175
672.343407,7.477e-30,3,6,1265,1175
672.343456,5.219e-29,3,6,1265,1175
672.346163,5.929e-30,3,6,1265,1175
672.347003,4.356e-30,3,6,1265,1175
672.371298,8.626e-29,3,6,1265,1175
672.371326,1.556e-29,3,6,1265,1175
672.374854,2.379e-30,3,6,1265,1175
672.376833,1.316e-30,3,6,1265,1175
672.37794,1.384e-23,4,7,1265,1175
672.385159,1.098e-24,4,6,1265,1175
672.396812,5.578e-24,4,7,1265,1175
672.405486,5.238e-28,4,6,1265,1175
672.407179,1.789e-28,4,7,1265,1175
672.409654,4.97e-27,4,7,1265,1175
672.413076,2.428e-23,4,7,1265,1175
672.414711,5.112e-29,3,6,1265,1175
672.41704,3.341e-30,3,6,1265,1175
672.423399,4.8e-29,3,6,1265,1175
672.432947,3.254e-28,4,6,1265,1175
672.433109,4.678e-30,3,6,1265,1175
672.433942,1.585e-26,4,7,1265,1175
672.458759,4.266e-26,4,7,1265,1175
672.460604,1.727e-22,5,7,1265,1175
672.465831,1.697e-30,3,6,1265,1175
672.477941,1.451e-26,3,6,1265,1175
672.482319,5.222e-21,3,7,1265,1175
672.488633,3.188e-26,4,7,1265,1175
672.492956,1.377e-29,3,6,1265,1175
672.503434,4.021e-28,4,6,1265,1175
672.505593,3.771e-27,4,7,1265,1175
672.507763,3.97e-29,3,6,1265,1175
672.509384,3.772e-28,3,6,1265,1175
672.521291,3.675e-30,3,6,1265,1175
672.52603,7.124e-29,3,6,1265,1175
672.532377,1.638e-27,4,6,1265,1175
672.540572,8.361e-28,3,6,1265,1175
672.551799,2.13e-28,3,6,1265,1175
672.559754,7.478e-26,4,6,1265,1175
672.562079,1.003e-28,3,6,1265,1175
672.600103,1.215e-27,3,6,1265,1175
672.60125,2.102e-29,3,6,1265,1175
672.602058,3.07e-29,3,6,1265,1175
672.602753,3.074e-28,4,6,1265,1175
672.607421,2.08e-30,3,6,1265,1175
672.610705,2.876e-30,3,6,1265,1175
672.616553,6.848e-30,3,6,1265,1175
672.617707,2.85e-27,4,7,1265,1175
672.622372,3.077e-26,3,6,1265,1175
672.652615,8.481e-24,4,7,1265,1175
672.682396,1.516e-24,4,7,1265,1175
672.684073,2.391e-26,4,7,1265,1175
672.686385,9.098e-27,3,6,1265,1175
672.686848,1.029e-30,3,6,1265,1175
672.689924,5.776e-29,3,6,1265,1175
672.697583,2.365e-29,3,6,1265,1175
672.698423,1.029e-30,3,6,1265,1175
672.701347,2.242e-30,3,6,1265,1175
672.702448,1.772e-26,4,7,1265,1175
672.703112,3.071e-28,3,6,1265,1175
672.703171,2.341e-28,4,6,1265,1175
672.703207,4.06e-28,4,6,1265,1175
672.704147,5.797e-29,3,6,1265,1175
672.714883,2.145e-27,4,7,1265,1175
672.733822,5.645e-30,3,6,1265,1175
672.748931,1.034e-22,5,7,1265,1175
672.764825,1.457e-24,4,6,1265,1175
672.77431,2.065e-28,3,6,1265,1175
672.783238,5.958e-26,4,6,1265,1175
672.793213,1.74e-30,3,6,1265,1175
672.794344,1.815e-29,3,6,1265,1175
672.799846,1.496e-29,3,6,1265,1175
672.804994,1.775e-28,4,6,1265,1175
672.813456,1.031e-27,3,6,1265,1175
672.830879,1.609e-27,4,7,1265,1175
672.841554,5.745e-28,3,6,1265,1175
672.844162,3.882e-22,4,7,1265,1175
672.846497,1.106e-29,3,6,1265,1175
672.847541,9.911e-29,3,6,1265,1175
672.856572,1.783e-30,3,6,1265,1175
672.862965,4.6e-29,3,6,1265,1175
672.864079,3.889e-27,3,6,1265,1175
672.866311,1.137e-19,3,7,1265,1175
672.874581,6.771e-26,3,6,1265,1175
672.8863,1.345e-30,3,6,1265,1175
672.892327,1.387e-29,3,6,1265,1175
672.898087,6.681e-29,3,6,1265,1175
672.907862,1.341e-28,4,6,1265,1175
672.915528,1.319e-26,4,7,1265,1175
672.920405,9.692e-27,4,7,1265,1175
672.929082,1.201e-27,4,7,1265,1175
672.934891,5.116e-24,4,7,1265,1175
672.950645,2.784e-29,3,6,1265,1175
672.95068,1.86e-25,4,6,1265,1175
672.951761,5.391e-24,4,7,1265,1175
672.961322,2.133e-26,3,6,1265,1175
672.965378,1.19e-29,3,6,1265,1175
672.980604,1.036e-30,3,6,1265,1175
672.99154,1.056e-29,3,6,1265,1175
673.01218,1.009e-28,4,6,1265,1175
673.036377,8.036e-27,4,7,1265,1175
673.040868,4.785e-27,3,6,1265,1175
673.0439,3.688e-30,3,6,1265,1175
673.044869,6.095e-23,4,7,1265,1175
673.045141,3.599e-29,3,6,1265,1175
673.049156,8.938e-28,4,7,1265,1175
673.056202,8.046e-28,3,6,1265,1175
673.056334,9.349e-30,3,6,1265,1175
673.060598,5.569e-30,4,6,1265,1175
673.083693,3.752e-27,3,6,1265,1175
673.091964,8.003e-30,3,6,1265,1175
673.098664,1.695e-29,3,6,1265,1175
673.109594,4.989e-27,4,6,1265,1175
673.115461,2.094e-22,4,7,1265,1175
673.117475,7.565e-29,4,6,1265,1175
673.122229,1.5e-30,3,6,1265,1175
673.123733,6.467e-29,3,6,1265,1175
673.14238,5.219e-27,4,7,1265,1175
673.147562,4.451e-30,3,6,1265,1175
673.148148,6.622e-28,4,7,1265,1175
673.150062,2.049e-22,3,7,1265,1175
673.153212,7.163e-27,4,7,1265,1175
673.153222,3.883e-28,3,6,1265,1175
673.193613,6.044e-30,3,6,1265,1175
673.202092,1.055e-24,4,6,1265,1175
673.205226,1.901e-29,3,6,1265,1175
673.206226,2.489e-23,4,7,1265,1175
673.22428,5.648e-29,4,6,1265,1175
673.224734,3.037e-24,4,7,1265,1175
673.232388,3.245e-30,3,6,1265,1175
673.236436,2.768e-29,3,6,1265,1175
673.242566,8.771e-30,4,6,1265,1175
673.252057,5.643e-21,3,7,1265,1175
673.265253,2.549e-30,3,6,1265,1175
673.272524,4.888e-28,4,7,1265,1175
673.296463,4.546e-30,3,6,1265,1175
673.297549,1.588e-26,3,6,1265,1175
673.310597,1.127e-29,3,6,1265,1175
673.312332,1.455e-26,3,6,1265,1175
673.331977,4.2e-29,4,6,1265,1175
673.348379,3.537e-23,4,7,1265,1175
673.352739,3.759e-29,3,6,1265,1175
673.361324,2.08e-28,3,6,1265,1175
673.368237,2.767e-27,4,7,1265,1175
673.372039,3.593e-28,4,7,1265,1175
673.38176,1.098e-27,3,6,1265,1175
673.387839,9.204e-29,3,6,1265,1175
673.397221,3.829e-27,4,7,1265,1175
673.400533,3.406e-30,3,6,1265,1175
673.404307,1.238e-30,3,6,1265,1175
673.422991,3.747e-30,3,6,1265,1175
673.436834,2.092e-29,3,6,1265,1175
673.438249,2.935e-30,3,6,1265,1175
673.440098,6.359e-30,3,6,1265,1175
673.441263,3.111e-29,4,6,1265,1175
673.475536,2.582e-28,3,6,1265,1175
673.487561,6.415e-29,3,6,1265,1175
673.500972,2.632e-28,4,7,1265,1175
673.505791,2.542e-30,3,6,1265,1175
673.50745,2.179e-28,3,6,1265,1175
673.513491,2.942e-28,3,6,1265,1175
673.519522,5.954e-30,3,6,1265,1175
673.522106,1.775e-24,4,7,1265,1175
673.52345,7.315e-26,4,6,1265,1175
673.52529,1.769e-23,4,7,1265,1175
673.526151,5.874e-28,4,6,1265,1175
673.551337,2.295e-29,3,6,1265,1175
673.559283,1.461e-24,4,6,1265,1175
673.583378,3.765e-27,3,6,1265,1175
673.589918,4.874e-30,3,7,1265,1175
673.597832,1.444e-27,4,7,1265,1175
673.600708,1.92e-28,4,7,1265,1175
673.605322,1.088e-27,3,6,1265,1175
673.612265,1.889e-30,3,6,1265,1175
673.624111,5.86e-29,3,6,1265,1175
673.637388,4.078e-22,3,7,1265,1175
673.638644,6.275e-28,3,6,1265,1175
673.646319,1.555e-29,3,6,1265,1175
673.64766,2.015e-27,4,7,1265,1175
673.655786,1.079e-29,3,6,1265,1175
673.658324,7.176e-26,4,6,1265,1175
673.659424,2.02e-23,4,7,1265,1175
673.663099,1.687e-29,3,6,1265,1175
673.675179,3.782e-27,3,6,1265,1175
673.675314,9.765e-27,3,6,1265,1175
673.687313,6.547e-26,3,6,1265,1175
673.692878,4.053e-25,3,6,1265,1175
673.702712,1.003e-30,3,6,1265,1175
673.705988,1.343e-23,4,7,1265,1175
673.714962,1.546e-24,4,6,1265,1175
673.719915,1.399e-30,3,6,1265,1175
673.72044,1.665e-25,4,6,1265,1175
673.734489,1.395e-28,4,7,1265,1175
673.76489,6.76e-30,3,6,1265,1175
673.77552,1.235e-29,3,6,1265,1175
673.808451,1.69e-28,3,6,1265,1175
673.814637,3.727e-27,3,6,1265,1175
673.817263,9.564e-30,3,6,1265,1175
673.82697,1.021e-24,4,7,1265,1175
673.828778,1.032e-30,3,6,1265,1175
673.831012,7.417e-28,4,7,1265,1175
673.834107,1.009e-28,4,7,1265,1175
673.8418,6.043e-30,3,6,1265,1175
673.849945,1.46e-29,3,6,1265,1175
673.858007,3.573e-27,4,7,1265,1175
673.864875,1.136e-29,3,6,1265,1175
673.879224,2.511e-26,4,7,1265,1175
673.884062,1.285e-23,4,7,1265,1175
673.885712,1e-28,3,6,1265,1175
673.889757,9.003e-30,3,6,1265,1175
673.896741,5.237e-24,4,7,1265,1175
673.90334,8.063e-26,3,6,1265,1175
673.904643,1.044e-27,4,7,1265,1175
673.910675,1.618e-29,3,6,1265,1175
673.916604,6.633e-29,3,6,1265,1175
673.92029,4.771e-27,4,6,1265,1175
673.953969,3.973e-30,3,6,1265,1175
673.973068,7.279e-29,4,7,1265,1175
673.97702,3.411e-28,4,7,1265,1175
673.977966,1.136e-23,4,7,1265,1175
674.000762,2.557e-23,4,7,1265,1175
674.001533,4.352e-29,3,6,1265,1175
674.004493,6.539e-30,3,6,1265,1175
674.006511,4.533e-29,3,6,1265,1175
674.01474,1.009e-24,4,6,1265,1175
674.037106,9.298e-27,3,6,1265,1175
674.044749,3.135e-30,3,6,1265,1175
674.049329,1.716e-26,3,6,1265,1175
674.050177,6.449e-27,3,6,1265,1175
674.067613,3.751e-28,4,7,1265,1175
674.072187,5.226e-29,4,7,1265,1175
674.07554,6.03e-21,3,7,1265,1175
674.085299,4.064e-29,3,6,1265,1175
674.092482,8.164e-30,3,6,1265,1175
674.117651,9.031e-25,4,7,1265,1175
674.121206,4.731e-30,3,6,1265,1175
674.139288,5.785e-25,4,7,1265,1175
674.151925,1.088e-28,3,6,1265,1175
674.15253,6.853e-26,4,6,1265,1175
674.15711,2.259e-27,4,6,1265,1175
674.16829,5.328e-28,4,7,1265,1175
674.172151,2.024e-28,3,6,1265,1175
674.207058,1.961e-29,3,6,1265,1175
674.215467,8.412e-29,3,6,1265,1175
674.216704,3.74e-29,4,7,1265,1175
674.216937,3.758e-30,3,6,1265,1175
674.238219,3.409e-30,3,6,1265,1175
674.239876,5.296e-30,3,6,1265,1175
674.252021,6.985e-27,3,6,1265,1175
674.261106,7.156e-29,3,6,1265,1175
674.264795,9.865e-28,3,6,1265,1175
674.264862,5.88e-30,3,6,1265,1175
674.269361,5.685e-28,4,6,1265,1175
674.277142,2.288e-28,3,6,1265,1175
674.303964,6.288e-24,4,7,1265,1175
674.306631,6.256e-30,3,6,1265,1175
674.307461,1.868e-28,4,7,1265,1175
674.308808,2.951e-28,3,6,1265,1175
674.314894,2.664e-29,4,7,1265,1175
674.325267,2.805e-28,3,6,1265,1175
674.329122,5.772e-30,3,6,1265,1175
674.336803,4.219e-26,4,6,1265,1175
674.347271,1.355e-30,3,6,1265,1175
674.355111,1.473e-24,4,6,1265,1175
674.357016,2.267e-29,3,6,1265,1175
674.357413,2.448e-30,3,6,1265,1175
674.363724,1.375e-29,3,6,1265,1175
674.369899,2.209e-29,3,6,1265,1175
674.398679,1.144e-27,3,6,1265,1175
674.402001,2.349e-29,3,6,1265,1175
674.432015,4.261e-22,4,7,1265,1175
674.436819,4.192e-27,3,6,1265,1175
674.438733,2.676e-28,4,7,1265,1175
674.441255,1.351e-19,3,7,1265,1175
674.459021,3.225e-25,4,7,1265,1175
674.465395,1.892e-29,4,7,1265,1175
674.466361,1.05e-29,3,6,1265,1175
674.466742,7.539e-30,3,6,1265,1175
674.476662,1.75e-30,3,6,1265,1175
674.487593,3.661e-27,3,6,1265,1175
674.491239,1.446e-25,4,6,1265,1175
674.501357,6.3e-26,3,6,1265,1175
674.50591,6.898e-29,3,6,1265,1175
674.506053,4.949e-24,4,7,1265,1175
674.535209,4.431e-30,3,6,1265,1175
674.550372,9.156e-29,4,7,1265,1175
674.562172,1.337e-29,3,7,1265,1175
674.565417,2.785e-28,3,6,1265,1175
674.574775,4.014e-30,3,6,1265,1175
674.579356,9.705e-30,3,6,1265,1175
674.589749,2.644e-27,3,6,1265,1175
674.596794,4.812e-27,4,7,1265,1175
674.598346,1.247e-30,3,6,1265,1175
674.602134,4.003e-30,3,6,1265,1175
674.637377,3.427e-24,4,7,1265,1175
674.657871,6.782e-28,3,6,1265,1175
674.66412,4.388e-27,3,6,1265,1175
674.668914,4.379e-30,4,6,1265,1175
674.694038,2.141e-22,4,7,1265,1175
674.700442,8.01e-26,3,6,1265,1175
674.710878,6.816e-29,3,6,1265,1175
674.711747,1.731e-22,3,7,1265,1175
674.716111,1.323e-28,4,7,1265,1175
674.719141,9.42e-30,3,7,1265,1175
674.724087,1.538e-29,3,6,1265,1175
674.731723,4.541e-27,4,6,1265,1175
674.782021,3.042e-29,3,6,1265,1175
674.786128,1.771e-25,4,7,1265,1175
674.796147,4.419e-29,4,7,1265,1175
674.79668,2.623e-23,4,7,1265,1175
674.813961,6.606e-30,3,7,1265,1175
674.814828,3.53e-30,3,6,1265,1175
674.82942,2.746e-30,3,6,1265,1175
674.830869,6.375e-21,3,7,1265,1175
674.835133,2.681e-27,3,6,1265,1175
674.835439,9.591e-25,4,6,1265,1175
674.86399,3.013e-30,3,6,1265,1175
674.870356,4.303e-29,3,6,1265,1175
674.892302,1.468e-28,3,6,1265,1175
674.899544,1.835e-26,3,6,1265,1175
674.941699,6.563e-30,3,6,1265,1175
674.946806,2.008e-30,3,6,1265,1175
674.949201,2.866e-29,3,6,1265,1175
674.977946,4.619e-30,3,7,1265,1175
674.978165,1.839e-24,4,7,1265,1175
674.984276,1.96e-28,3,6,1265,1175
674.991947,2.335e-30,3,7,1265,1175
675.000574,6.444e-29,4,7,1265,1175
675.009077,4.402e-27,3,6,1265,1175
675.012226,3.791e-30,3,6,1265,1175
675.017958,2.384e-28,3,6,1265,1175
675.027201,1.53e-29,4,6,1265,1175
675.036765,4.172e-27,3,6,1265,1175
675.036874,8.836e-28,3,6,1265,1175
675.03719,1.167e-30,3,6,1265,1175
675.0435,7.653e-29,3,6,1265,1175
675.044577,2.1e-29,4,7,1265,1175
675.057829,7.925e-29,3,6,1265,1175
675.070197,3.214e-30,3,7,1265,1175
675.090844,5.412e-30,3,6,1265,1175
675.093037,1.849e-30,3,6,1265,1175
675.095204,6.538e-30,3,6,1265,1175
675.120569,9.57e-26,4,7,1265,1175
675.122592,9.291e-26,4,6,1265,1175
675.138423,2.661e-28,3,6,1265,1175
675.148137,2.685e-23,4,7,1265,1175
675.152304,1.488e-24,4,6,1265,1175
675.188398,6.559e-28,3,6,1265,1175
675.193509,1.195e-27,3,6,1265,1175
675.228034,4.423e-22,3,7,1265,1175
675.241819,2.23e-30,3,7,1265,1175
675.245002,1.688e-27,3,6,1265,1175
675.245214,2.642e-29,3,6,1265,1175
675.26362,1.207e-25,4,6,1265,1175
675.267012,4.819e-25,3,6,1265,1175
675.278218,1.017e-29,3,6,1265,1175
675.29228,3.09e-29,4,7,1265,1175
675.295439,9.822e-30,3,7,1265,1175
675.301316,3.527e-27,3,6,1265,1175
675.307322,1.396e-24,4,6,1265,1175
675.308924,6.508e-26,4,6,1265,1175
675.31674,6.032e-26,3,6,1265,1175
675.326285,9.719e-25,3,7,1265,1175
675.330814,1.54e-30,3,7,1265,1175
675.332362,3.91e-26,4,7,1265,1175
675.340354,1.3e-29,3,6,1265,1175
675.341131,8.241e-30,3,6,1265,1175
675.342726,9.763e-30,3,6,1265,1175
675.358466,6.109e-30,3,6,1265,1175
675.365603,1.225e-30,3,6,1265,1175
675.366201,1.59e-27,3,6,1265,1175
675.399605,1.177e-23,4,7,1265,1175
675.40581,4.664e-24,4,7,1265,1175
675.462301,5.093e-26,4,7,1265,1175
675.47728,1.119e-23,4,7,1265,1175
675.498892,7.987e-26,3,6,1265,1175
675.50655,6.994e-29,3,6,1265,1175
675.510774,1.06e-30,3,7,1265,1175
675.538896,1.456e-29,3,6,1265,1175
675.545312,4.3e-27,4,6,1265,1175
675.545642,5.294e-25,4,7,1265,1175
675.548494,4.524e-30,3,7,1265,1175
675.551274,6.401e-28,4,7,1265,1175
675.580604,3.867e-29,3,6,1265,1175
675.591396,1.459e-29,3,7,1265,1175
675.593977,2.681e-23,4,7,1265,1175
675.618105,3.124e-30,3,6,1265,1175
675.622715,1.94e-26,3,6,1265,1175
675.63043,1.597e-29,3,6,1265,1175
675.649481,9.077e-25,4,6,1265,1175
675.666303,1.046e-27,3,6,1265,1175
675.676872,6.676e-21,3,7,1265,1175
675.678158,2.881e-30,3,6,1265,1175
675.681692,5.057e-25,3,7,1265,1175
675.726529,4.061e-29,3,6,1265,1175
675.733154,6.257e-27,4,7,1265,1175
675.748511,6.152e-26,4,6,1265,1175
675.777003,1.751e-29,3,6,1265,1175
675.780333,3.064e-27,4,6,1265,1175
675.785407,2.47e-28,3,6,1265,1175
675.797693,1.89e-28,3,6,1265,1175
675.803491,2.052e-30,3,7,1265,1175
675.808854,3.831e-30,3,6,1265,1175
675.811281,2.669e-26,4,7,1265,1175
675.814335,7.535e-30,3,6,1265,1175
675.817562,5.272e-27,3,6,1265,1175
675.820324,8.662e-29,3,6,1265,1175
675.830064,7.125e-27,3,6,1265,1175
675.836455,4.115e-27,3,6,1265,1175
675.836671,3.11e-29,3,6,1265,1175
675.849049,9.063e-28,3,6,1265,1175
675.860772,2.076e-27,4,6,1265,1175
675.87369,6.933e-29,3,6,1265,1175
675.881869,3.154e-27,4,6,1265,1175
675.885133,6.788e-30,3,6,1265,1175
675.890891,2.939e-26,4,6,1265,1175
675.898098,6.781e-30,3,7,1265,1175
675.912336,4.097e-27,4,6,1265,1175
675.912379,2.743e-29,3,6,1265,1175
675.917192,2.109e-28,3,6,1265,1175
675.917716,2.112e-28,3,6,1265,1175
675.918032,4.96e-30,3,6,1265,1175
675.92776,1.188e-29,3,6,1265,1175
675.934163,1.308e-30,3,6,1265,1175
675.935023,7.868e-28,3,6,1265,1175
675.950859,1.502e-24,4,6,1265,1175
675.952164,4.87e-27,4,6,1265,1175
675.952972,2.513e-28,3,6,1265,1175
675.968582,4.701e-30,3,6,1265,1175
675.989834,1.241e-27,3,6,1265,1175
675.991635,1.753e-30,3,6,1265,1175
676.001345,5.45e-27,4,6,1265,1175
676.019437,1.518e-19,3,7,1265,1175
676.025451,4.561e-22,4,7,1265,1175
676.025948,9.501e-30,3,6,1265,1175
676.037222,9.509e-26,4,6,1265,1175
676.044344,2.591e-25,3,7,1265,1175
676.059865,5.827e-27,4,6,1265,1175
676.062148,4.272e-24,4,7,1265,1175
676.091353,9.817e-30,3,6,1265,1175
676.098903,6.381e-28,3,6,1265,1175
676.10294,9.776e-28,4,6,1265,1175
676.107284,9.73e-30,3,6,1265,1175
676.116344,3.382e-27,3,6,1265,1175
676.12771,6.003e-27,4,6,1265,1175
676.133414,5.747e-26,3,6,1265,1175
676.14399,6.529e-28,3,6,1265,1175
676.148615,2.251e-29,3,6,1265,1175
676.152068,2.836e-27,4,7,1265,1175
676.152783,3.687e-30,3,6,1265,1175
676.159475,4.236e-30,3,6,1265,1175
676.165002,2.054e-28,3,6,1265,1175
676.167467,1.377e-26,4,7,1265,1175
676.204862,5.992e-27,4,6,1265,1175
676.212568,3.104e-30,3,7,1265,1175
676.239816,2.172e-22,4,7,1265,1175
676.243501,5.022e-27,3,6,1265,1175
676.26244,5.611e-28,3,6,1265,1175
676.280428,3.385e-30,4,6,1265,1175
676.291302,5.815e-27,4,6,1265,1175
676.298687,7.972e-26,3,6,1265,1175
676.303615,7.152e-29,3,6,1265,1175
676.310053,1.404e-22,3,7,1265,1175
676.351454,1.276e-30,3,6,1265,1175
676.355097,1.371e-29,3,6,1265,1175
676.359385,4.053e-27,4,6,1265,1175
676.363954,4.787e-29,3,6,1265,1175
676.384929,1.101e-30,3,7,1265,1175
676.387007,5.501e-27,4,6,1265,1175
676.392649,2.729e-23,4,7,1265,1175
676.412852,6.926e-21,3,7,1265,1175
676.414195,1.307e-25,3,7,1265,1175
676.427232,1.517e-30,3,6,1265,1175
676.43171,5.565e-30,3,6,1265,1175
676.44298,5.042e-27,3,6,1265,1175
676.453764,1.352e-30,3,6,1265,1175
676.474243,8.548e-25,4,6,1265,1175
676.487579,2.751e-30,3,6,1265,1175
676.491953,5.082e-27,4,6,1265,1175
676.501574,2.741e-30,3,6,1265,1175
676.512621,2.034e-26,3,6,1265,1175
676.530813,6.996e-27,4,7,1265,1175
676.532707,2.54e-28,3,6,1265,1175
676.535,1.399e-30,3,7,1265,1175
676.542657,3.832e-28,3,6,1265,1175
676.54759,2.149e-29,3,6,1265,1175
676.568316,3.762e-30,3,6,1265,1175
676.606111,4.592e-27,4,6,1265,1175
676.606818,3.868e-30,3,6,1265,1175
676.612399,1.815e-28,3,6,1265,1175
676.632347,2.016e-28,3,6,1265,1175
676.637291,9.375e-29,3,6,1265,1175
676.637472,4.068e-27,3,6,1265,1175
676.676591,7.001e-30,3,6,1265,1175
676.695456,6.987e-28,3,6,1265,1175
676.703924,6.252e-29,3,6,1265,1175
676.71907,1.158e-25,4,6,1265,1175
676.729452,4.063e-27,4,6,1265,1175
676.738948,6.66e-28,3,6,1265,1175
676.746429,4.525e-30,3,6,1265,1175
676.750771,1.512e-24,4,6,1265,1175
676.768885,2.363e-28,3,6,1265,1175
676.771459,4.01e-23,4,7,1265,1175
676.787606,1.28e-27,3,6,1265,1175
676.791198,6.494e-26,3,7,1265,1175
676.792941,5.988e-26,4,7,1265,1175
676.812266,6.859e-26,4,6,1265,1175
676.813859,2.626e-29,4,6,1265,1175
676.824246,4.672e-22,3,7,1265,1175
676.84261,1.076e-29,3,6,1265,1175
676.84471,1.104e-29,3,6,1265,1175
676.844806,5.418e-25,3,6,1265,1175
676.847656,3.209e-30,3,6,1265,1175
676.861943,3.523e-27,4,6,1265,1175
676.873081,9.598e-30,3,6,1265,1175
676.901274,3.5e-27,4,7,1265,1175
676.902899,1.236e-24,4,6,1265,1175
676.90576,9.435e-30,3,6,1265,1175
676.924028,3.863e-24,4,7,1265,1175
676.932671,3.228e-27,3,6,1265,1175
676.951432,5.45e-26,3,6,1265,1175
676.955684,5.407e-30,3,6,1265,1175
676.961811,2.976e-28,3,6,1265,1175
676.966109,3.054e-25,4,7,1265,1175
676.967223,2.013e-28,3,6,1265,1175
676.967493,5.785e-26,4,6,1265,1175
676.997415,2.266e-28,3,6,1265,1175
677.003547,2.996e-27,4,6,1265,1175
677.072217,9.558e-24,4,7,1265,1175
677.099823,7.948e-26,3,6,1265,1175
677.10207,7.282e-29,3,6,1265,1175
677.102719,1.012e-23,4,7,1265,1175
677.105247,1.256e-29,3,6,1265,1175
677.129634,1.182e-27,4,7,1265,1175
677.154227,2.499e-27,4,6,1265,1175
677.160608,3.369e-29,3,6,1265,1175
677.172687,1.286e-29,3,6,1265,1175
677.175308,3.178e-26,3,7,1265,1175
677.175874,3.802e-27,4,6,1265,1175
677.192691,2.765e-23,4,7,1265,1175
677.198067,2.108e-26,3,6,1265,1175
677.210443,1.273e-29,3,6,1265,1175
677.273721,1.822e-30,3,6,1265,1175
677.274433,1.199e-30,4,6,1265,1175
677.278803,1.724e-27,4,7,1265,1175
677.286284,7.128e-21,3,7,1265,1175
677.286851,2.415e-30,3,6,1265,1175
677.287954,9.718e-30,3,6,1265,1175
677.289313,8.012e-25,4,6,1265,1175
677.298981,2.594e-28,3,6,1265,1175
677.313939,2.047e-27,4,6,1265,1175
677.3172,2.595e-30,3,6,1265,1175
677.347664,5.414e-26,4,6,1265,1175
677.381773,1e-28,3,6,1265,1175
677.383039,3.912e-27,3,6,1265,1175
677.396767,9.119e-28,3,6,1265,1175
677.401828,4.085e-27,4,6,1265,1175
677.406112,3.895e-30,3,6,1265,1175
677.428389,1.735e-28,3,6,1265,1175
677.439813,4.022e-27,3,6,1265,1175
677.445609,2.014e-26,4,6,1265,1175
677.448874,1.075e-30,3,6,1265,1175
677.459132,3.566e-29,3,6,1265,1175
677.463013,1.319e-28,3,6,1265,1175
677.469294,7.174e-30,3,6,1265,1175
677.471034,2.884e-30,3,6,1265,1175
677.482639,1.647e-27,4,6,1265,1175
677.491953,9.381e-30,3,6,1265,1175
677.528492,1.483e-28,3,6,1265,1175
677.536705,5.614e-29,3,6,1265,1175
677.552038,1.517e-24,4,6,1265,1175
677.566476,1.531e-26,3,7,1265,1175
677.576019,4.111e-30,3,6,1265,1175
677.58619,2.211e-28,3,6,1265,1175
677.586891,1.311e-27,3,6,1265,1175
677.588617,4.225e-26,4,6,1265,1175
677.597536,2.34e-29,3,6,1265,1175
677.600826,1.633e-19,3,7,1265,1175
677.604281,1.079e-26,4,7,1265,1175
677.609238,3.77e-29,3,6,1265,1175
677.610827,6.166e-28,3,6,1265,1175
677.620034,3.372e-24,4,7,1265,1175
677.624438,4.754e-22,4,7,1265,1175
677.631584,2.226e-30,3,6,1265,1175
677.635061,5.364e-27,3,6,1265,1175
677.640071,9.362e-30,3,6,1265,1175
677.66028,1.301e-27,4,6,1265,1175
677.663354,8.367e-28,4,7,1265,1175
677.701862,1.645e-27,4,7,1265,1175
677.70984,1.019e-30,3,6,1265,1175
677.715968,4.361e-30,3,6,1265,1175
677.721434,9.031e-30,3,6,1265,1175
677.750294,3.067e-27,3,6,1265,1175
677.768156,2.062e-30,3,6,1265,1175
677.770714,5.144e-26,3,6,1265,1175
677.770751,1.976e-28,3,6,1265,1175
677.787411,2.132e-22,3,7,1265,1175
677.820552,1.937e-30,3,6,1265,1175
677.821867,5.619e-27,3,6,1265,1175
677.846809,1.011e-27,4,6,1265,1175
677.86996,4.558e-28,3,6,1265,1175
677.88532,5.652e-27,3,6,1265,1175
677.895102,2.572e-30,4,6,1265,1175
677.901911,7.379e-29,3,6,1265,1175
677.902296,7.908e-26,3,6,1265,1175
677.910397,1.119e-22,3,7,1265,1175
677.921608,1.518e-30,3,6,1265,1175
677.933274,1.655e-27,4,6,1265,1175
677.937074,2.227e-29,3,6,1265,1175
677.939275,7.561e-29,3,6,1265,1175
677.950455,7.41e-29,3,6,1265,1175
677.964655,7.266e-27,3,7,1265,1175
677.991661,1.2e-29,3,6,1265,1175
677.992542,3.55e-27,4,6,1265,1175
677.9941,2.787e-23,4,7,1265,1175
677.994797,1.208e-30,3,6,1265,1175
677.997976,7.274e-21,3,7,1265,1175
678.007235,1.489e-30,3,6,1265,1175
678.020913,1.725e-30,3,6,1265,1175
678.02444,4.108e-28,3,6,1265,1175
678.035831,1.919e-30,3,6,1265,1175
678.042171,7.714e-28,4,6,1265,1175
678.05177,2.628e-28,3,6,1265,1175
678.051987,2.075e-30,3,6,1265,1175
678.054879,3.998e-28,4,7,1265,1175
678.058072,1.804e-30,3,6,1265,1175
678.069381,2.197e-30,3,6,1265,1175
678.082316,2.523e-30,3,6,1265,1175
678.088011,2.286e-30,3,6,1265,1175
678.09265,9.475e-30,3,6,1265,1175
678.107876,2.346e-30,3,6,1265,1175
678.118488,7.473e-25,4,6,1265,1175
678.128974,2.378e-30,3,6,1265,1175
678.136742,2.173e-26,3,6,1265,1175
678.145123,2.445e-30,3,6,1265,1175
678.147899,1.584e-29,3,6,1265,1175
678.151305,2.386e-30,3,6,1265,1175
678.165813,2.108e-30,3,6,1265,1175
678.174866,2.371e-30,3,6,1265,1175
678.190153,2.122e-30,3,6,1265,1175
678.199657,2.336e-30,3,6,1265,1175
678.206733,3.909e-30,3,6,1265,1175
678.225674,2.283e-30,3,6,1265,1175
678.225908,1.06e-28,3,6,1265,1175
678.243473,3.972e-27,3,6,1265,1175
678.245658,1.651e-28,3,6,1265,1175
678.246308,5.789e-28,4,6,1265,1175
678.252917,2.215e-30,3,6,1265,1175
678.26056,9.016e-26,4,7,1265,1175
678.263665,7.303e-30,3,6,1265,1175
678.281383,2.134e-30,3,6,1265,1175
678.290349,6.541e-28,3,6,1265,1175
678.311071,2.042e-30,3,6,1265,1175
678.313007,1.417e-25,4,6,1265,1175
678.341978,1.942e-30,3,6,1265,1175
678.352265,1.454e-29,3,6,1265,1175
678.354654,1.516e-24,4,6,1265,1175
678.356754,7.953e-30,3,6,1265,1175
678.357347,5.43e-28,3,6,1265,1175
678.366343,1.8e-26,4,6,1265,1175
678.369055,5.02e-29,3,6,1265,1175
678.369794,3.396e-27,3,7,1265,1175
678.374103,1.836e-30,3,6,1265,1175
678.37879,1.734e-25,4,7,1265,1175
678.387578,1.335e-27,3,6,1265,1175
678.394985,5.89e-23,4,7,1265,1175
678.404841,2.059e-28,3,6,1265,1175
678.40681,3.719e-30,3,6,1265,1175
678.407443,1.726e-30,3,6,1265,1175
678.408271,9.015e-30,3,6,1265,1175
678.40897,2.055e-29,3,6,1265,1175
678.42599,4.807e-22,3,7,1265,1175
678.426016,4.267e-29,3,6,1265,1175
678.426229,5.833e-25,3,6,1265,1175
678.441995,1.613e-30,3,6,1265,1175
678.4514,2.854e-24,4,7,1265,1175
678.45253,1.151e-29,3,6,1265,1175
678.453329,1.881e-28,4,7,1265,1175
678.459158,4.272e-28,4,6,1265,1175
678.461448,2.102e-29,3,6,1265,1175
678.471638,2.902e-29,3,6,1265,1175
678.477758,1.499e-30,3,6,1265,1175
678.483099,3.581e-29,3,6,1265,1175
678.495832,4.156e-29,3,6,1265,1175
678.50166,1.072e-24,4,6,1265,1175
678.509835,4.637e-29,3,6,1265,1175
678.514728,1.386e-30,3,6,1265,1175
678.525107,5.031e-29,3,6,1265,1175
678.538372,8.607e-30,3,6,1265,1175
678.541649,5.346e-29,3,6,1265,1175
678.552903,1.275e-30,3,6,1265,1175
678.556522,4.747e-30,3,3,1265,1176
678.559457,5.585e-29,3,6,1265,1175
678.569207,2.9e-27,3,6,1265,1175
678.575581,1.938e-28,3,6,1265,1175
678.578532,5.754e-29,3,6,1265,1175
678.591351,4.833e-26,3,6,1265,1175
678.592281,1.167e-30,3,6,1265,1175
678.598873,5.858e-29,3,6,1265,1175
678.601813,4.439e-29,4,6,1265,1175
678.620477,5.902e-29,3,6,1265,1175
678.632857,1.062e-30,3,6,1265,1175
678.633991,5.043e-26,4,6,1265,1175
678.643345,5.89e-29,3,6,1265,1175
678.657183,8.626e-30,3,6,1265,1175
678.667474,5.828e-29,3,6,1265,1175
678.668863,8.013e-24,4,7,1265,1175
678.680655,3.101e-28,4,6,1265,1175
678.683288,2.23e-30,4,6,1265,1175
678.692863,5.721e-29,3,6,1265,1175
678.703134,7.44e-29,3,6,1265,1175
678.706101,7.845e-26,3,6,1265,1175
678.709736,1.432e-28,3,6,1265,1175
678.711799,2.149e-27,4,7,1265,1175
678.71951,5.576e-29,3,6,1265,1175
678.741537,2.88e-29,3,6,1265,1175
678.747414,5.396e-29,3,6,1265,1175
678.775354,2.215e-26,3,6,1265,1175
678.776573,5.188e-29,3,6,1265,1175
678.781843,1.563e-27,3,7,1265,1175
678.796872,2.794e-23,4,7,1265,1175
678.806986,4.956e-29,3,6,1265,1175
678.811941,3.298e-27,4,6,1265,1175
678.812015,1.116e-29,3,6,1265,1175
678.815338,8.537e-24,4,7,1265,1175
678.81776,2.64e-28,3,6,1265,1175
678.83865,4.706e-29,3,6,1265,1175
678.858653,8.72e-29,4,7,1265,1175
678.871564,4.443e-29,3,6,1265,1175
678.898632,9.241e-30,3,6,1265,1175
678.903746,7.374e-21,3,7,1265,1175
678.905725,4.171e-29,3,6,1265,1175
678.910728,2.214e-28,3,6,1265,1175
678.923037,2.372e-29,3,6,1265,1175
678.934168,6.938e-25,4,6,1265,1175
678.941133,3.895e-29,3,6,1265,1175
678.945421,1.108e-28,3,6,1265,1175
678.948486,2.855e-27,3,6,1265,1175
678.949221,1.501e-27,4,6,1265,1175
678.949952,4.675e-26,4,6,1265,1175
678.960141,1.835e-30,3,6,1265,1175
678.961804,2.293e-30,3,6,1265,1175
678.974227,1.742e-30,3,6,1265,1175
678.977783,3.617e-29,3,6,1265,1175
679.001064,1.358e-26,4,6,1265,1175
679.008676,3.908e-30,3,6,1265,1175
679.015674,3.341e-29,3,6,1265,1175
679.021391,5.354e-27,4,6,1265,1175
679.048449,3.915e-27,3,6,1265,1175
679.054805,3.071e-29,3,6,1265,1175
679.0563,6.355e-30,3,6,1265,1175
679.059076,7.387e-30,3,6,1265,1175
679.064201,1.565e-28,3,6,1265,1175
679.095172,2.808e-29,3,6,1265,1175
679.105457,5.551e-28,3,6,1265,1175
679.116374,2.701e-28,3,6,1265,1175
679.124162,4.902e-28,3,6,1265,1175
679.133247,6.758e-28,3,6,1265,1175
679.136772,2.556e-29,3,6,1265,1175
679.14287,1.025e-28,3,6,1265,1175
679.143629,8.345e-28,3,6,1265,1175
679.149303,1.555e-28,3,6,1265,1175
679.155306,9.704e-28,3,6,1265,1175
679.158616,1.509e-24,4,6,1265,1175
679.168279,1.086e-27,3,6,1265,1175
679.177655,8.556e-30,3,6,1265,1175
679.179605,2.314e-29,3,6,1265,1175
679.1797,2.283e-24,4,7,1265,1175
679.182546,1.183e-27,3,6,1265,1175
679.185392,1.696e-19,3,7,1265,1175
679.189821,1.35e-27,3,6,1265,1175
679.198106,1.262e-27,3,6,1265,1175
679.200752,7.088e-28,3,7,1265,1175
679.204322,3.072e-29,3,6,1265,1175
679.204474,4.468e-29,3,6,1265,1175
679.21496,1.324e-27,3,6,1265,1175
679.21791,2.431e-30,3,6,1265,1175
679.223666,2.086e-29,3,6,1265,1175
679.224886,1.909e-28,3,6,1265,1175
679.228944,4.83e-22,4,7,1265,1175
679.233106,1.37e-27,3,6,1265,1175
679.238779,3.349e-30,3,6,1265,1175
679.245836,9.39e-28,3,7,1265,1175
679.252542,1.401e-27,3,6,1265,1175
679.267185,2.773e-30,3,6,1265,1175
679.268953,1.871e-29,3,6,1265,1175
679.270803,3.981e-29,4,7,1265,1175
679.271652,4.353e-30,3,6,1265,1175
679.273268,1.418e-27,3,6,1265,1175
679.292244,4.75e-28,3,6,1265,1175
679.295284,1.421e-27,3,6,1265,1175
679.297947,5.089e-29,3,6,1265,1175
679.315463,1.67e-29,3,6,1265,1175
679.318586,1.413e-27,3,6,1265,1175
679.335109,2.131e-30,3,6,1265,1175
679.336308,6.193e-27,3,6,1265,1175
679.336829,2.012e-22,3,7,1265,1175
679.343175,1.393e-27,3,6,1265,1175
679.356568,8.169e-30,3,6,1265,1175
679.363194,1.484e-29,3,6,1265,1175
679.367846,1.73e-29,3,6,1265,1175
679.369049,1.364e-27,3,6,1265,1175
679.381709,1.899e-28,3,6,1265,1175
679.389405,2.731e-27,3,6,1265,1175
679.396206,1.326e-27,3,6,1265,1175
679.396303,1.075e-28,3,6,1265,1175
679.399242,6.136e-27,3,6,1265,1175
679.412143,1.313e-29,3,6,1265,1175
679.413217,4.519e-26,3,6,1265,1175
679.424646,1.281e-27,3,6,1265,1175
679.430126,1.298e-29,3,6,1265,1175
679.452198,3.969e-27,3,6,1265,1175
679.454365,1.23e-27,3,6,1265,1175
679.462305,1.156e-29,3,6,1265,1175
679.471008,1.832e-26,4,7,1265,1175
679.480485,3.637e-28,3,6,1265,1175
679.485364,1.173e-27,3,6,1265,1175
679.495258,1.708e-30,3,6,1265,1175
679.505734,7.462e-29,3,6,1265,1175
679.511234,7.756e-26,3,6,1265,1175
679.512801,8.765e-23,3,7,1265,1175
679.512896,1.922e-30,4,6,1265,1175
679.51368,1.014e-29,3,6,1265,1175
679.51764,1.113e-27,3,6,1265,1175
679.540976,1.128e-28,3,6,1265,1175
679.551191,1.049e-27,3,6,1265,1175
679.566262,8.847e-30,3,6,1265,1175
679.575228,2.629e-28,3,6,1265,1175
679.586015,9.84e-28,3,6,1265,1175
679.58621,7.416e-21,3,7,1265,1175
679.595874,3.201e-30,3,6,1265,1175
679.601003,2.787e-23,4,7,1265,1175
679.620049,7.687e-30,3,6,1265,1175
679.622112,9.18e-28,3,6,1265,1175
679.626469,3.165e-28,3,7,1265,1175
679.631156,3.051e-27,4,6,1265,1175
679.633746,1.032e-29,3,6,1265,1175
679.651642,7.307e-29,3,6,1265,1175
679.659477,8.519e-28,3,6,1265,1175
679.675038,6.65e-30,3,6,1265,1175
679.689726,1.79e-29,4,7,1265,1175
679.698111,7.865e-28,3,6,1265,1175
679.705893,9.006e-30,3,6,1265,1175
679.719582,1.484e-30,3,6,1265,1175
679.72581,3.302e-29,3,6,1265,1175
679.731225,5.727e-30,3,6,1265,1175
679.734836,1.335e-25,4,7,1265,1175
679.73493,2.144e-29,3,6,1265,1175
679.738009,7.225e-28,3,6,1265,1175
679.750122,1.149e-29,3,6,1265,1175
679.75997,2.757e-27,4,6,1265,1175
679.76816,6.411e-25,4,6,1265,1175
679.771865,2.25e-26,3,6,1265,1175
679.779172,6.604e-28,3,6,1265,1175
679.783423,9.692e-26,4,7,1265,1175
679.788606,4.912e-30,3,6,1265,1175
679.794621,2.14e-30,3,6,1265,1175
679.806917,1.178e-30,3,6,1265,1175
679.811938,3.891e-30,3,6,1265,1175
679.821595,6.007e-28,3,6,1265,1175
679.823636,1.154e-28,3,6,1265,1175
679.842648,6.178e-28,3,6,1265,1175
679.847179,4.194e-30,3,6,1265,1175
679.84953,1.589e-30,3,6,1265,1175
679.854736,3.847e-27,3,6,1265,1175
679.85641,7.426e-30,3,6,1265,1175
679.863537,1.882e-29,3,6,1265,1175
679.865278,5.438e-28,3,6,1265,1175
679.882815,4.708e-30,3,6,1265,1175
679.884013,1.476e-28,3,6,1265,1175
679.904517,1.7e-25,4,6,1265,1175
679.906938,3.566e-30,3,6,1265,1175
679.910215,4.9e-28,3,6,1265,1175
679.915235,4.89e-29,3,6,1265,1175
679.947058,6.997e-30,3,6,1265,1175
679.948222,7.983e-30,3,6,1265,1175
679.95641,4.394e-28,3,6,1265,1175
679.963919,1.495e-24,4,6,1265,1175
679.967881,3.019e-30,3,6,1265,1175
679.987925,1.689e-24,4,7,1265,1175
679.993391,1.357e-27,3,6,1265,1175
680.00385,3.922e-28,3,6,1265,1175
680.011246,6.06e-25,3,6,1265,1175
680.018454,8.508e-23,5,7,1265,1175
680.022387,4.148e-28,3,6,1265,1175
680.028641,1.697e-30,3,6,1265,1175
680.030003,2.545e-30,3,6,1265,1175
680.033234,4.823e-22,3,7,1265,1175
680.038841,3.961e-29,3,6,1265,1175
680.046255,1.763e-28,3,6,1265,1175
680.052547,3.485e-28,3,6,1265,1175
680.058942,1.392e-28,3,7,1265,1175
680.066073,6.094e-27,3,6,1265,1175
680.071943,3.003e-30,3,6,1265,1175
680.072665,1.096e-26,3,6,1265,1175
680.080574,1.507e-26,3,6,1265,1175
680.0898,1.862e-26,3,6,1265,1175
680.093302,2.136e-30,3,6,1265,1175
680.10019,4.081e-30,4,6,1265,1175
680.100343,2.171e-26,3,6,1265,1175
680.102481,3.082e-28,3,6,1265,1175
680.103568,9.129e-25,4,6,1265,1175
680.112202,2.439e-26,3,6,1265,1175
680.115371,7.926e-30,5,7,1265,1175
680.11708,5.37e-30,3,6,1265,1175
680.125377,2.667e-26,3,6,1265,1175
680.139867,2.858e-26,3,6,1265,1175
680.153669,2.714e-28,3,6,1265,1175
680.15567,3.013e-26,3,6,1265,1175
680.157772,1.786e-30,3,6,1265,1175
680.160958,4.042e-30,3,3,1265,1176
680.171623,3.276e-30,4,6,1265,1175
680.172788,3.133e-26,3,6,1265,1175
680.176017,7.72e-30,3,6,1265,1175
680.186987,3.22e-29,3,6,1265,1175
680.189131,1.856e-28,3,6,1265,1175
680.191217,3.22e-26,3,6,1265,1175
680.204712,7.339e-28,3,6,1265,1175
680.206085,2.379e-28,3,6,1265,1175
680.210884,2.559e-27,3,6,1265,1175
680.210961,3.275e-26,3,6,1265,1175
680.22341,1.486e-30,3,6,1265,1175
680.232011,3.3e-26,3,6,1265,1175
680.23646,4.206e-26,3,6,1265,1175
680.254376,3.297e-26,3,6,1265,1175
680.259754,2.076e-28,3,6,1265,1175
680.267207,6.597e-24,4,7,1265,1175
680.278043,3.267e-26,3,6,1265,1175
680.29021,1.232e-30,3,6,1265,1175
680.297476,3.845e-27,4,7,1265,1175
680.303027,3.215e-26,3,6,1265,1175
680.308379,4.314e-26,4,6,1265,1175
680.309707,7.445e-29,3,6,1265,1175
680.31464,1.804e-28,3,6,1265,1175
680.317692,7.639e-26,3,6,1265,1175
680.32339,2.417e-29,3,6,1265,1175
680.329303,3.141e-26,3,6,1265,1175
680.341667,2.592e-28,3,6,1265,1175
680.354543,2.26e-26,3,6,1265,1175
680.356904,3.048e-26,3,6,1265,1175
680.358171,1.017e-30,3,6,1265,1175
680.37078,1.56e-28,3,6,1265,1175
680.385781,2.94e-26,3,6,1265,1175
680.390369,7.386e-29,4,6,1265,1175
680.406487,2.765e-23,4,7,1265,1175
680.415996,2.818e-26,3,6,1265,1175
680.420559,1.47e-30,3,6,1265,1175
680.428121,1.344e-28,3,6,1265,1175
680.447467,2.685e-26,3,6,1265,1175
680.453476,2.809e-27,4,6,1265,1175
680.456848,9.509e-30,3,6,1265,1175
680.466802,2.088e-29,3,6,1265,1175
680.473591,3.714e-30,3,6,1265,1175
680.478284,1.035e-30,3,6,1265,1175
680.480294,2.544e-26,3,6,1265,1175
680.486723,1.153e-28,3,6,1265,1175
680.498116,6.032e-29,3,7,1265,1175
680.50404,2.044e-27,4,6,1265,1175
680.511234,1.183e-28,3,6,1265,1175
680.513941,2.049e-27,3,6,1265,1175
680.514345,2.397e-26,3,6,1265,1175
680.51443,8.762e-30,3,6,1265,1175
680.529224,7.415e-21,3,7,1265,1175
680.537466,7.069e-24,4,7,1265,1175
680.546505,9.843e-29,3,6,1265,1175
680.547685,3.457e-30,5,7,1265,1175
680.549787,2.247e-26,3,6,1265,1175
680.555341,3.961e-26,4,6,1265,1175
680.557363,9.006e-27,4,6,1265,1175
680.583973,5.898e-25,4,6,1265,1175
680.586404,2.095e-26,3,6,1265,1175
680.607557,8.369e-29,3,6,1265,1175
680.611898,1.988e-30,3,6,1265,1175
680.616513,3.856e-30,3,6,1265,1175
680.620025,2.995e-30,3,6,1265,1175
680.620793,3.005e-30,3,6,1265,1175
680.624461,1.943e-26,3,6,1265,1175
680.63791,1.371e-30,3,6,1265,1175
680.638824,6.895e-27,4,6,1265,1175
680.654441,7.42e-30,3,6,1265,1175
680.662329,3.769e-27,3,6,1265,1175
680.663626,1.793e-26,3,6,1265,1175
680.669765,7.086e-29,3,6,1265,1175
680.704304,1.646e-26,3,6,1265,1175
680.705089,1.386e-28,3,6,1265,1175
680.719953,7.299e-30,3,6,1265,1175
680.733257,5.974e-29,3,6,1265,1175
680.741131,1.078e-24,4,7,1265,1175
680.745997,1.504e-26,3,6,1265,1175
680.754576,1.332e-29,3,6,1265,1175
680.76054,6.976e-29,3,6,1265,1175
680.77056,1.474e-24,4,6,1265,1175
680.773105,1.707e-19,3,7,1265,1175
680.783651,5.276e-28,3,7,1265,1175
680.789304,1.368e-26,3,6,1265,1175
680.796133,6.622e-27,3,6,1265,1175
680.797131,9.986e-29,3,6,1265,1175
680.797875,5.015e-29,3,6,1265,1175
680.798595,1.356e-27,3,6,1265,1175
680.826559,4.192e-30,3,6,1265,1175
680.833497,1.238e-26,3,6,1265,1175
680.838939,4.789e-22,4,7,1265,1175
680.863796,4.192e-29,3,6,1265,1175
680.869023,1.62e-28,3,6,1265,1175
680.876957,3.496e-29,3,6,1265,1175
680.879447,1.115e-26,3,6,1265,1175
680.888077,1.808e-22,4,7,1265,1175
680.898506,3.387e-30,3,6,1265,1175
680.906268,2.682e-30,3,6,1265,1175
680.926108,1e-26,3,6,1265,1175
680.930805,3.49e-29,3,6,1265,1175
680.943939,2.574e-29,3,7,1265,1175
680.962101,2.596e-29,3,6,1265,1175
680.97472,8.925e-27,3,6,1265,1175
680.975648,6.527e-27,3,6,1265,1175
680.978808,6.745e-29,3,6,1265,1175
680.979316,3.597e-28,3,6,1265,1175
680.986614,1.485e-30,5,7,1265,1175
680.996715,7.265e-30,3,6,1265,1175
680.997841,1.81e-28,3,6,1265,1175
680.999148,2.894e-29,3,6,1265,1175
681.009472,1.942e-30,3,6,1265,1175
681.023808,7.929e-27,3,6,1265,1175
681.033639,2.387e-27,3,6,1265,1175
681.0502,8.367e-30,3,6,1265,1175
681.055715,5.211e-29,3,6,1265,1175
681.060883,3.897e-26,3,6,1265,1175
681.068526,2.389e-29,3,6,1265,1175
681.072355,1.841e-30,3,6,1265,1175
681.075108,7.012e-27,3,6,1265,1175
681.094071,2.852e-28,3,6,1265,1175
681.103168,2.527e-28,3,6,1265,1175
681.115048,7.389e-29,3,6,1265,1175
681.117287,6.744e-23,4,7,1265,1175
681.12547,7.494e-26,3,6,1265,1175
681.126577,6.174e-27,3,6,1265,1175
681.133773,1.413e-30,4,6,1265,1175
681.134993,1.689e-28,3,6,1265,1175
681.139283,1.964e-29,3,6,1265,1175
681.14754,1.259e-29,3,6,1265,1175
681.177523,7.359e-21,3,7,1265,1175
681.179742,5.331e-26,4,7,1265,1175
681.180599,5.412e-27,3,6,1265,1175
681.211009,1.608e-29,3,6,1265,1175
681.212586,4.16e-30,3,6,1265,1175
681.213323,2.729e-23,4,7,1265,1175
681.215401,1.942e-25,4,7,1265,1175
681.234389,4.722e-27,3,6,1265,1175
681.275189,2.575e-27,4,6,1265,1175
681.281318,8.722e-30,3,6,1265,1175
681.281569,2.886e-27,3,6,1265,1175
681.284172,1.311e-29,3,6,1265,1175
681.291178,4.103e-27,3,6,1265,1175
681.322058,9.492e-28,3,6,1265,1175
681.324239,8.505e-30,3,6,1265,1175
681.327797,1.032e-30,3,6,1265,1175
681.332973,3.063e-26,4,7,1265,1175
681.337925,1.208e-30,3,6,1265,1175
681.347219,3.55e-27,3,6,1265,1175
681.349705,1.363e-30,3,6,1265,1175
681.35356,5.174e-30,3,6,1265,1175
681.354257,8.195e-30,3,6,1265,1175
681.358222,1.065e-29,3,6,1265,1175
681.362616,1.498e-30,3,6,1265,1175
681.377486,1.615e-30,3,6,1265,1175
681.378281,2.391e-29,3,6,1265,1175
681.393056,1.712e-30,3,6,1265,1175
681.39588,5.557e-28,3,6,1265,1175
681.396354,1.082e-29,3,7,1265,1175
681.406834,3.057e-27,3,6,1265,1175
681.411164,1.79e-30,3,6,1265,1175
681.417047,4.891e-30,3,6,1265,1175
681.417947,2.266e-26,3,6,1265,1175
681.420806,1.362e-30,3,6,1265,1175
681.422397,3.805e-30,3,6,1265,1175
681.423245,5.4e-25,4,6,1265,1175
681.429207,1.85e-30,3,6,1265,1175
681.430425,1.214e-28,3,6,1265,1175
681.433786,8.612e-30,3,6,1265,1175
681.450049,1.838e-30,3,6,1265,1175
681.450767,1.892e-30,3,6,1265,1175
681.454809,7.371e-30,3,6,1265,1175
681.46504,2.622e-27,3,6,1265,1175
681.471023,1.917e-30,3,6,1265,1175
681.471226,3.68e-27,3,6,1265,1175
681.476614,2.927e-30,3,6,1265,1175
681.492838,6.509e-30,3,6,1265,1175
681.493702,1.998e-25,4,6,1265,1175
681.496331,1.925e-30,3,6,1265,1175
681.498684,1.297e-25,4,6,1265,1175
681.50403,2.299e-25,4,6,1265,1175
681.51013,6.937e-30,3,6,1265,1175
681.5107,3.151e-25,4,6,1265,1175
681.518451,1.918e-30,3,6,1265,1175
681.51873,3.9e-25,4,6,1265,1175
681.52486,7.349e-30,4,6,1265,1175
681.527425,1.296e-28,3,6,1265,1175
681.527552,2.239e-27,3,6,1265,1175
681.528047,4.564e-25,4,6,1265,1175
681.533596,4.886e-25,4,7,1265,1175
681.538727,1.177e-30,3,6,1265,1175
681.538783,5.15e-25,4,6,1265,1175
681.541815,2.009e-29,3,6,1265,1175
681.547899,1.897e-30,3,6,1265,1175
681.550714,5.663e-25,4,6,1265,1175
681.564197,6.103e-25,4,6,1265,1175
681.57143,1.863e-30,3,6,1265,1175
681.578533,1.447e-24,4,6,1265,1175
681.578687,6.471e-25,4,6,1265,1175
681.582656,4.52e-27,4,6,1265,1175
681.587822,1.904e-27,3,6,1265,1175
681.588094,5.564e-30,3,6,1265,1175
681.59,3.011e-30,3,6,1265,1175
681.594981,6.768e-25,4,6,1265,1175
681.599823,6.103e-25,3,6,1265,1175
681.605006,1.347e-27,3,6,1265,1175
681.605519,1.817e-30,3,6,1265,1175
681.611949,6.996e-25,4,6,1265,1175
681.629891,1.761e-30,3,6,1265,1175
681.631146,7.155e-25,4,6,1265,1175
681.641615,1.209e-22,5,7,1265,1175
681.645946,4.727e-22,4,7,1265,1175
681.65048,7.25e-25,4,6,1265,1175
681.653323,1.612e-27,3,6,1265,1175
681.664535,3.15e-30,3,6,1265,1175
681.666701,4.445e-30,3,6,1265,1175
681.669251,1.696e-30,3,6,1265,1175
681.672706,7.282e-25,4,6,1265,1175
681.690416,3.116e-28,3,6,1265,1175
681.69309,1.482e-28,3,6,1265,1175
681.693758,1.624e-30,3,6,1265,1175
681.694254,7.256e-25,4,6,1265,1175
681.708588,7.627e-25,4,6,1265,1175
681.713222,3.072e-29,3,6,1265,1175
681.715535,1.359e-27,3,6,1265,1175
681.719679,7.177e-25,4,6,1265,1175
681.73916,1.546e-30,3,6,1265,1175
681.741782,2.385e-30,3,6,1265,1175
681.743244,7.048e-25,4,6,1265,1175
681.747065,3.537e-30,3,6,1265,1175
681.762945,1.463e-30,3,6,1265,1175
681.768963,3.377e-30,3,3,1265,1176
681.772083,6.876e-25,4,6,1265,1175
681.784134,1.141e-27,3,6,1265,1175
681.797417,6.664e-25,4,6,1265,1175
681.807837,1.759e-28,3,6,1265,1175
681.815326,1.378e-30,3,6,1265,1175
681.818656,6.808e-30,3,6,1265,1175
681.827898,2.803e-30,3,6,1265,1175
681.829941,6.421e-25,4,6,1265,1175
681.837359,1.29e-30,3,6,1265,1175
681.848144,9.541e-28,3,6,1265,1175
681.855308,4.482e-30,5,7,1265,1175
681.856739,6.148e-25,4,6,1265,1175
681.857664,2.218e-27,3,6,1265,1175
681.867241,5.334e-24,4,7,1265,1175
681.870651,2.435e-28,3,6,1265,1175
681.886377,6.771e-27,4,7,1265,1175
681.886719,3.594e-26,3,6,1265,1175
681.893279,5.854e-25,4,6,1265,1175
681.897837,1.202e-30,3,6,1265,1175
681.906165,1.991e-29,3,6,1265,1175
681.910667,2.212e-30,3,6,1265,1175
681.916896,1.114e-30,3,6,1265,1175
681.919978,7.944e-28,3,6,1265,1175
681.921168,5.542e-25,4,6,1265,1175
681.921754,7.295e-29,3,6,1265,1175
681.934563,7.321e-26,3,6,1265,1175
681.9356,2.243e-26,3,6,1265,1175
681.962125,5.22e-25,4,6,1265,1175
681.982998,1.888e-30,3,6,1265,1175
681.985613,6.586e-28,3,6,1265,1175
681.986792,1.028e-30,3,6,1265,1175
681.990612,3.622e-26,4,6,1265,1175
681.99066,4.889e-25,4,6,1265,1175
681.991891,1.123e-30,3,6,1265,1175
681.993685,1.739e-30,3,6,1265,1175
682.021504,2.679e-23,4,7,1265,1175
682.027578,3.624e-30,3,6,1265,1175
682.028229,2.32e-30,3,6,1265,1175
682.036512,4.557e-25,4,6,1265,1175
682.060845,5.439e-28,3,6,1265,1175
682.06119,2.518e-27,4,6,1265,1175
682.065166,4.224e-25,4,6,1265,1175
682.078868,1.362e-30,3,6,1265,1175
682.079177,1.224e-28,3,6,1265,1175
682.079445,1.447e-27,3,6,1265,1175
682.10044,2.35e-27,4,6,1265,1175
682.107151,7.966e-30,3,6,1265,1175
682.114617,5.878e-27,4,6,1265,1175
682.116479,3.897e-25,4,6,1265,1175
682.127904,4.472e-28,3,6,1265,1175
682.135315,8.234e-30,3,6,1265,1175
682.144632,3.576e-25,4,6,1265,1175
682.162685,7.267e-21,3,7,1265,1175
682.163795,3.296e-26,4,6,1265,1175
682.164022,1.062e-30,3,6,1265,1175
682.178865,1.21e-28,4,6,1265,1175
682.202065,3.268e-25,4,6,1265,1175
682.206731,3.662e-28,3,6,1265,1175
682.228999,2.97e-25,4,6,1265,1175
682.229585,3.737e-30,3,6,1265,1175
682.238656,4.923e-25,4,6,1265,1175
682.25394,8.723e-27,4,6,1265,1175
682.255347,7.28e-30,3,6,1265,1175
682.264963,6.895e-27,3,6,1265,1175
682.26686,5.622e-30,3,6,1265,1175
682.267411,1.692e-30,3,6,1265,1175
682.269107,5.747e-24,4,7,1265,1175
682.274974,2.986e-28,3,6,1265,1175
682.276038,5.86e-30,4,6,1265,1175
682.28142,3.579e-27,3,6,1265,1175
682.293319,2.688e-25,4,6,1265,1175
682.308817,1.115e-30,3,6,1265,1175
682.314961,2.917e-28,3,7,1265,1175
682.318203,2.42e-25,4,6,1265,1175
682.32009,1.008e-30,3,6,1265,1175
682.320742,1.829e-30,3,7,1265,1175
682.351015,1.207e-28,3,6,1265,1175
682.357633,2.426e-28,3,6,1265,1175
682.363933,1.671e-19,3,7,1265,1175
682.380715,3.865e-30,3,6,1265,1175
682.381786,4.669e-29,3,6,1265,1175
682.387836,1.414e-24,4,6,1265,1175
682.390293,2.171e-25,4,6,1265,1175
682.398443,8.078e-29,3,6,1265,1175
682.412174,1.936e-25,4,6,1265,1175
682.413182,1.33e-27,3,6,1265,1175
682.42678,1.962e-28,3,6,1265,1175
682.441154,1.522e-22,4,7,1265,1175
682.454388,4.64e-22,4,7,1265,1175
682.457344,1.2e-27,3,6,1265,1175
682.493043,1.721e-25,4,6,1265,1175
682.510836,1.52e-25,4,6,1265,1175
682.513549,1.581e-28,3,6,1265,1175
682.518566,1.35e-28,3,6,1265,1175
682.525613,4.055e-30,3,6,1265,1175
682.551104,6.746e-27,3,6,1265,1175
682.554114,2.689e-29,3,6,1265,1175
682.567482,2.886e-26,4,7,1265,1175
682.57844,2.111e-30,3,6,1265,1175
682.583273,1.268e-28,3,6,1265,1175
682.601634,1.34e-25,4,6,1265,1175
682.614106,1.173e-25,4,6,1265,1175
682.619113,1.704e-28,3,6,1265,1175
682.635689,2.313e-28,3,6,1265,1175
682.641836,6.352e-30,3,6,1265,1175
682.652114,8.777e-29,3,6,1265,1175
682.652848,1.914e-30,3,6,1265,1175
682.672084,2.678e-28,3,6,1265,1175
682.674482,1.013e-28,3,6,1265,1175
682.682955,2.05e-27,3,6,1265,1175
682.701903,2.779e-25,4,7,1265,1175
682.710776,2.197e-28,3,6,1265,1175
682.71367,3.3e-26,3,6,1265,1175
682.716137,1.025e-25,4,6,1265,1175
682.721896,8.891e-26,4,6,1265,1175
682.723881,5.101e-23,3,7,1265,1175
682.729818,7.165e-29,3,6,1265,1175
682.732006,2.487e-28,3,6,1265,1175
682.732464,2.154e-29,3,6,1265,1175
682.7444,8.063e-29,3,6,1265,1175
682.744968,7.122e-26,3,6,1265,1175
682.757692,1.021e-30,4,6,1265,1175
682.771882,7.124e-21,3,7,1265,1175
682.831027,2.617e-23,4,7,1265,1175
682.834109,6.623e-26,4,6,1265,1175
682.836629,7.701e-26,4,6,1265,1175
682.84044,6.392e-29,3,6,1265,1175
682.894057,6.833e-29,3,6,1265,1175
682.896265,2.983e-29,3,6,1265,1175
682.910106,5.044e-29,3,6,1265,1175
682.924604,2.135e-27,4,6,1265,1175
682.934343,7.244e-30,3,6,1265,1175
682.936542,9.003e-30,3,6,1265,1175
682.947654,7.947e-30,3,6,1265,1175
682.950074,4.679e-28,3,6,1265,1175
682.950642,4.849e-26,4,6,1265,1175
682.957024,1.302e-29,4,6,1265,1175
682.960301,5.75e-30,3,6,1265,1175
682.963197,5.689e-26,4,6,1265,1175
683.011432,3.967e-29,3,6,1265,1175
683.038073,3.652e-30,3,6,1265,1175
683.042004,4.654e-30,3,6,1265,1175
683.045049,1.376e-27,3,6,1265,1175
683.04622,1.241e-28,3,6,1265,1175
683.058853,7.151e-30,3,6,1265,1175
683.071382,3.49e-26,4,6,1265,1175
683.074939,2.223e-26,3,6,1265,1175
683.075823,1.475e-30,3,6,1265,1175
683.080329,3.106e-29,3,6,1265,1175
683.080659,2.301e-25,4,6,1265,1175
683.081419,7.998e-30,3,6,1265,1175
683.083727,4.467e-25,4,6,1265,1175
683.092908,3.468e-27,3,6,1265,1175
683.095932,4.131e-26,4,6,1265,1175
683.11139,1.55e-30,3,6,1265,1175
683.123261,2.064e-27,3,6,1265,1175
683.174691,7.132e-29,3,6,1265,1175
683.175855,1.118e-28,3,6,1265,1175
683.187475,2.423e-29,3,6,1265,1175
683.189833,5.042e-26,4,7,1265,1175
683.191924,5.98e-25,3,6,1265,1175
683.19621,2.47e-26,4,6,1265,1175
683.198463,1.375e-24,4,6,1265,1175
683.203759,2.44e-26,3,6,1265,1175
683.222384,1.306e-27,3,6,1265,1175
683.231421,7.356e-30,3,6,1265,1175
683.234275,5.683e-30,3,6,1265,1175
683.234939,2.95e-26,4,6,1265,1175
683.255005,1.881e-29,3,6,1265,1175
683.26409,4.53e-22,4,7,1265,1175
683.264229,1.688e-22,5,7,1265,1175
683.316683,6.256e-25,4,6,1265,1175
683.324995,1.719e-26,4,6,1265,1175
683.345307,1.224e-28,3,6,1265,1175
683.357339,1.836e-29,3,6,1265,1175
683.361274,2.301e-28,3,6,1265,1175
683.368589,1.456e-29,3,6,1265,1175
683.380327,2.071e-26,4,6,1265,1175
683.380507,2.738e-30,3,6,1265,1175
683.392142,2.343e-29,3,6,1265,1175
683.400979,7.293e-27,4,6,1265,1175
683.404692,2.162e-28,3,6,1265,1175
683.416284,1.861e-30,3,6,1265,1175
683.424876,1.002e-30,3,6,1265,1175
683.431665,1.645e-28,3,6,1265,1175
683.43406,1.122e-29,3,6,1265,1175
683.441204,4.302e-30,3,6,1265,1175
683.457598,1.176e-26,4,6,1265,1175
683.466249,5.902e-30,3,6,1265,1175
683.468956,4.237e-24,4,7,1265,1175
683.476472,1.447e-30,3,6,1265,1175
683.478222,1.173e-26,4,7,1265,1175
683.489859,1.611e-29,3,6,1265,1175
683.4917,3.488e-30,3,6,1265,1175
683.509506,1.888e-27,3,6,1265,1175
683.518492,2.173e-26,3,6,1265,1175
683.521567,2.052e-30,3,6,1265,1175
683.532219,1.43e-26,4,6,1265,1175
683.539241,7.001e-29,3,6,1265,1175
683.542089,3.017e-26,3,6,1265,1175
683.554802,8.614e-30,3,6,1265,1175
683.556679,6.899e-26,3,6,1265,1175
683.560771,2.858e-30,3,6,1265,1175
683.564806,1.87e-30,3,7,1265,1175
683.593869,7.918e-27,4,6,1265,1175
683.594657,3.911e-30,3,6,1265,1175
683.610422,1.483e-27,3,6,1265,1175
683.617418,6.582e-30,3,6,1265,1175
683.620635,2.905e-27,4,6,1265,1175
683.623759,5.255e-30,3,6,1265,1175
683.636695,3.601e-30,3,6,1265,1175
683.641886,2.543e-23,4,7,1265,1175
683.645043,1.005e-27,3,6,1265,1175
683.648574,6.935e-30,3,6,1265,1175
683.64921,1.232e-28,3,6,1265,1175
683.653115,1.003e-30,3,6,1265,1175
683.669567,8.984e-30,3,6,1265,1175
683.672938,3.775e-27,4,6,1265,1175
683.680646,2.987e-26,4,6,1265,1175
683.682957,3.891e-30,3,7,1265,1175
683.687167,1.143e-29,3,6,1265,1175
683.690744,9.711e-27,4,6,1265,1175
683.701774,1.426e-29,3,6,1265,1175
683.713754,1.745e-29,3,6,1265,1175
683.723448,2.095e-29,3,6,1265,1175
683.731165,2.465e-29,3,6,1265,1175
683.733648,5.242e-27,4,6,1265,1175
683.737192,2.84e-29,3,6,1265,1175
683.741787,3.202e-29,3,6,1265,1175
683.742944,6.967e-27,3,6,1265,1175
683.745188,3.531e-29,3,6,1265,1175
683.746149,5.014e-30,3,6,1265,1175
683.747606,3.802e-29,3,6,1265,1175
683.749233,3.99e-29,3,6,1265,1175
683.750226,6.96e-30,3,6,1265,1175
683.75024,4.073e-29,3,6,1265,1175
683.750376,1.646e-29,3,6,1265,1175
683.750578,2.41e-29,3,6,1265,1175
683.750777,4.03e-29,3,6,1265,1175
683.750789,3.035e-29,3,6,1265,1175
683.750947,3.515e-29,3,6,1265,1175
683.750975,3.847e-29,3,6,1265,1175
683.752794,1.931e-27,4,6,1265,1175
683.753644,1.23e-28,3,6,1265,1175
683.76125,7.645e-30,3,6,1265,1175
683.76289,6.559e-30,3,6,1265,1175
683.768013,1.205e-29,3,6,1265,1175
683.775277,2.693e-26,4,6,1265,1175
683.789197,7.96e-30,3,7,1265,1175
683.794796,2.05e-29,3,6,1265,1175
683.804094,6.953e-21,3,7,1265,1175
683.804993,3.801e-30,3,6,1265,1175
683.818252,3.627e-30,3,6,1265,1175
683.833477,2.75e-29,3,6,1265,1175
683.838535,1.38e-27,3,6,1265,1175
683.83942,1.588e-28,3,7,1265,1175
683.847857,3.553e-30,3,6,1265,1175
683.847954,3.788e-25,4,6,1265,1175
683.856046,6.487e-27,4,6,1265,1175
683.861748,6.985e-30,3,6,1265,1175
683.866562,1.084e-26,4,6,1265,1175
683.870495,2.495e-24,4,7,1265,1175
683.873472,5.901e-24,4,7,1265,1175
683.876761,3.414e-27,4,6,1265,1175
683.878134,8.644e-24,4,7,1265,1175
683.882866,4.318e-24,4,7,1265,1175
683.884051,3.312e-29,3,6,1265,1175
683.884128,1.601e-29,3,7,1265,1175
683.884461,1.089e-23,4,7,1265,1175
683.892422,1.262e-23,4,7,1265,1175
683.898141,4.036e-25,4,6,1265,1175
683.901981,1.383e-23,4,7,1265,1175
683.903339,7.345e-24,4,7,1265,1175
683.905685,3.346e-27,3,6,1265,1175
683.913091,1.45e-23,4,7,1265,1175
683.9257,1.467e-23,4,7,1265,1175
683.928271,1.414e-30,3,6,1265,1175
683.932908,9.851e-24,4,7,1265,1175
683.934137,3.37e-30,3,6,1265,1175
683.939745,1.439e-23,4,7,1265,1175
683.942672,2.873e-30,3,6,1265,1175
683.946377,1.538e-26,4,7,1265,1175
683.94651,3.731e-29,3,6,1265,1175
683.955154,1.373e-23,4,7,1265,1175
683.957842,1.595e-19,3,7,1265,1175
683.966671,1.951e-28,4,6,1265,1175
683.968354,3.167e-29,4,7,1265,1175
683.970584,7.086e-29,3,6,1265,1175
683.971572,1.186e-23,4,7,1265,1175
683.971847,1.277e-23,4,7,1265,1175
683.989733,1.16e-23,4,7,1265,1175
683.994748,2.481e-26,3,6,1265,1175
683.996056,1.158e-22,4,7,1265,1175
683.996694,2.16e-30,3,6,1265,1175
684.001938,1.032e-28,3,6,1265,1175
684.007012,3.074e-29,3,6,1265,1175
684.008712,1.031e-23,4,7,1265,1175
684.010264,4.589e-24,4,7,1265,1175
684.010409,1.331e-24,4,6,1265,1175
684.019326,1.336e-23,4,7,1265,1175
684.020846,4.003e-29,3,6,1265,1175
684.023024,2.187e-27,4,6,1265,1175
684.028275,4.263e-27,4,6,1265,1175
684.028674,8.964e-24,4,7,1265,1175
684.033553,1.275e-27,3,6,1265,1175
684.042476,6.16e-29,4,7,1265,1175
684.049498,7.638e-24,4,7,1265,1175
684.07105,6.38e-24,4,7,1265,1175
684.075257,4.398e-22,4,7,1265,1175
684.076167,1.433e-23,4,7,1265,1175
684.093186,5.227e-24,4,7,1265,1175
684.107048,4.132e-29,3,6,1265,1175
684.107095,1.178e-28,4,7,1265,1175
684.115751,4.201e-24,4,7,1265,1175
684.125625,6.748e-27,3,6,1265,1175
684.138573,3.315e-24,4,7,1265,1175
684.142088,1.478e-23,4,7,1265,1175
684.144423,1.62e-30,3,6,1265,1175
684.148569,4.754e-30,3,6,1265,1175
684.161471,2.568e-24,4,7,1265,1175
684.162802,2.216e-28,4,7,1265,1175
684.172236,1.379e-27,4,6,1265,1175
684.172904,1.983e-28,3,6,1265,1175
684.173476,1.106e-28,3,6,1265,1175
684.184247,1.954e-24,4,7,1265,1175
684.192419,1.208e-30,3,6,1265,1175
684.194005,3.907e-25,4,7,1265,1175
684.205103,4.127e-29,3,6,1265,1175
684.20669,1.46e-24,4,7,1265,1175
684.207595,2.756e-27,4,6,1265,1175
684.21018,4.097e-28,4,7,1265,1175
684.217085,1.476e-23,4,7,1265,1175
684.228573,1.072e-24,4,7,1265,1175
684.235908,2.033e-29,3,6,1265,1175
684.236678,1.929e-30,3,6,1265,1175
684.245488,1.582e-28,3,6,1265,1175
684.249654,7.736e-25,4,7,1265,1175
684.249799,7.45e-28,4,7,1265,1175
684.255248,1.634e-30,3,6,1265,1175
684.269672,5.485e-25,4,7,1265,1175
684.282216,1.332e-27,4,7,1265,1175
684.288353,3.823e-25,4,7,1265,1175
684.289878,3.441e-30,3,6,1265,1175
684.29189,5.46e-30,3,6,1265,1175
684.301151,1.432e-23,4,7,1265,1175
684.305402,2.618e-25,4,7,1265,1175
684.307973,2.342e-27,4,7,1265,1175
684.314996,4.006e-29,3,6,1265,1175
684.318144,1.121e-28,3,6,1265,1175
684.320507,1.763e-25,4,7,1265,1175
684.324186,8.549e-28,4,6,1265,1175
684.327595,4.05e-27,4,7,1265,1175
684.330659,1.664e-28,3,6,1265,1175
684.331535,3.602e-28,3,6,1265,1175
684.332609,3.793e-23,4,7,1265,1175
684.333338,1.167e-25,4,7,1265,1175
684.337313,1.73e-27,3,6,1265,1175
684.341588,6.886e-27,4,7,1265,1175
684.343544,7.597e-26,4,7,1265,1175
684.350007,6.807e-29,3,6,1265,1175
684.350442,1.151e-26,4,7,1265,1175
684.350757,4.862e-26,4,7,1265,1175
684.354587,3.059e-26,4,7,1265,1175
684.354626,1.892e-26,4,7,1265,1175
684.369254,6.737e-21,3,7,1265,1175
684.369693,6.653e-26,3,6,1265,1175
684.370591,1.961e-28,3,6,1265,1175
684.370843,1.032e-29,4,6,1265,1175
684.371536,2.745e-26,3,6,1265,1175
684.394182,1.753e-27,4,6,1265,1175
684.394277,1.353e-23,4,7,1265,1175
684.39641,2.27e-29,4,6,1265,1175
684.417269,3.654e-29,3,6,1265,1175
684.436712,3.788e-29,3,6,1265,1175
684.441329,1.045e-30,3,6,1265,1175
684.454081,2.46e-23,4,7,1265,1175
684.478643,5.216e-28,4,6,1265,1175
684.496456,1.249e-23,4,7,1265,1175
684.505247,3.564e-28,3,6,1265,1175
684.515403,1.755e-29,3,6,1265,1175
684.568254,3.97e-30,3,6,1265,1175
684.570232,3.497e-29,3,6,1265,1175
684.5761,7.329e-30,3,6,1265,1175
684.579361,1.739e-27,4,6,1265,1175
684.588222,1.097e-27,4,6,1265,1175
684.592789,5.913e-30,3,6,1265,1175
684.595588,2.575e-30,3,6,1265,1175
684.607679,1.127e-23,4,7,1265,1175
684.633298,1.392e-27,3,6,1265,1175
684.635363,3.132e-28,4,6,1265,1175
684.63637,3.946e-25,4,6,1265,1175
684.658931,3.441e-30,3,6,1265,1175
684.665474,2.592e-25,4,6,1265,1175
684.668529,6.788e-30,3,6,1265,1175
684.670961,1.235e-28,3,6,1265,1175
684.715536,3.157e-29,3,6,1265,1175
684.719746,3.216e-27,3,6,1265,1175
684.727934,9.947e-24,4,7,1265,1175
684.73475,6.334e-30,3,6,1265,1175
684.74279,2.13e-26,3,6,1265,1175
684.749592,3.629e-25,4,6,1265,1175
684.767725,7.068e-29,3,6,1265,1175
684.778623,1.283e-30,3,6,1265,1175
684.781145,1.788e-27,3,6,1265,1175
684.787037,2.544e-26,3,6,1265,1175
684.787509,5.713e-25,3,6,1265,1175
684.789913,6.758e-28,4,6,1265,1175
684.794083,1.85e-28,4,6,1265,1175
684.823671,1.283e-24,4,6,1265,1175
684.829261,9.486e-29,3,6,1265,1175
684.845483,1.239e-27,3,6,1265,1175
684.857212,8.606e-24,4,7,1265,1175
684.861502,5.008e-30,3,6,1265,1175
684.872602,2.79e-29,3,6,1265,1175
684.886066,2.318e-22,5,7,1265,1175
684.887632,4.248e-22,4,7,1265,1175
684.927815,5.04e-25,4,6,1265,1175
684.941736,1.514e-29,4,6,1265,1175
684.943798,1.776e-28,3,6,1265,1175
684.954522,1.076e-28,4,6,1265,1175
684.977348,1.451e-27,3,6,1265,1175
684.992216,1.086e-29,3,6,1265,1175
684.9955,7.299e-24,4,7,1265,1175
684.995529,2.206e-30,3,6,1265,1175
684.999466,4.096e-28,4,6,1265,1175
685.000019,4.591e-29,3,6,1265,1175
685.002868,9.94e-29,3,6,1265,1175
685.034807,1.671e-28,3,6,1265,1175
685.038754,1.089e-29,3,6,1265,1175
685.041263,8.171e-26,4,7,1265,1175
685.041406,2.416e-29,3,6,1265,1175
685.060578,1.516e-28,3,6,1265,1175
685.072346,3.308e-24,4,7,1265,1175
685.072737,2.001e-26,4,7,1265,1175
685.074474,1.281e-29,3,6,1265,1175
685.075541,1.757e-29,3,6,1265,1175
685.08927,3.402e-30,3,6,1265,1175
685.095401,1.429e-30,3,6,1265,1175
685.103181,2.056e-26,3,6,1265,1175
685.110241,1.283e-30,3,6,1265,1175
685.116377,6.153e-29,4,6,1265,1175
685.118755,5.03e-30,3,6,1265,1175
685.120911,1.841e-28,3,6,1265,1175
685.142785,6.074e-24,4,7,1265,1175
685.162129,6.585e-29,3,6,1265,1175
685.16637,1.579e-27,3,6,1265,1175
685.18109,1.637e-29,3,6,1265,1175
685.182335,3.192e-27,4,6,1265,1175
685.184004,6.388e-26,3,6,1265,1175
685.20253,2.488e-26,3,6,1265,1175
685.21078,6.865e-28,3,6,1265,1175
685.214602,1.158e-26,4,6,1265,1175
685.217102,2.444e-28,4,6,1265,1175
685.221293,1.208e-28,3,6,1265,1175
685.221921,2.051e-29,3,6,1265,1175
685.230206,6.803e-27,3,6,1265,1175
685.230995,1.102e-30,3,6,1265,1175
685.232437,2.386e-27,4,6,1265,1175
685.245724,5.501e-30,3,6,1265,1175
685.2676,2.367e-23,4,7,1265,1175
685.279325,3.464e-29,4,6,1265,1175
685.299055,4.96e-24,4,7,1265,1175
685.316158,8.068e-27,4,7,1265,1175
685.317941,1.272e-29,3,6,1265,1175
685.356682,8.507e-29,3,7,1265,1175
685.373993,1.549e-30,3,6,1265,1175
685.378431,2.42e-26,4,6,1265,1175
685.389748,2.162e-26,4,6,1265,1175
685.392199,7.001e-30,3,6,1265,1175
685.410498,1.559e-27,4,6,1265,1175
685.414118,1.708e-29,3,6,1265,1175
685.42403,5.309e-30,3,6,1265,1175
685.426113,4.159e-25,4,6,1265,1175
685.429335,1.406e-27,3,6,1265,1175
685.437676,4.557e-24,4,7,1265,1175
685.443021,1.919e-29,4,6,1265,1175
685.443054,1.435e-28,4,6,1265,1175
685.453415,6.505e-21,3,7,1265,1175
685.464293,3.977e-24,4,7,1265,1175
685.47129,3.316e-30,3,6,1265,1175
685.473598,6.561e-30,3,6,1265,1175
685.476521,1.323e-26,4,6,1265,1175
685.48684,2.713e-30,3,6,1265,1175
685.535088,3.078e-27,3,6,1265,1175
685.552775,7.295e-23,4,7,1265,1175
685.5548,1.488e-19,3,7,1265,1175
685.562354,3.251e-25,4,6,1265,1175
685.56611,7.057e-29,3,6,1265,1175
685.580625,2.614e-26,3,6,1265,1175
685.594408,1.16e-30,3,6,1265,1175
685.607094,1.046e-29,4,6,1265,1175
685.617967,1.397e-29,3,6,1265,1175
685.636824,1.991e-29,3,6,1265,1175
685.638244,1.23e-24,4,6,1265,1175
685.638486,3.133e-24,4,7,1265,1175
685.657818,8.679e-29,3,6,1265,1175
685.65968,1.197e-27,3,6,1265,1175
685.677566,8.29e-29,4,6,1265,1175
685.691389,5.4e-25,4,7,1265,1175
685.69922,6.498e-27,3,6,1265,1175
685.701511,4.082e-22,3,7,1265,1175
685.714935,1.543e-28,3,6,1265,1175
685.753188,3.097e-28,4,6,1265,1175
685.760936,3.6e-24,4,7,1265,1175
685.767437,5.453e-30,3,6,1265,1175
685.771149,5.612e-30,3,6,1265,1175
685.821617,2.424e-24,4,7,1265,1175
685.82378,1.891e-30,3,6,1265,1175
685.833434,1.121e-29,3,6,1265,1175
685.833715,8.899e-29,3,6,1265,1175
685.84275,3.894e-29,4,6,1265,1175
685.87693,1.447e-28,3,6,1265,1175
685.889872,3.365e-30,3,6,1265,1175
685.92089,4.715e-29,4,6,1265,1175
685.9223,1.512e-29,3,6,1265,1175
685.933124,5.127e-28,3,6,1265,1175
685.934761,2.963e-30,3,6,1265,1175
685.936647,1.244e-30,3,6,1265,1175
685.941086,4.39e-29,3,6,1265,1175
685.943499,2.773e-23,4,7,1265,1175
685.946836,4.614e-30,3,6,1265,1175
685.953779,1.239e-28,3,6,1265,1175
685.969367,2.105e-27,3,6,1265,1175
685.969605,6.233e-21,3,7,1265,1175
685.975579,6.339e-29,3,6,1265,1175
685.977163,1.405e-28,3,6,1265,1175
685.996672,1.435e-27,3,6,1265,1175
685.999609,6.106e-26,3,6,1265,1175
686.013667,1.844e-24,4,7,1265,1175
686.022075,1.163e-30,3,6,1265,1175
686.034437,2.244e-26,3,6,1265,1175
686.060483,8.84e-30,3,6,1265,1175
686.06141,2.246e-28,3,6,1265,1175
686.074877,1.412e-28,3,6,1265,1175
686.082448,2.266e-23,4,7,1265,1175
686.097433,1.408e-29,3,6,1265,1175
686.097478,1.54e-30,3,6,1265,1175
686.173289,2.64e-29,4,6,1265,1175
686.178117,2.697e-30,3,6,1265,1175
686.209541,6.663e-30,3,6,1265,1175
686.214619,1.378e-24,4,7,1265,1175
686.217164,4.388e-25,4,6,1265,1175
686.219764,5.041e-24,4,7,1265,1175
686.22664,1.42e-27,3,6,1265,1175
686.239423,1.392e-27,4,6,1265,1175
686.248226,2.853e-25,4,6,1265,1175
686.25662,4.746e-30,3,6,1265,1175
686.28383,6.31e-30,3,6,1265,1175
686.28493,3.181e-30,3,6,1265,1175
686.289024,5.713e-30,3,6,1265,1175
686.299074,6.85e-30,3,6,1265,1175
686.304582,1.199e-28,3,6,1265,1175
686.310899,1.405e-29,3,6,1265,1175
686.351704,2.934e-27,3,6,1265,1175
686.365736,7.038e-29,3,6,1265,1175
686.375506,2.682e-26,3,6,1265,1175
686.386539,5.331e-25,3,6,1265,1175
686.420825,2.898e-25,4,6,1265,1175
686.421443,1.995e-26,3,6,1265,1175
686.424453,1.013e-24,4,7,1265,1175
686.435034,1.455e-29,4,6,1265,1175
686.451729,1.044e-30,3,6,1265,1175
686.454123,1.174e-24,4,6,1265,1175
686.455592,1.791e-29,4,6,1265,1175
686.474261,1.15e-27,3,6,1265,1175
686.487603,7.907e-29,3,6,1265,1175
686.488002,1.288e-28,3,6,1265,1175
686.499804,2.707e-28,3,6,1265,1175
686.506906,3.13e-22,5,7,1265,1175
686.516537,3.902e-22,4,7,1265,1175
686.541946,3.99e-25,4,6,1265,1175
686.542036,4.383e-30,3,6,1265,1175
686.549166,5.216e-30,3,6,1265,1175
686.614026,1.746e-30,3,6,1265,1175
686.64315,7.319e-25,4,7,1265,1175
686.660011,1.001e-29,3,6,1265,1175
686.665734,7.933e-29,3,6,1265,1175
686.666062,1.424e-30,3,6,1265,1175
686.669654,3.358e-26,4,7,1265,1175
686.676557,4.166e-27,4,7,1265,1175
686.677407,2.538e-24,4,7,1265,1175
686.689632,1.903e-26,3,6,1265,1175
686.69168,3.325e-30,3,6,1265,1175
686.694539,1.375e-28,3,6,1265,1175
686.697729,1.182e-30,3,6,1265,1175
686.706403,7.893e-30,4,6,1265,1175
686.710861,1.194e-28,3,6,1265,1175
686.726857,6.374e-27,3,6,1265,1175
686.733224,1.105e-30,3,6,1265,1175
686.746245,3.373e-27,4,6,1265,1175
686.7501,2.045e-29,4,6,1265,1175
686.763355,1.296e-29,3,6,1265,1175
686.776131,4.215e-30,3,6,1265,1175
686.776709,4.615e-28,3,6,1265,1175
686.779088,1.078e-30,3,6,1265,1175
686.790382,6.072e-29,3,6,1265,1175
686.793226,1.484e-27,4,6,1265,1175
686.793671,2.824e-29,4,6,1265,1175
686.795384,1.156e-28,3,6,1265,1175
686.810715,3.905e-30,3,6,1265,1175
686.814648,1.223e-30,3,6,1265,1175
686.816502,5.811e-26,3,6,1265,1175
686.828214,1.298e-27,3,6,1265,1175
686.834036,2.363e-30,4,6,1265,1175
686.838818,1.587e-29,3,6,1265,1175
686.843895,1.003e-27,3,6,1265,1175
686.855088,8.267e-30,3,6,1265,1175
686.866395,4.486e-29,3,7,1265,1175
686.868001,2.016e-26,3,6,1265,1175
686.870686,5.202e-25,4,7,1265,1175
686.871665,1.235e-30,3,6,1265,1175
686.886953,1.304e-25,4,7,1265,1175
686.897596,1.573e-29,3,6,1265,1175
686.898608,2.16e-23,4,7,1265,1175
686.987676,4.216e-30,3,6,1265,1175
687.007172,1.706e-26,4,6,1265,1175
687.009555,4.611e-25,4,6,1265,1175
687.012629,1.425e-29,3,6,1265,1175
687.015206,5.629e-24,4,7,1265,1175
687.023207,1.81e-26,4,6,1265,1175
687.02521,1.429e-27,3,6,1265,1175
687.028123,6.317e-30,3,6,1265,1175
687.038827,1.912e-30,3,6,1265,1175
687.073507,1.237e-27,4,6,1265,1175
687.083657,1.584e-26,4,6,1265,1175
687.08367,2.874e-30,3,6,1265,1175
687.083917,1.927e-26,4,6,1265,1175
687.090557,4.225e-30,3,6,1265,1175
687.090847,6.037e-30,3,6,1265,1175
687.099845,3.038e-30,3,6,1265,1175
687.10704,3.636e-25,4,7,1265,1175
687.110608,5.956e-21,3,7,1265,1175
687.111298,2.514e-23,4,7,1265,1175
687.114505,3.028e-29,3,6,1265,1175
687.122885,1.429e-30,3,6,1265,1175
687.154772,1.357e-19,3,7,1265,1175
687.166599,7.004e-29,3,6,1265,1175
687.169592,2.784e-27,3,6,1265,1175
687.171677,2.743e-26,3,6,1265,1175
687.174941,2.415e-27,3,6,1265,1175
687.193748,7.333e-25,4,7,1265,1175
687.23122,2.573e-25,4,6,1265,1175
687.261908,1.015e-28,3,6,1265,1175
687.26343,1.587e-30,3,6,1265,1175
687.271303,1.115e-24,4,6,1265,1175
687.271897,5.971e-27,3,6,1265,1175
687.272189,1.268e-29,3,6,1265,1175
687.27914,2.217e-30,3,6,1265,1175
687.291535,1.1e-27,3,6,1265,1175
687.295779,6.572e-29,4,6,1265,1175
687.318612,7.173e-29,3,6,1265,1175
687.333114,3.712e-22,3,7,1265,1175
687.352187,2.501e-25,4,7,1265,1175
687.367981,2.08e-30,3,6,1265,1175
687.382276,6.113e-30,3,6,1265,1175
687.414085,1.809e-30,3,6,1265,1175
687.467521,5.174e-29,3,6,1265,1175
687.492465,1.811e-30,3,6,1265,1175
687.494689,3.278e-30,3,6,1265,1175
687.499246,7.042e-29,3,6,1265,1175
687.513401,1.302e-28,3,6,1265,1175
687.521121,2.775e-24,4,7,1265,1175
687.536336,7.177e-28,3,6,1265,1175
687.537847,4.84e-28,4,6,1265,1175
687.556583,1.994e-23,4,7,1265,1175
687.572902,5.646e-21,3,7,1265,1175
687.574691,1.212e-30,3,6,1265,1175
687.580195,9.072e-29,3,6,1265,1175
687.581082,1.148e-30,3,6,1265,1175
687.606103,1.692e-25,4,7,1265,1175
687.606494,5.789e-29,3,6,1265,1175
687.606633,3.834e-30,3,6,1265,1175
687.608541,1.278e-30,3,6,1265,1175
687.613255,1.106e-29,3,6,1265,1175
687.618563,7.744e-29,3,6,1265,1175
687.629421,1.727e-28,3,6,1265,1175
687.633021,1.997e-30,3,6,1265,1175
687.634679,5.506e-26,3,6,1265,1175
687.660989,1.169e-27,3,6,1265,1175
687.662356,1.74e-29,3,6,1265,1175
687.663592,1.481e-30,3,6,1265,1175
687.70233,1.803e-26,3,6,1265,1175
687.716092,2.048e-23,4,7,1265,1175
687.724282,6.38e-30,3,6,1265,1175
687.784986,9.998e-29,3,6,1265,1175
687.788885,6.227e-24,4,7,1265,1175
687.789892,1.803e-30,3,6,1265,1175
687.80321,4.818e-25,4,6,1265,1175
687.825042,1.435e-27,3,6,1265,1175
687.828983,3.065e-25,4,6,1265,1175
687.841869,2.247e-30,3,6,1265,1175
687.847939,5.965e-30,3,6,1265,1175
687.868761,1.126e-25,4,7,1265,1175
687.889872,3.909e-28,3,6,1265,1175
687.90475,5.748e-30,3,6,1265,1175
687.904754,1.095e-27,4,6,1265,1175
687.916031,2.888e-30,3,6,1265,1175
687.925803,3.745e-30,3,6,1265,1175
687.94701,1.138e-28,3,6,1265,1175
687.968693,6.951e-29,3,6,1265,1175
687.969134,2.792e-26,3,6,1265,1175
687.970441,1.037e-30,3,6,1265,1175
687.980613,2.455e-30,3,6,1265,1175
687.988745,2.631e-27,3,6,1265,1175
687.988972,4.866e-25,3,6,1265,1175
688.027309,2.118e-27,4,7,1265,1175
688.037356,7.327e-29,3,6,1265,1175
688.089781,1.055e-24,4,6,1265,1175
688.097412,2.274e-25,4,6,1265,1175
688.108672,1.047e-27,3,6,1265,1175
688.110837,1.83e-26,3,6,1265,1175
688.118929,1.105e-29,3,6,1265,1175
688.126539,4.152e-22,5,7,1265,1175
688.140133,7.377e-26,4,7,1265,1175
688.144524,1.636e-30,3,6,1265,1175
688.150767,3.514e-22,3,7,1265,1175
688.150839,6.48e-29,3,6,1265,1175
688.159038,3.104e-25,4,6,1265,1175
688.171014,2.722e-30,3,6,1265,1175
688.219606,1.075e-30,3,6,1265,1175
688.231984,1.146e-30,3,6,1265,1175
688.232989,5.668e-27,3,6,1265,1175
688.235919,1.359e-30,3,6,1265,1175
688.245379,1.203e-30,3,6,1265,1175
688.246472,7.688e-30,3,6,1265,1175
688.259789,1.244e-30,3,6,1265,1175
688.268713,5.546e-26,4,7,1265,1175
688.27521,1.272e-30,3,6,1265,1175
688.277806,1.725e-26,3,6,1265,1175
688.284134,1.915e-24,4,7,1265,1175
688.291638,1.288e-30,3,6,1265,1175
688.298894,3.222e-30,3,6,1265,1175
688.306369,2.943e-30,3,6,1265,1175
688.309068,1.291e-30,3,6,1265,1175
688.312318,3.448e-27,4,6,1265,1175
688.327496,1.283e-30,3,6,1265,1175
688.33351,1.227e-28,3,6,1265,1175
688.333864,6.225e-29,3,6,1265,1175
688.342882,3.053e-28,3,6,1265,1175
688.346917,1.265e-30,3,6,1265,1175
688.355419,9.084e-28,4,6,1265,1175
688.358232,2.984e-30,3,6,1265,1175
688.367326,1.238e-30,3,6,1265,1175
688.368207,2.329e-29,3,7,1265,1175
688.371438,1.083e-28,3,6,1265,1175
688.388717,1.204e-30,3,6,1265,1175
688.389289,8.387e-29,3,6,1265,1175
688.397725,2.7e-27,3,6,1265,1175
688.404057,1.327e-30,3,6,1265,1175
688.411084,1.162e-30,3,6,1265,1175
688.42019,4.755e-26,4,7,1265,1175
688.423962,5.492e-29,3,6,1265,1175
688.43442,1.115e-30,3,6,1265,1175
688.438336,3.473e-30,3,6,1265,1175
688.445992,2.022e-30,3,6,1265,1175
688.454135,5.194e-26,3,6,1265,1175
688.455523,9.401e-30,3,6,1265,1175
688.45872,1.064e-30,3,6,1265,1175
688.46457,1.222e-29,3,6,1265,1175
688.479825,3.214e-30,3,6,1265,1175
688.483974,1.009e-30,3,6,1265,1175
688.489074,1.908e-29,3,6,1265,1175
688.494996,1.049e-27,3,6,1265,1175
688.507601,3.789e-29,4,6,1265,1175
688.52987,3.059e-29,4,6,1265,1175
688.534874,1.934e-23,4,7,1265,1175
688.538463,1.605e-26,3,6,1265,1175
688.558246,4.284e-30,4,6,1265,1175
688.598258,5.003e-25,4,6,1265,1175
688.601772,6.819e-24,4,7,1265,1175
688.610435,3.434e-30,3,6,1265,1175
688.626131,1.434e-27,3,6,1265,1175
688.62751,1.323e-26,4,6,1265,1175
688.631396,2.275e-29,3,6,1265,1175
688.637366,5.184e-29,4,6,1265,1175
688.668985,5.611e-30,3,6,1265,1175
688.678479,1.265e-22,3,7,1265,1175
688.687819,1.86e-26,4,6,1265,1175
688.69451,2.218e-22,3,7,1265,1175
688.700793,9.784e-25,4,7,1265,1175
688.708901,3.017e-26,4,7,1265,1175
688.713441,5.446e-30,3,6,1265,1175
688.719695,3.074e-22,3,7,1265,1175
688.722951,6.816e-28,3,6,1265,1175
688.726611,2.048e-25,4,7,1265,1175
688.733482,2.732e-30,3,6,1265,1175
688.74178,9.654e-28,4,6,1265,1175
688.754028,3.8e-22,4,7,1265,1175
688.755236,1.091e-28,4,6,1265,1175
688.757724,1.212e-19,3,7,1265,1175
688.762397,3.364e-30,3,3,1265,1176
688.767873,2.829e-26,3,6,1265,1175
688.768236,3.689e-30,3,6,1265,1175
688.772014,6.874e-29,3,6,1265,1175
688.775634,5.342e-21,5,7,1265,1175
688.797048,1.508e-26,4,6,1265,1175
688.797501,4.369e-22,4,7,1265,1175
688.809159,2.476e-27,3,6,1265,1175
688.810243,1.434e-30,3,6,1265,1175
688.813945,4.514e-29,3,6,1265,1175
688.82649,2.782e-26,4,6,1265,1175
688.843659,5.159e-27,3,6,1265,1175
688.850102,4.77e-22,3,7,1265,1175
688.851495,1.212e-29,3,6,1265,1175
688.892945,3.886e-30,3,6,1265,1175
688.904661,2.002e-25,4,6,1265,1175
688.90955,9.933e-25,4,6,1265,1175
688.911817,4.998e-22,3,7,1265,1175
688.914797,7.935e-30,3,6,1265,1175
688.929091,9.916e-28,3,6,1265,1175
688.970029,3.31e-22,4,7,1265,1175
688.982628,5.061e-22,3,7,1265,1175
688.984278,5.829e-29,3,6,1265,1175
688.993144,6.688e-30,3,6,1265,1175
688.996393,5.976e-29,3,6,1265,1175
689.006234,1.884e-26,4,7,1265,1175
689.007519,1.689e-30,3,6,1265,1175
689.036186,4.102e-30,3,6,1265,1175
689.062519,4.974e-22,3,7,1265,1175
689.104292,3.158e-30,3,6,1265,1175
689.140759,9.875e-28,3,6,1265,1175
689.151465,4.759e-22,3,7,1265,1175
689.154017,4.251e-30,3,6,1265,1175
689.154862,1.152e-28,3,6,1265,1175
689.167745,6.966e-30,3,6,1265,1175
689.17003,5.479e-29,3,6,1265,1175
689.17189,1.41e-23,4,7,1265,1175
689.179108,5.013e-21,3,7,1265,1175
689.186279,3.901e-28,3,6,1265,1175
689.200674,1.37e-30,3,6,1265,1175
689.208631,6.839e-28,3,6,1265,1175
689.209966,6.532e-29,3,6,1265,1175
689.227301,2.058e-29,3,6,1265,1175
689.23698,1.962e-29,3,6,1265,1175
689.242713,5.187e-29,3,6,1265,1175
689.243743,9.48e-28,3,6,1265,1175
689.249444,4.443e-22,4,7,1265,1175
689.271235,3.133e-30,3,6,1265,1175
689.274865,4.879e-26,3,6,1265,1175
689.275153,2.08e-28,3,6,1265,1175
689.283619,4.398e-30,3,6,1265,1175
689.290659,5.547e-28,3,6,1265,1175
689.290809,2.103e-24,4,7,1265,1175
689.291598,1.172e-27,3,6,1265,1175
689.308738,7.957e-30,3,6,1265,1175
689.312154,1.158e-26,4,7,1265,1175
689.320109,7.444e-28,4,6,1265,1175
689.330223,9.365e-28,3,6,1265,1175
689.352171,1.348e-27,3,6,1265,1175
689.354976,1.817e-23,4,7,1265,1175
689.356428,4.053e-22,4,7,1265,1175
689.359642,7.361e-24,4,7,1265,1175
689.368144,1.06e-27,4,7,1265,1175
689.375169,1.423e-26,3,6,1265,1175
689.393752,4.471e-30,3,6,1265,1175
689.394471,5.16e-25,4,6,1265,1175
689.403582,1.186e-30,3,6,1265,1175
689.407807,3.207e-25,4,6,1265,1175
689.425434,1.473e-27,3,6,1265,1175
689.428472,1.428e-27,3,6,1265,1175
689.452428,5.136e-23,4,7,1265,1175
689.472388,3.618e-22,3,7,1265,1175
689.491255,5.258e-30,3,6,1265,1175
689.500958,6.964e-29,3,6,1265,1175
689.510477,4.523e-30,3,6,1265,1175
689.51135,1.544e-27,3,6,1265,1175
689.531287,5.136e-30,3,6,1265,1175
689.552194,2.573e-30,3,6,1265,1175
689.567891,2.853e-26,3,6,1265,1175
689.575316,8.474e-28,4,6,1265,1175
689.576559,6.772e-29,3,6,1265,1175
689.591911,1.924e-29,3,6,1265,1175
689.594765,4.349e-25,3,6,1265,1175
689.59729,3.164e-22,3,7,1265,1175
689.598168,1.057e-28,3,6,1265,1175
689.599561,2.224e-30,3,6,1265,1175
689.600301,2.906e-30,3,6,1265,1175
689.609875,1.564e-27,3,6,1265,1175
689.612233,4.493e-30,3,6,1265,1175
689.626626,7.004e-27,4,7,1265,1175
689.630829,2.321e-27,3,6,1265,1175
689.63758,2.936e-27,3,6,1265,1175
689.7167,4.426e-30,3,6,1265,1175
689.72096,1.538e-27,3,6,1265,1175
689.730606,9.309e-25,4,6,1265,1175
689.7311,2.712e-22,3,7,1265,1175
689.744765,5.414e-22,3,7,1265,1175
689.748667,9.344e-28,3,6,1265,1175
689.748674,4.687e-27,3,6,1265,1175
689.779051,2.373e-25,4,6,1265,1175
689.779335,1.754e-25,4,6,1265,1175
689.790287,3.103e-22,3,7,1265,1175
689.809519,4.277e-30,3,6,1265,1175
689.810904,1.644e-26,3,6,1265,1175
689.818924,5.221e-29,3,6,1265,1175
689.833861,5.804e-30,3,6,1265,1175
689.844549,1.473e-27,3,6,1265,1175
689.861156,1.039e-30,3,6,1265,1175
689.861765,1.19e-29,3,7,1265,1175
689.867665,1.532e-26,3,6,1265,1175
689.869661,9.012e-26,4,7,1265,1175
689.873778,2.28e-22,3,7,1265,1175
689.880502,3.425e-27,4,6,1265,1175
689.892524,1.42e-24,4,7,1265,1175
689.902222,4.081e-30,3,6,1265,1175
689.909356,1.987e-28,3,6,1265,1175
689.910876,3.084e-30,3,6,1265,1175
689.919129,5.473e-28,4,6,1265,1175
689.939457,8.541e-30,3,6,1265,1175
689.949407,9.92e-29,3,6,1265,1175
689.949612,4.171e-27,4,7,1265,1175
689.956127,1.584e-28,3,6,1265,1175
689.977453,1.077e-28,3,6,1265,1175
689.980577,1.376e-27,3,6,1265,1175
689.985649,3.81e-30,3,6,1265,1175
689.999212,1.404e-30,3,6,1265,1175
690.007218,4.803e-29,3,6,1265,1175
690.023156,1.633e-30,3,6,1265,1175
690.025284,1.881e-22,3,7,1265,1175
690.062829,4.875e-29,3,6,1265,1175
690.066964,3.494e-30,3,6,1265,1175
690.069951,5.797e-29,3,6,1265,1175
690.073955,1.778e-29,3,6,1265,1175
690.075812,5.947e-30,3,6,1265,1175
690.080762,1.069e-29,3,6,1265,1175
690.086731,1.47e-29,3,6,1265,1175
690.092313,2.208e-29,3,6,1265,1175
690.093731,1.815e-29,3,6,1265,1175
690.096864,4.562e-26,3,6,1265,1175
690.101777,2.115e-29,3,6,1265,1175
690.105326,2.814e-30,3,6,1265,1175
690.110883,2.375e-29,3,6,1265,1175
690.121063,2.596e-29,3,6,1265,1175
690.128973,1.257e-27,3,6,1265,1175
690.132332,2.78e-29,3,6,1265,1175
690.140632,3.12e-30,3,6,1265,1175
690.144701,2.929e-29,3,6,1265,1175
690.151978,6.708e-30,3,6,1265,1175
690.158183,3.045e-29,3,6,1265,1175
690.166672,8.328e-28,3,6,1265,1175
690.172786,3.128e-29,3,6,1265,1175
690.176359,1.699e-23,4,7,1265,1175
690.183113,1.999e-30,3,6,1265,1175
690.185572,1.523e-22,3,7,1265,1175
690.188524,3.18e-29,3,6,1265,1175
690.192203,5.287e-25,4,6,1265,1175
690.197335,7.883e-24,4,7,1265,1175
690.205395,3.203e-29,3,6,1265,1175
690.210834,2.716e-30,3,6,1265,1175
690.212248,1.282e-24,4,7,1265,1175
690.213875,1.257e-26,3,6,1265,1175
690.218332,2.825e-30,3,6,1265,1175
690.220867,1.783e-28,4,6,1265,1175
690.223422,3.199e-29,3,6,1265,1175
690.232062,1.415e-27,3,6,1265,1175
690.242585,3.17e-29,3,6,1265,1175
690.250723,1.009e-26,4,6,1265,1175
690.262926,3.118e-29,3,6,1265,1175
690.264406,6.911e-29,4,6,1265,1175
690.27445,2.284e-30,3,6,1265,1175
690.281071,2.446e-27,4,7,1265,1175
690.282537,7.644e-30,4,6,1265,1175
690.284392,3.045e-29,3,6,1265,1175
690.288865,2.142e-26,4,6,1265,1175
690.289659,1.123e-27,3,6,1265,1175
690.307065,2.955e-29,3,6,1265,1175
690.314745,4.906e-30,3,6,1265,1175
690.330832,2.849e-29,3,6,1265,1175
690.333726,1.849e-30,3,6,1265,1175
690.341326,4.819e-30,3,6,1265,1175
690.354595,1.212e-22,4,7,1265,1175
690.355854,2.73e-29,3,6,1265,1175
690.363621,1.061e-19,3,7,1265,1175
690.369182,2.861e-26,3,6,1265,1175
690.37216,2.413e-30,3,6,1265,1175
690.38191,2.601e-29,3,6,1265,1175
690.382323,6.646e-29,3,6,1265,1175
690.387057,1.422e-30,3,6,1265,1175
690.409294,2.464e-29,3,6,1265,1175
690.414506,4.075e-27,3,6,1265,1175
690.415271,7.405e-28,4,6,1265,1175
690.416284,3.21e-29,3,6,1265,1175
690.437615,2.322e-29,3,6,1265,1175
690.439543,2.544e-30,3,6,1265,1175
690.448451,4.698e-21,3,7,1265,1175
690.45375,2.165e-27,3,6,1265,1175
690.462549,9.831e-28,3,6,1265,1175
690.46738,2.176e-29,3,6,1265,1175
690.472964,9.37e-29,4,6,1265,1175
690.49793,2.028e-29,3,6,1265,1175
690.517765,1.16e-26,4,6,1265,1175
690.527532,6.761e-29,3,6,1265,1175
690.530101,1.881e-29,3,6,1265,1175
690.532301,9.472e-23,3,7,1265,1175
690.552945,8.686e-25,4,6,1265,1175
690.559957,1.179e-30,3,6,1265,1175
690.559959,3.166e-25,4,7,1265,1175
690.562827,1.736e-29,3,6,1265,1175
690.567925,4.872e-30,3,6,1265,1175
690.572321,8.764e-28,3,6,1265,1175
690.582603,1.531e-25,4,6,1265,1175
690.593286,5.144e-29,4,6,1265,1175
690.597441,1.593e-29,3,6,1265,1175
690.600094,7.127e-30,3,6,1265,1175
690.603998,1.543e-30,3,6,1265,1175
690.612215,2.895e-22,3,7,1265,1175
690.614552,4.557e-28,3,6,1265,1175
690.619844,7.424e-30,3,6,1265,1175
690.620962,1.412e-27,4,7,1265,1175
690.624164,4.209e-26,4,6,1265,1175
690.632277,1.456e-29,3,6,1265,1175
690.647549,8.436e-28,3,6,1265,1175
690.654772,4.656e-29,3,6,1265,1175
690.669383,1.324e-29,3,6,1265,1175
690.697198,1.008e-29,3,6,1265,1175
690.698797,5.22e-28,4,7,1265,1175
690.701716,7.73e-28,3,6,1265,1175
690.706243,1.198e-29,3,6,1265,1175
690.718635,7.275e-23,3,7,1265,1175
690.718644,3.001e-30,3,6,1265,1175
690.74591,1.079e-29,3,6,1265,1175
690.745996,1.335e-27,3,6,1265,1175
690.784684,9.671e-30,3,6,1265,1175
690.788188,4.364e-21,3,7,1265,1175
690.789454,9.806e-24,4,7,1265,1175
690.79223,2.327e-29,3,6,1265,1175
690.798415,1.429e-30,3,6,1265,1175
690.801275,1.003e-28,3,6,1265,1175
690.827007,8.63e-30,3,6,1265,1175
690.84315,4.625e-29,3,6,1265,1175
690.844556,7.102e-28,3,6,1265,1175
690.846028,4.193e-29,3,6,1265,1175
690.867557,7.666e-30,3,6,1265,1175
690.884194,4.561e-29,3,6,1265,1175
690.894367,3.103e-27,3,6,1265,1175
690.912659,6.778e-30,3,6,1265,1175
690.913538,5.492e-23,3,7,1265,1175
690.914576,2.456e-28,3,6,1265,1175
690.917887,1.537e-30,3,6,1265,1175
690.920127,4.247e-26,3,6,1265,1175
690.929095,3.52e-30,3,6,1265,1175
690.932005,8.317e-24,4,7,1265,1175
690.940602,2.517e-30,3,6,1265,1175
690.949263,5.35e-30,3,6,1265,1175
690.954815,5.967e-30,3,6,1265,1175
690.969239,8.023e-28,4,7,1265,1175
690.978384,6.951e-30,3,6,1265,1175
690.98475,3.259e-25,4,6,1265,1175
690.990908,5.382e-25,4,6,1265,1175
690.999062,1.582e-23,4,7,1265,1175
691.002855,5.229e-30,3,6,1265,1175
691.004329,7.375e-28,3,6,1265,1175
691.008713,5.631e-30,3,6,1265,1175
691.015378,1.022e-22,3,7,1265,1175
691.016443,8.266e-30,3,6,1265,1175
691.036896,1.396e-27,3,6,1265,1175
691.046405,4.562e-30,3,6,1265,1175
691.052908,1.105e-26,3,6,1265,1175
691.053459,5.867e-28,3,6,1265,1175
691.062306,2.969e-30,3,6,1265,1175
691.063426,9.256e-30,3,6,1265,1175
691.069989,1.567e-24,4,7,1265,1175
691.097587,3.963e-30,3,6,1265,1175
691.099461,1.127e-27,4,6,1265,1175
691.116948,4.076e-23,3,7,1265,1175
691.119311,9.903e-30,3,6,1265,1175
691.139448,4.56e-30,3,6,1265,1175
691.142273,3.428e-30,3,6,1265,1175
691.163442,4.502e-30,3,6,1265,1175
691.171745,2.854e-26,3,6,1265,1175
691.184074,1.021e-29,3,6,1265,1175
691.1893,6.495e-29,3,6,1265,1175
691.193376,2.252e-30,3,6,1265,1175
691.196853,2.952e-30,3,6,1265,1175
691.203871,3.809e-25,3,6,1265,1175
691.213455,1.797e-30,3,6,1265,1175
691.222831,4.772e-29,3,6,1265,1175
691.242359,2.531e-30,3,6,1265,1175
691.251073,6.446e-28,4,6,1265,1175
691.257685,1.02e-29,3,6,1265,1175
691.25797,9.621e-29,3,6,1265,1175
691.27397,3.46e-27,3,6,1265,1175
691.274137,4.759e-28,3,6,1265,1175
691.277918,2.012e-27,3,6,1265,1175
691.280071,2.218e-30,3,6,1265,1175
691.300652,2.161e-30,3,6,1265,1175
691.325854,4.49e-28,4,7,1265,1175
691.328799,2.975e-23,3,7,1265,1175
691.340111,9.906e-30,3,6,1265,1175
691.346597,1.837e-30,3,6,1265,1175
691.346711,5.985e-30,3,7,1265,1175
691.361394,6.934e-22,3,7,1265,1175
691.366887,1.248e-29,3,6,1265,1175
691.376561,8.069e-25,4,6,1265,1175
691.394197,8.18e-28,3,6,1265,1175
691.401946,1.784e-25,4,6,1265,1175
691.408993,1.555e-30,3,6,1265,1175
691.42218,4.309e-30,3,6,1265,1175
691.431314,9.38e-30,3,6,1265,1175
691.435059,2.689e-22,3,7,1265,1175
691.45074,3.314e-27,4,6,1265,1175
691.454915,1.31e-30,3,6,1265,1175
691.459167,1.334e-26,3,6,1265,1175
691.46658,1.33e-25,4,6,1265,1175
691.47225,1.441e-25,4,7,1265,1175
691.47619,1.273e-28,3,6,1265,1175
691.48447,3.246e-28,4,6,1265,1175
691.491816,4.136e-29,3,6,1265,1175
691.502575,1.036e-24,4,7,1265,1175
691.506463,3.792e-28,3,6,1265,1175
691.515698,3.154e-28,3,6,1265,1175
691.521572,1.448e-26,3,6,1265,1175
691.521889,1.1e-30,3,6,1265,1175
691.527589,2.909e-30,3,6,1265,1175
691.529243,8.905e-29,3,6,1265,1175
691.531253,8.676e-30,3,6,1265,1175
691.54902,2.135e-23,3,7,1265,1175
691.600108,1.446e-30,3,6,1265,1175
691.626326,9.304e-29,3,6,1265,1175
691.639879,7.849e-30,3,6,1265,1175
691.683041,2.545e-29,3,6,1265,1175
691.685756,3.644e-29,3,6,1265,1175
691.690759,2.474e-28,4,7,1265,1175
691.692419,2.866e-28,4,6,1265,1175
691.706944,4.247e-29,3,6,1265,1175
691.707239,2.451e-29,3,6,1265,1175
691.727852,1.651e-24,4,7,1265,1175
691.744649,3.937e-26,3,6,1265,1175
691.750295,2.969e-28,3,6,1265,1175
691.752711,3.942e-29,3,6,1265,1175
691.75714,6.954e-30,3,6,1265,1175
691.772439,6.49e-30,3,6,1265,1175
691.777057,2.242e-30,3,6,1265,1175
691.777537,1.507e-23,4,7,1265,1175
691.791375,5.443e-25,4,6,1265,1175
691.801846,8.74e-24,4,7,1265,1175
691.823024,1.466e-23,4,7,1265,1175
691.84297,1.371e-27,3,6,1265,1175
691.8432,6.504e-28,3,6,1265,1175
691.852654,4.708e-30,3,6,1265,1175
691.876771,7.563e-27,4,6,1265,1175
691.88298,6.038e-30,3,6,1265,1175
691.886663,2.417e-26,4,6,1265,1175
691.894195,9.671e-27,3,6,1265,1175
691.965362,4.221e-30,3,6,1265,1175
691.972426,9.101e-20,3,7,1265,1175
691.974443,4.185e-30,3,6,1265,1175
691.975571,2.832e-26,3,6,1265,1175
691.982918,3.882e-30,3,6,1265,1175
691.984434,2.76e-27,3,6,1265,1175
691.997487,6.32e-29,3,6,1265,1175
692.005487,2.284e-28,3,6,1265,1175
692.006586,1.342e-29,4,6,1265,1175
692.014271,1.047e-23,4,7,1265,1175
692.015836,2.093e-30,3,6,1265,1175
692.016372,1.317e-30,3,6,1265,1175
692.017334,5.142e-30,3,6,1265,1175
692.019001,2.531e-28,4,7,1265,1175
692.020209,1.241e-28,4,6,1265,1175
692.060777,7.484e-29,3,6,1265,1175
692.063899,1.342e-28,4,7,1265,1175
692.080965,7.706e-30,3,6,1265,1175
692.093931,5.586e-28,4,6,1265,1175
692.09418,1.253e-30,3,6,1265,1175
692.103326,1.861e-27,3,6,1265,1175
692.121956,1.926e-30,3,6,1265,1175
692.122603,1.058e-27,3,6,1265,1175
692.129013,4.052e-21,3,7,1265,1175
692.160136,4.297e-30,3,6,1265,1175
692.167952,3.182e-27,3,6,1265,1175
692.19329,4.456e-29,3,6,1265,1175
692.20145,7.462e-25,4,6,1265,1175
692.203177,7.378e-30,3,6,1265,1175
692.203434,1.381e-30,3,6,1265,1175
692.221203,7.601e-28,3,6,1265,1175
692.238913,2.921e-30,3,6,1265,1175
692.246005,8.774e-27,4,6,1265,1175
692.259136,7.153e-24,4,7,1265,1175
692.259634,2.486e-22,4,7,1265,1175
692.264972,1.151e-25,4,6,1265,1175
692.271877,1.728e-28,3,6,1265,1175
692.30061,1.668e-28,4,6,1265,1175
692.304088,1.78e-30,3,6,1265,1175
692.31131,3.525e-30,3,6,1265,1175
692.33005,3.658e-29,3,6,1265,1175
692.337707,2.808e-30,3,6,1265,1175
692.351673,1.775e-27,3,6,1265,1175
692.357104,2.53e-29,3,6,1265,1175
692.381171,1.913e-30,3,6,1265,1175
692.386737,4.819e-25,4,7,1265,1175
692.400105,3.727e-21,3,7,1265,1175
692.401698,1.454e-30,3,6,1265,1175
692.409308,6.71e-24,4,7,1265,1175
692.415957,6.264e-26,4,6,1265,1175
692.426991,2.198e-30,3,6,1265,1175
692.445218,7.172e-29,4,7,1265,1175
692.452599,8.592e-29,3,6,1265,1175
692.465082,1.546e-30,3,6,1265,1175
692.470776,2.841e-30,3,6,1265,1175
692.479803,3.222e-29,3,6,1265,1175
692.498571,4.914e-30,3,6,1265,1175
692.505938,9.037e-24,4,7,1265,1175
692.512046,4.809e-24,4,7,1265,1175
692.518715,2.997e-28,3,6,1265,1175
692.527201,3.155e-29,3,6,1265,1175
692.530895,3.938e-29,3,6,1265,1175
692.532249,3.891e-30,3,6,1265,1175
692.547895,2.838e-28,3,6,1265,1175
692.549225,8.196e-30,3,6,1265,1175
692.549295,1.285e-28,3,6,1265,1175
692.559859,3.203e-25,4,6,1265,1175
692.570426,3.634e-26,3,6,1265,1175
692.580056,1.503e-22,3,7,1265,1175
692.58277,9.408e-30,3,6,1265,1175
692.592476,5.471e-25,4,6,1265,1175
692.614686,1.989e-30,3,6,1265,1175
692.638447,2.249e-30,3,6,1265,1175
692.645479,8.519e-29,4,6,1265,1175
692.64831,1.352e-23,4,7,1265,1175
692.650278,1.34e-27,3,6,1265,1175
692.679672,1.603e-29,3,6,1265,1175
692.683264,5.711e-28,3,6,1265,1175
692.713149,3.92e-30,3,6,1265,1175
692.724615,1.386e-28,3,6,1265,1175
692.729837,2.456e-28,3,6,1265,1175
692.7355,8.431e-27,3,6,1265,1175
692.736308,3.364e-28,3,6,1265,1175
692.744125,4.161e-28,3,6,1265,1175
692.753051,4.866e-28,3,6,1265,1175
692.763481,5.489e-28,3,6,1265,1175
692.772906,3.182e-24,4,7,1265,1175
692.774708,6.031e-28,3,6,1265,1175
692.77893,1.037e-30,3,6,1265,1175
692.780662,2.796e-26,3,6,1265,1175
692.787821,6.496e-28,3,6,1265,1175
692.789368,2.488e-29,3,6,1265,1175
692.792479,3.892e-30,3,6,1265,1175
692.80113,6.884e-28,3,6,1265,1175
692.801217,3.874e-30,3,6,1265,1175
692.806879,6.124e-29,3,6,1265,1175
692.808914,2.046e-27,3,6,1265,1175
692.814229,1.75e-30,3,6,1265,1175
692.81624,3.271e-25,3,6,1265,1175
692.817071,7.195e-28,3,6,1265,1175
692.822687,2.963e-30,3,7,1265,1175
692.832168,7.433e-28,3,6,1265,1175
692.834655,3.773e-29,3,7,1265,1175
692.837558,9.399e-29,3,6,1265,1175
692.839535,1.936e-30,3,6,1265,1175
692.851178,7.598e-28,3,6,1265,1175
692.858643,1.147e-24,4,7,1265,1175
692.867682,7.694e-28,3,6,1265,1175
692.875422,1.679e-27,4,6,1265,1175
692.885821,1.257e-30,3,6,1265,1175
692.890119,7.725e-28,3,6,1265,1175
692.903571,1.411e-30,3,6,1265,1175
692.907542,7.693e-28,3,6,1265,1175
692.911963,3.578e-29,3,6,1265,1175
692.926325,8.583e-29,3,6,1265,1175
692.92997,1.715e-27,3,6,1265,1175
692.931992,4.822e-28,4,6,1265,1175
692.933898,7.606e-28,3,6,1265,1175
692.950643,3.217e-29,3,6,1265,1175
692.95163,7.465e-28,3,6,1265,1175
692.965167,1.665e-30,3,6,1265,1175
692.976243,8.723e-22,3,7,1265,1175
692.982551,7.28e-28,3,6,1265,1175
692.998021,1.339e-30,3,6,1265,1175
692.999836,7.053e-28,3,6,1265,1175
693.011434,3.146e-30,3,6,1265,1175
693.022972,3.13e-27,4,6,1265,1175
693.027605,6.87e-25,4,6,1265,1175
693.027682,1.319e-25,4,6,1265,1175
693.036139,6.793e-28,3,6,1265,1175
693.041618,2.071e-24,4,7,1265,1175
693.043449,8.024e-29,3,6,1265,1175
693.045206,7.029e-28,3,6,1265,1175
693.047572,4.823e-29,3,6,1265,1175
693.051553,1.895e-28,4,6,1265,1175
693.052057,6.501e-28,3,6,1265,1175
693.052272,1.14e-26,3,6,1265,1175
693.076191,4.64e-28,3,6,1265,1175
693.076241,2.267e-25,4,7,1265,1175
693.085048,2.287e-22,3,7,1265,1175
693.094749,6.189e-28,3,6,1265,1175
693.108193,5.856e-28,3,6,1265,1175
693.110893,7.838e-29,3,6,1265,1175
693.114288,7.43e-25,4,7,1265,1175
693.136472,6.761e-29,3,6,1265,1175
693.148993,2.7e-30,3,6,1265,1175
693.158492,5.515e-28,3,6,1265,1175
693.159126,9.915e-26,4,6,1265,1175
693.16814,5.161e-28,3,6,1265,1175
693.169469,3.222e-29,3,6,1265,1175
693.169648,4.531e-28,4,6,1265,1175
693.189715,1.007e-30,3,6,1265,1175
693.196321,6.144e-29,3,6,1265,1175
693.206745,1.453e-30,3,6,1265,1175
693.213739,2.385e-29,3,6,1265,1175
693.227496,4.811e-28,3,6,1265,1175
693.231792,4.455e-28,3,6,1265,1175
693.232145,1.955e-29,3,7,1265,1175
693.242762,1.251e-26,3,6,1265,1175
693.247359,2.086e-24,4,7,1265,1175
693.28009,7.902e-29,3,6,1265,1175
693.291628,3.581e-29,3,6,1265,1175
693.299036,3.769e-28,3,6,1265,1175
693.30191,4.112e-28,3,6,1265,1175
693.318076,1.327e-24,4,7,1265,1175
693.328492,1.208e-28,4,7,1265,1175
693.333761,2.626e-29,3,6,1265,1175
693.356265,3.634e-29,3,6,1265,1175
693.358346,7.446e-29,3,6,1265,1175
693.369436,2.72e-29,3,6,1265,1175
693.369747,3.128e-28,3,6,1265,1175
693.381897,3.446e-28,3,6,1265,1175
693.395756,5.466e-25,4,6,1265,1175
693.397452,3.34e-26,3,6,1265,1175
693.415253,9.348e-24,4,7,1265,1175
693.437446,2.638e-29,3,6,1265,1175
693.443793,2.546e-28,3,6,1265,1175
693.445831,4.785e-29,3,6,1265,1175
693.453484,1.757e-30,3,6,1265,1175
693.458204,3.161e-27,3,6,1265,1175
693.458818,1.303e-27,3,6,1265,1175
693.467641,2.833e-28,3,6,1265,1175
693.47483,1.242e-23,4,7,1265,1175
693.481086,2.668e-26,4,6,1265,1175
693.50365,7.802e-30,3,6,1265,1175
693.505614,5.575e-27,4,6,1265,1175
693.521027,2.034e-28,3,6,1265,1175
693.524533,4.994e-28,3,6,1265,1175
693.526342,1.975e-30,3,6,1265,1175
693.533792,8.628e-29,3,6,1265,1175
693.551458,7.766e-30,3,6,1265,1175
693.552893,1.422e-27,3,6,1265,1175
693.553433,1.305e-27,3,6,1265,1175
693.557484,3.251e-30,3,6,1265,1175
693.559338,2.286e-28,3,6,1265,1175
693.579382,7.319e-27,3,6,1265,1175
693.584101,7.662e-20,3,7,1265,1175
693.587006,2.746e-26,3,6,1265,1175
693.595983,8.097e-29,3,6,1265,1175
693.60129,1.596e-28,3,6,1265,1175
693.60217,8.371e-25,4,7,1265,1175
693.61273,3.568e-30,3,6,1265,1175
693.617471,5.908e-29,3,6,1265,1175
693.617815,4.849e-30,3,6,1265,1175
693.620795,3.573e-30,3,6,1265,1175
693.63762,9.979e-30,3,7,1265,1175
693.657202,1.811e-28,3,6,1265,1175
693.664467,1.784e-30,3,6,1265,1175
693.678474,1.268e-30,3,6,1265,1175
693.684405,1.23e-28,3,6,1265,1175
693.722816,9.597e-29,3,6,1265,1175
693.730079,2.321e-29,4,6,1265,1175
693.739586,5.247e-30,3,6,1265,1175
693.757845,1.573e-27,3,6,1265,1175
693.761465,1.409e-28,3,6,1265,1175
693.765413,3.331e-29,3,6,1265,1175
693.770183,9.309e-29,3,6,1265,1175
693.774718,2.194e-28,4,6,1265,1175
693.777714,4.144e-28,4,6,1265,1175
693.802439,7.392e-30,3,6,1265,1175
693.805731,1.21e-30,3,6,1265,1175
693.809599,1.459e-30,3,3,1265,1176
693.817273,3.43e-21,3,7,1265,1175
693.855023,6.298e-25,4,6,1265,1175
693.858414,6.924e-29,3,6,1265,1175
693.872371,1.076e-28,3,6,1265,1175
693.875714,6.472e-28,3,6,1265,1175
693.893785,5.197e-25,4,7,1265,1175
693.912244,2.095e-22,3,7,1265,1175
693.921876,2.659e-29,3,6,1265,1175
693.92558,1.028e-28,3,6,1265,1175
693.92954,1.51e-30,3,6,1265,1175
693.947796,1.682e-30,3,6,1265,1175
693.948871,5.061e-29,3,6,1265,1175
693.951693,8.513e-26,4,6,1265,1175
693.957436,2.318e-27,3,6,1265,1175
693.961441,2.585e-30,3,6,1265,1175
693.962231,6.085e-29,3,6,1265,1175
693.981702,6.527e-27,4,6,1265,1175
693.990186,8.084e-29,3,6,1265,1175
694.003125,2.424e-29,3,6,1265,1175
694.008898,5.007e-30,3,6,1265,1175
694.00973,1.142e-30,3,6,1265,1175
694.010068,2.826e-29,3,6,1265,1175
694.01045,1.443e-30,3,6,1265,1175
694.013748,2.545e-30,3,6,1265,1175
694.014821,3.124e-21,3,7,1265,1175
694.031488,4.517e-24,4,7,1265,1175
694.041307,3.636e-29,3,6,1265,1175
694.049345,2.645e-30,3,6,1265,1175
694.051006,5.016e-30,3,7,1265,1175
694.081406,9.493e-24,4,7,1265,1175
694.094985,2.282e-29,3,6,1265,1175
694.108793,7.238e-29,3,6,1265,1175
694.115188,5.966e-29,3,6,1265,1175
694.119979,2.208e-29,3,6,1265,1175
694.120448,2.922e-28,4,6,1265,1175
694.133169,3.026e-25,4,6,1265,1175
694.135453,2.568e-29,3,6,1265,1175
694.142259,1.063e-28,3,6,1265,1175
694.146429,1.935e-22,3,7,1265,1175
694.175293,3.209e-28,3,6,1265,1175
694.182773,3.339e-29,3,6,1265,1175
694.192798,3.176e-25,4,7,1265,1175
694.199131,5.429e-25,4,6,1265,1175
694.201611,9.172e-26,4,6,1265,1175
694.206694,7.218e-25,4,7,1265,1175
694.213509,2.335e-29,3,6,1265,1175
694.225721,3.056e-26,3,6,1265,1175
694.231019,1.783e-29,3,6,1265,1175
694.247674,4.329e-29,3,6,1265,1175
694.249562,2.053e-30,3,6,1265,1175
694.268584,1.262e-27,3,6,1265,1175
694.289333,1.444e-30,3,7,1265,1175
694.293444,1.546e-30,3,6,1265,1175
694.302681,1.135e-23,4,7,1265,1175
694.32769,1.218e-29,3,6,1265,1175
694.353529,5.915e-28,3,6,1265,1175
694.366983,4.349e-28,3,6,1265,1175
694.373032,1.064e-28,3,6,1265,1175
694.387958,3.088e-29,3,6,1265,1175
694.394608,2.684e-26,3,6,1265,1175
694.407032,6.524e-30,3,6,1265,1175
694.422012,2.685e-30,3,6,1265,1175
694.422897,6.327e-27,3,6,1265,1175
694.425124,8.174e-30,3,6,1265,1175
694.429258,5.674e-29,3,6,1265,1175
694.431823,2.756e-25,3,6,1265,1175
694.434298,1.538e-29,3,6,1265,1175
694.435441,1.939e-28,3,6,1265,1175
694.444619,3.273e-30,3,6,1265,1175
694.450304,3.267e-30,3,6,1265,1175
694.472134,1.282e-30,3,6,1265,1175
694.472225,2.483e-30,3,7,1265,1175
694.472377,3.625e-30,3,6,1265,1175
694.490626,1.636e-30,3,6,1265,1175
694.49908,1.911e-25,4,7,1265,1175
694.522954,5.396e-30,3,6,1265,1175
694.53637,2.165e-29,3,6,1265,1175
694.586945,1.437e-27,3,6,1265,1175
694.58914,1.077e-21,3,7,1265,1175
694.597135,2.89e-27,4,6,1265,1175
694.601627,2.259e-30,3,6,1265,1175
694.603133,7.511e-29,3,6,1265,1175
694.611196,4.979e-29,3,6,1265,1175
694.618038,3.548e-28,4,6,1265,1175
694.618089,1.032e-28,3,6,1265,1175
694.620493,1.089e-28,4,6,1265,1175
694.620781,3.503e-30,3,6,1265,1175
694.627006,5.68e-29,3,7,1265,1175
694.637567,5.976e-28,3,6,1265,1175
694.646936,9.56e-27,3,6,1265,1175
694.647535,2.463e-27,4,6,1265,1175
694.649012,1.981e-30,3,6,1265,1175
694.652312,7.046e-28,4,6,1265,1175
694.655385,1.252e-30,3,3,1265,1176
694.656217,9.587e-26,4,6,1265,1175
694.656747,8.264e-25,4,7,1265,1175
694.671755,1.049e-30,3,6,1265,1175
694.67897,6.288e-30,3,6,1265,1175
694.681402,3.509e-25,4,7,1265,1175
694.683698,5.748e-25,4,6,1265,1175
694.684427,2.134e-29,3,6,1265,1175
694.686109,1.389e-28,4,6,1265,1175
694.693256,1.494e-29,3,6,1265,1175
694.694305,6.767e-29,3,6,1265,1175
694.70164,5.93e-28,3,6,1265,1175
694.718177,2.237e-30,3,6,1265,1175
694.727662,5.243e-25,4,7,1265,1175
694.740214,1.911e-22,3,7,1265,1175
694.764995,3.036e-27,3,6,1265,1175
694.770534,2.588e-24,4,7,1265,1175
694.775047,2.465e-30,3,6,1265,1175
694.783088,1.021e-29,3,6,1265,1175
694.7935,2.486e-29,3,6,1265,1175
694.812495,1.132e-25,4,7,1265,1175
694.814678,1.405e-30,3,6,1265,1175
694.817232,2.143e-30,3,6,1265,1175
694.819129,1.426e-30,3,6,1265,1175
694.851839,2.468e-29,3,6,1265,1175
694.856957,7.27e-26,4,6,1265,1175
694.858976,1.013e-29,3,6,1265,1175
694.870135,1.072e-29,3,6,1265,1175
694.877625,9.722e-29,3,6,1265,1175
694.899526,4.957e-29,3,6,1265,1175
694.901192,1.211e-30,3,7,1265,1175
694.938702,6.601e-29,3,6,1265,1175
694.971777,2.726e-29,3,6,1265,1175
694.974385,1.061e-26,3,6,1265,1175
694.992176,1.877e-27,3,6,1265,1175
695.005336,5.361e-25,4,6,1265,1175
695.010752,3.054e-29,3,6,1265,1175
695.031633,7.565e-30,3,6,1265,1175
695.033906,6.761e-30,3,6,1265,1175
695.037497,9.69e-24,4,7,1265,1175
695.046664,1.794e-29,3,6,1265,1175
695.05523,2.785e-26,3,6,1265,1175
695.058216,1.997e-29,3,6,1265,1175
695.072019,2.88e-26,4,6,1265,1175
695.074165,4.046e-28,3,6,1265,1175
695.079571,1.216e-27,3,6,1265,1175
695.094624,2.153e-30,3,6,1265,1175
695.124037,1.736e-29,3,6,1265,1175
695.131734,1.033e-23,4,7,1265,1175
695.1329,6.599e-26,4,7,1265,1175
695.133015,8.55e-29,3,6,1265,1175
695.134562,1.354e-30,3,6,1265,1175
695.13721,4.043e-27,4,6,1265,1175
695.141077,6.664e-30,3,6,1265,1175
695.151841,8.903e-29,3,6,1265,1175
695.19861,6.332e-20,3,7,1265,1175
695.203451,2.609e-26,3,6,1265,1175
695.209341,2.952e-29,3,6,1265,1175
695.210629,3.772e-28,3,6,1265,1175
695.215035,1.19e-30,3,6,1265,1175
695.218433,4.438e-30,3,6,1265,1175
695.242235,5.426e-29,3,6,1265,1175
695.256122,2.988e-30,3,6,1265,1175
695.266398,2.209e-30,3,6,1265,1175
695.266796,1.294e-30,3,6,1265,1175
695.269395,5.447e-27,3,6,1265,1175
695.281002,2.976e-30,3,6,1265,1175
695.318007,1.494e-30,3,6,1265,1175
695.358943,4.771e-29,3,6,1265,1175
695.397921,7.128e-30,3,6,1265,1175
695.410784,1.04e-30,3,6,1265,1175
695.412958,2.866e-30,3,6,1265,1175
695.417266,1.307e-27,3,6,1265,1175
695.440945,7.934e-29,3,6,1265,1175
695.452715,3.948e-29,4,6,1265,1175
695.460145,3.789e-26,4,7,1265,1175
695.466567,3.024e-28,4,6,1265,1175
695.475512,3.563e-30,3,6,1265,1175
695.486499,2.712e-29,3,6,1265,1175
695.488176,6.974e-30,3,6,1265,1175
695.491782,6.323e-30,3,6,1265,1175
695.496231,7.575e-29,3,6,1265,1175
695.50244,1.069e-30,3,3,1265,1176
695.507968,4.284e-30,3,6,1265,1175
695.51318,2.851e-21,3,7,1265,1175
695.513625,5.223e-25,4,6,1265,1175
695.527649,3.819e-28,4,6,1265,1175
695.535834,5.411e-28,3,6,1265,1175
695.561616,3.465e-30,3,6,1265,1175
695.562948,2.973e-27,3,6,1265,1175
695.570001,1.734e-22,4,7,1265,1175
695.584874,2.554e-29,3,6,1265,1175
695.589804,2.34e-30,3,6,1265,1175
695.617887,1.821e-30,3,6,1265,1175
695.621953,1.182e-28,3,6,1265,1175
695.624592,1.401e-30,3,6,1265,1175
695.632299,2.572e-21,3,7,1265,1175
695.642696,6.191e-26,4,6,1265,1175
695.646667,4.791e-30,3,6,1265,1175
695.65603,2.991e-24,4,7,1265,1175
695.658368,9.679e-24,4,7,1265,1175
695.694779,2.147e-29,3,6,1265,1175
695.70471,2.723e-25,4,6,1265,1175
695.714461,2.3e-22,4,7,1265,1175
695.722937,8.174e-29,3,6,1265,1175
695.724782,4.776e-27,4,6,1265,1175
695.736836,1.811e-28,3,6,1265,1175
695.745149,6.889e-29,3,6,1265,1175
695.749235,1.933e-30,3,6,1265,1175
695.763727,1.488e-29,3,6,1265,1175
695.769813,5.996e-29,3,6,1265,1175
695.794073,2.142e-26,4,7,1265,1175
695.794941,3.866e-30,3,6,1265,1175
695.796943,3.545e-28,3,6,1265,1175
695.81082,5.264e-25,4,6,1265,1175
695.833637,1.138e-30,3,6,1265,1175
695.839783,2.781e-29,3,6,1265,1175
695.841587,2.725e-28,3,6,1265,1175
695.862541,4.213e-28,3,6,1265,1175
695.883449,2.71e-30,3,6,1265,1175
695.885971,2.526e-26,3,6,1265,1175
695.886357,1.668e-30,3,6,1265,1175
695.891774,1.167e-27,3,6,1265,1175
695.904912,1.7e-29,3,6,1265,1175
695.914283,2.628e-29,3,7,1265,1175
695.932618,5.042e-28,4,6,1265,1175
695.936888,4.029e-28,3,6,1265,1175
695.960599,1.604e-30,3,6,1265,1175
695.962134,9.366e-24,4,7,1265,1175
695.97683,1.182e-30,3,6,1265,1175
695.980881,1.321e-25,4,6,1265,1175
696.013549,2.524e-26,3,6,1265,1175
696.019597,1.064e-24,4,7,1265,1175
696.023398,5.852e-28,3,6,1265,1175
696.050563,2.28e-25,3,6,1265,1175
696.055439,3.257e-28,3,6,1265,1175
696.056397,5.166e-29,3,6,1265,1175
696.062453,1.303e-30,3,6,1265,1175
696.064672,5.832e-29,3,6,1265,1175
696.088203,2.812e-27,3,6,1265,1175
696.093659,2.717e-30,3,6,1265,1175
696.101747,8.347e-28,3,6,1265,1175
696.112882,2.699e-30,3,6,1265,1175
696.115049,4.67e-27,3,6,1265,1175
696.134518,1.192e-26,4,7,1265,1175
696.135274,1.81e-30,3,6,1265,1175
696.140176,1.078e-27,4,6,1265,1175
696.146605,1.358e-30,3,6,1265,1175
696.16057,1.111e-30,3,6,1265,1175
696.172541,1.169e-27,3,6,1265,1175
696.173161,2.611e-27,4,6,1265,1175
696.179502,3.041e-29,3,6,1265,1175
696.191402,6.158e-29,4,6,1265,1175
696.192361,1.256e-30,3,6,1265,1175
696.192763,1.595e-30,3,6,1265,1175
696.199777,7.106e-28,3,6,1265,1175
696.199922,1.306e-21,3,7,1265,1175
696.236355,1.608e-27,3,6,1265,1175
696.243115,7.873e-27,3,6,1265,1175
696.248801,1.184e-27,3,6,1265,1175
696.26719,1.688e-30,3,6,1265,1175
696.270047,5.084e-30,3,6,1265,1175
696.27404,3.009e-30,3,6,1265,1175
696.279422,5.734e-29,3,6,1265,1175
696.287505,5.344e-25,4,7,1265,1175
696.28751,6.855e-26,4,6,1265,1175
696.288288,6.452e-29,3,6,1265,1175
696.293736,2.172e-27,3,6,1265,1175
696.29716,3.151e-24,4,7,1265,1175
696.309179,2.568e-28,4,6,1265,1175
696.342699,3.639e-25,4,7,1265,1175
696.344798,4.726e-25,4,6,1265,1175
696.345203,2.88e-27,3,6,1265,1175
696.363438,4.913e-28,3,6,1265,1175
696.36471,1.235e-28,3,6,1265,1175
696.377255,2.62e-29,3,6,1265,1175
696.391244,3.748e-27,3,6,1265,1175
696.399733,4.818e-29,3,6,1265,1175
696.400523,1.568e-22,3,7,1265,1175
696.405708,2.213e-30,3,6,1265,1175
696.41537,3.555e-27,4,6,1265,1175
696.424216,1.393e-29,3,6,1265,1175
696.432321,4.786e-27,3,6,1265,1175
696.437272,1.368e-30,3,6,1265,1175
696.44006,2.432e-27,3,6,1265,1175
696.46427,5.854e-25,4,7,1265,1175
696.468865,5.996e-27,3,6,1265,1175
696.481307,6.536e-27,4,7,1265,1175
696.501281,7.367e-27,3,6,1265,1175
696.506552,6.747e-29,3,6,1265,1175
696.521759,7.073e-30,3,6,1265,1175
696.529944,8.873e-27,3,6,1265,1175
696.53888,1.86e-29,3,6,1265,1175
696.555204,1.047e-26,3,6,1265,1175
696.56005,5.243e-26,4,6,1265,1175
696.577384,1.21e-26,3,6,1265,1175
696.596782,1.368e-26,3,6,1265,1175
696.60212,5.424e-29,3,6,1265,1175
696.61367,1.513e-26,3,6,1265,1175
696.620103,5.142e-25,4,6,1265,1175
696.621167,2.753e-29,3,6,1265,1175
696.628297,1.632e-26,3,6,1265,1175
696.638471,1.801e-30,3,6,1265,1175
696.640886,1.717e-26,3,6,1265,1175
696.65164,1.755e-26,3,6,1265,1175
696.6522,4.44e-28,3,6,1265,1175
696.658843,1.035e-30,3,6,1265,1175
696.659354,3.035e-26,4,6,1265,1175
696.660737,1.74e-26,3,6,1265,1175
696.668335,1.663e-26,3,6,1265,1175
696.668513,9.767e-24,4,7,1265,1175
696.670362,2.522e-29,3,6,1265,1175
696.671747,8.793e-29,3,6,1265,1175
696.674569,1.521e-26,3,6,1265,1175
696.679555,1.315e-26,3,6,1265,1175
696.683386,1.045e-26,3,6,1265,1175
696.686137,7.138e-27,3,6,1265,1175
696.687862,3.02e-27,3,6,1265,1175
696.700567,2.049e-30,3,6,1265,1175
696.703079,5.228e-27,3,6,1265,1175
696.705189,1.114e-27,3,6,1265,1175
696.714863,2.23e-28,4,6,1265,1175
696.716346,8.839e-27,3,6,1265,1175
696.717941,2.282e-26,3,6,1265,1175
696.722826,3.204e-30,3,6,1265,1175
696.724806,8.895e-27,3,6,1265,1175
696.750557,3.886e-29,3,6,1265,1175
696.752052,1.442e-29,3,6,1265,1175
696.756187,1.193e-26,3,6,1265,1175
696.77152,2.884e-27,4,6,1265,1175
696.793695,8.451e-24,4,7,1265,1175
696.797221,1.438e-26,3,6,1265,1175
696.812382,1.125e-29,3,6,1265,1175
696.815914,5.138e-20,3,7,1265,1175
696.820243,1.027e-30,3,6,1265,1175
696.824871,2.43e-26,3,6,1265,1175
696.827073,1.838e-30,3,6,1265,1175
696.834257,3.528e-27,4,7,1265,1175
696.847905,1.62e-26,3,6,1265,1175
696.8591,1.309e-30,3,6,1265,1175
696.871739,4.897e-29,3,6,1265,1175
696.90144,2.801e-28,3,6,1265,1175
696.904553,2.458e-30,3,6,1265,1175
696.908238,1.738e-26,3,6,1265,1175
696.94594,2.438e-30,3,6,1265,1175
696.964192,3.987e-27,3,6,1265,1175
696.976412,1.229e-30,3,6,1265,1175
696.978216,1.794e-26,3,6,1265,1175
696.979325,1.477e-30,3,6,1265,1175
696.980447,7.834e-30,3,6,1265,1175
696.989659,6.557e-30,3,6,1265,1175
697.050918,2.693e-29,3,6,1265,1175
697.057835,1.792e-26,3,6,1265,1175
697.081545,1.068e-27,3,6,1265,1175
697.108648,4.268e-30,3,6,1265,1175
697.117371,3.063e-29,3,6,1265,1175
697.14709,1.74e-26,3,6,1265,1175
697.160438,2.171e-28,4,6,1265,1175
697.167891,3.745e-27,3,6,1265,1175
697.170656,2.679e-29,3,6,1265,1175
697.174203,6.61e-29,4,6,1265,1175
697.177212,4.258e-25,4,6,1265,1175
697.190063,1.198e-29,3,7,1265,1175
697.193179,1.876e-27,4,7,1265,1175
697.201546,4.444e-28,3,6,1265,1175
697.216683,2.327e-21,3,7,1265,1175
697.222753,2.083e-30,3,6,1265,1175
697.228536,9.114e-30,3,6,1265,1175
697.232862,1.411e-22,4,7,1265,1175
697.236782,9.606e-24,4,7,1265,1175
697.244034,1.33e-30,3,6,1265,1175
697.245977,1.646e-26,3,6,1265,1175
697.252499,2.079e-21,3,7,1265,1175
697.274503,2.294e-25,4,6,1265,1175
697.278731,6.542e-28,4,6,1265,1175
697.282969,1.949e-24,4,7,1265,1175
697.284114,2.585e-22,3,7,1265,1175
697.337911,4.429e-26,4,6,1265,1175
697.345441,2.575e-30,3,6,1265,1175
697.354489,1.52e-26,3,6,1265,1175
697.384137,1.605e-29,3,6,1265,1175
697.411096,9.874e-30,3,6,1265,1175
697.412997,3.82e-28,3,6,1265,1175
697.42749,4.994e-25,4,6,1265,1175
697.427708,2.504e-27,3,6,1265,1175
697.435603,2.513e-30,3,6,1265,1175
697.435618,4.886e-29,3,6,1265,1175
697.443077,4.682e-28,3,6,1265,1175
697.467646,4.119e-30,3,6,1265,1175
697.47262,1.372e-26,3,6,1265,1175
697.475169,3.438e-27,4,6,1265,1175
697.475244,1.08e-28,3,6,1265,1175
697.500403,2.359e-29,3,6,1265,1175
697.501881,2.276e-29,3,6,1265,1175
697.51704,1.124e-30,3,6,1265,1175
697.519811,1.059e-27,3,6,1265,1175
697.540113,5.559e-30,3,6,1265,1175
697.551133,2.053e-26,3,6,1265,1175
697.557873,9.819e-28,4,7,1265,1175
697.600361,1.213e-26,3,6,1265,1175
697.601372,1.218e-29,3,6,1265,1175
697.626628,7.592e-24,4,7,1265,1175
697.633013,1.622e-27,4,6,1265,1175
697.635478,1.208e-30,3,6,1265,1175
697.637447,2.328e-26,3,6,1265,1175
697.656732,1.309e-30,3,6,1265,1175
697.672404,1.851e-25,3,6,1265,1175
697.687271,2.788e-30,3,6,1265,1175
697.688256,4.621e-29,3,6,1265,1175
697.737255,8.562e-28,4,6,1265,1175
697.737705,1.051e-26,3,6,1265,1175
697.748351,2.216e-30,3,6,1265,1175
697.748436,1.828e-29,3,6,1265,1175
697.748588,2.399e-28,3,6,1265,1175
697.750977,2.312e-27,4,6,1265,1175
697.753535,1.871e-25,4,6,1265,1175
697.762765,7.991e-28,3,6,1265,1175
697.764391,3.429e-29,4,6,1265,1175
697.780169,2.193e-30,3,6,1265,1175
697.784847,1.108e-30,3,6,1265,1175
697.795315,2.89e-30,3,6,1265,1175
697.807424,1.108e-30,3,6,1265,1175
697.808435,1.553e-21,3,7,1265,1175
697.811908,3.39e-27,3,6,1265,1175
697.825223,1.543e-24,4,7,1265,1175
697.827028,3.761e-24,4,7,1265,1175
697.840763,6.369e-27,3,6,1265,1175
697.852904,1.2e-30,3,6,1265,1175
697.864843,2.121e-30,3,6,1265,1175
697.866188,4.771e-29,3,6,1265,1175
697.882597,1.704e-30,3,6,1265,1175
697.884643,8.923e-27,3,6,1265,1175
697.894333,8.004e-25,4,7,1265,1175
697.896171,3.092e-27,3,6,1265,1175
697.899884,1.778e-29,3,6,1265,1175
697.915493,9.598e-28,3,6,1265,1175
697.92152,4.822e-26,4,6,1265,1175
697.928131,5.063e-28,4,7,1265,1175
697.959402,2.485e-25,4,7,1265,1175
697.965087,2.727e-29,3,6,1265,1175
697.981676,5.442e-29,3,6,1265,1175
698.005385,1.829e-28,3,6,1265,1175
698.010862,3.819e-25,4,6,1265,1175
698.02207,6.277e-30,3,6,1265,1175
698.030537,3.999e-28,3,6,1265,1175
698.040934,1.953e-30,3,6,1265,1175
698.041163,7.434e-27,3,6,1265,1175
698.061194,1.285e-30,3,6,1265,1175
698.065936,1.264e-22,3,7,1265,1175
698.112528,9.029e-29,3,6,1265,1175
698.137671,3.879e-30,3,6,1265,1175
698.164636,2.978e-30,3,6,1265,1175
698.170035,8.944e-30,3,6,1265,1175
698.17852,5.048e-27,4,6,1265,1175
698.207253,6.08e-27,3,6,1265,1175
698.212066,8.782e-29,3,6,1265,1175
698.230544,1.379e-29,3,6,1265,1175
698.235268,4.918e-28,3,6,1265,1175
698.24005,4.826e-25,4,6,1265,1175
698.24299,3.115e-26,4,6,1265,1175
698.257379,5.52e-27,3,6,1265,1175
698.268383,3.719e-26,4,6,1265,1175
698.270301,4.383e-29,3,6,1265,1175
698.281173,4.079e-25,4,7,1265,1175
698.281795,2.711e-29,3,6,1265,1175
698.303736,2.571e-28,4,7,1265,1175
698.306482,7.733e-29,3,6,1265,1175
698.308226,9.597e-24,4,7,1265,1175
698.308755,1.467e-30,3,6,1265,1175
698.316043,1.31e-29,3,6,1265,1175
698.335054,2.046e-29,3,6,1265,1175
698.335635,1.002e-27,3,6,1265,1175
698.382901,4.882e-27,3,6,1265,1175
698.385542,1.839e-26,3,6,1265,1175
698.408501,2.024e-27,3,6,1265,1175
698.435974,4.095e-20,3,7,1265,1175
698.439563,1.629e-30,3,6,1265,1175
698.450903,1.025e-29,3,6,1265,1175
698.451227,2.219e-26,3,6,1265,1175
698.454088,5.372e-30,3,7,1265,1175
698.45534,1.303e-30,3,6,1265,1175
698.460671,6.792e-24,4,7,1265,1175
698.46854,7.231e-27,3,6,1265,1175
698.474457,9.519e-30,3,6,1265,1175
698.502384,7.172e-30,3,6,1265,1175
698.505942,4.342e-29,3,6,1265,1175
698.55795,1.987e-30,3,6,1265,1175
698.567541,1.449e-30,3,6,1265,1175
698.568091,3.852e-27,3,6,1265,1175
698.577682,5.672e-30,3,6,1265,1175
698.595484,3.045e-30,3,6,1265,1175
698.596921,2.047e-28,3,6,1265,1175
698.615075,2.608e-29,3,6,1265,1175
698.615564,1.965e-30,3,6,1265,1175
698.619882,4.714e-30,3,6,1265,1175
698.654802,4.922e-30,3,6,1265,1175
698.663732,2.871e-27,3,6,1265,1175
698.675299,5.52e-30,3,6,1265,1175
698.684463,1.286e-28,4,7,1265,1175
698.731447,3.523e-28,4,6,1265,1175
698.749111,9.453e-30,3,6,1265,1175
698.75064,8.586e-28,3,6,1265,1175
698.760558,2.763e-29,3,6,1265,1175
698.762808,2.985e-27,3,6,1265,1175
698.771965,4.632e-27,3,6,1265,1175
698.783397,2.137e-27,3,6,1265,1175
698.816605,9.299e-24,4,7,1265,1175
698.842562,1.747e-25,4,6,1265,1175
698.845742,3.412e-25,4,6,1265,1175
698.855341,2.782e-22,3,7,1265,1175
698.859272,1.533e-28,3,6,1265,1175
698.860245,1.823e-30,3,6,1265,1175
698.868683,1.236e-30,3,6,1265,1175
698.872838,3.586e-28,3,6,1265,1175
698.875381,1.652e-21,3,7,1265,1175
698.889367,3.435e-30,3,6,1265,1175
698.894264,1.089e-28,4,6,1265,1175
698.90078,1.127e-22,4,7,1265,1175
698.909217,1.477e-30,3,6,1265,1175
698.912344,1.25e-24,4,7,1265,1175
698.915889,1.542e-30,3,6,1265,1175
698.927723,1.866e-21,3,7,1265,1175
698.960518,1.171e-29,3,6,1265,1175
698.967033,2.274e-27,3,6,1265,1175
698.993217,1.638e-30,3,6,1265,1175
699.023594,4.008e-28,3,6,1265,1175
699.0277,1.103e-27,4,6,1265,1175
699.028529,5.137e-28,3,6,1265,1175
699.037272,3.116e-26,4,6,1265,1175
699.037412,6.107e-27,3,6,1265,1175
699.049083,4.639e-25,4,6,1265,1175
699.062127,6.445e-30,3,6,1265,1175
699.070078,6.334e-29,4,7,1265,1175
699.078095,1.18e-29,3,6,1265,1175
699.106163,3.916e-29,3,6,1265,1175
699.130598,2.4e-27,4,6,1265,1175
699.152656,9.437e-28,3,6,1265,1175
699.169018,1.831e-29,3,6,1265,1175
699.180746,1.703e-27,3,6,1265,1175
699.199318,6.678e-30,3,6,1265,1175
699.219001,1.402e-28,3,6,1265,1175
699.221163,1.641e-26,3,6,1265,1175
699.227495,1.83e-30,3,6,1265,1175
699.232781,2.435e-27,3,6,1265,1175
699.25492,1.292e-30,3,6,1265,1175
699.266267,2.105e-26,3,6,1265,1175
699.284131,7.864e-30,3,6,1265,1175
699.296121,6.049e-24,4,7,1265,1175
699.297285,1.477e-25,3,6,1265,1175
699.302847,8.585e-30,3,6,1265,1175
699.318073,1.082e-29,3,6,1265,1175
699.324792,4.062e-29,3,6,1265,1175
699.326464,8.603e-28,3,6,1265,1175
699.330508,2.006e-27,4,6,1265,1175
699.339572,1.88e-29,4,6,1265,1175
699.359947,4.402e-24,4,7,1265,1175
699.360156,3.857e-27,3,6,1265,1175
699.382649,2.314e-30,3,6,1265,1175
699.403925,1.254e-27,3,6,1265,1175
699.408713,1.776e-30,3,6,1265,1175
699.414533,1.811e-21,3,7,1265,1175
699.439833,5.061e-27,3,6,1265,1175
699.446381,1.739e-28,3,6,1265,1175
699.45212,1.753e-30,3,6,1265,1175
699.454541,3.898e-29,3,6,1265,1175
699.460335,3.074e-29,4,7,1265,1175
699.471791,1.283e-30,3,6,1265,1175
699.477714,4.586e-30,3,6,1265,1175
699.501674,1.179e-24,4,7,1265,1175
699.513421,2.421e-27,3,6,1265,1175
699.519355,2.607e-25,4,6,1265,1175
699.532761,5.183e-30,3,6,1265,1175
699.534491,1.431e-27,4,6,1265,1175
699.538064,3.526e-30,3,6,1265,1175
699.55708,2.785e-29,3,6,1265,1175
699.558202,3.337e-26,4,6,1265,1175
699.577775,1.669e-25,4,7,1265,1175
699.58698,7.649e-28,3,6,1265,1175
699.607272,3.862e-30,3,6,1265,1175
699.623363,2.203e-24,4,7,1265,1175
699.636544,9.083e-28,3,6,1265,1175
699.66689,4.62e-30,3,6,1265,1175
699.680679,1.695e-30,3,6,1265,1175
699.681847,3.035e-25,4,6,1265,1175
699.683172,4.509e-29,3,6,1265,1175
699.690923,1.183e-30,3,6,1265,1175
699.70287,3.199e-28,3,6,1265,1175
699.706106,2.373e-30,3,7,1265,1175
699.706628,1.281e-28,3,6,1265,1175
699.717286,1.188e-28,3,6,1265,1175
699.736419,1.001e-22,3,7,1265,1175
699.753872,8.484e-29,3,6,1265,1175
699.822836,3.106e-26,4,6,1265,1175
699.823254,5.332e-28,3,6,1265,1175
699.835783,6.823e-27,3,6,1265,1175
699.854985,1.469e-29,3,7,1265,1175
699.865172,4.438e-25,4,6,1265,1175
699.878575,6.47e-28,3,6,1265,1175
699.896857,7.238e-30,3,6,1265,1175
699.921907,5.652e-30,3,6,1265,1175
699.926784,1.005e-29,3,6,1265,1175
699.927041,1.363e-30,3,6,1265,1175
699.936605,7.055e-27,4,6,1265,1175
699.943199,3.484e-29,3,6,1265,1175
699.948947,1.714e-30,3,6,1265,1175
699.953511,2.607e-29,3,6,1265,1175
699.956181,1.085e-30,3,6,1265,1175
699.956557,9.209e-24,4,7,1265,1175
699.965424,2.192e-30,3,6,1265,1175
699.970867,8.849e-28,3,6,1265,1175
699.97339,1.134e-29,3,6,1265,1175
699.981932,2.595e-26,4,6,1265,1175
700.004784,1.632e-29,3,6,1265,1175
700.009272,2.9e-30,3,6,1265,1175
700.04811,1.397e-27,3,6,1265,1175
700.055462,1.275e-30,3,6,1265,1175
700.057989,1.457e-26,3,6,1265,1175
700.05875,3.206e-20,3,7,1265,1175
700.082482,1.988e-26,3,6,1265,1175
700.107408,2.796e-25,4,7,1265,1175
700.129989,4.533e-28,3,6,1265,1175
700.132616,5.365e-24,4,7,1265,1175
700.144801,3.783e-29,3,6,1265,1175
700.152054,3.132e-30,3,6,1265,1175
700.154724,7.164e-30,3,6,1265,1175
700.155159,1.74e-27,3,6,1265,1175
700.162014,4.484e-30,3,6,1265,1175
700.178909,2.468e-29,3,6,1265,1175
700.193965,4.5e-30,3,6,1265,1175
700.200029,5.405e-30,3,6,1265,1175
700.216239,1.579e-30,3,6,1265,1175
700.230854,5.812e-27,3,6,1265,1175
700.253764,6.916e-30,3,7,1265,1175
700.260693,4.767e-29,3,6,1265,1175
700.289831,1.558e-30,3,6,1265,1175
700.297024,1.471e-28,3,6,1265,1175
700.322014,4.26e-30,3,6,1265,1175
700.346235,3.219e-30,3,6,1265,1175
700.354662,2.793e-29,3,6,1265,1175
700.365408,2.18e-30,3,6,1265,1175
700.367972,2.033e-27,3,6,1265,1175
700.374888,5.622e-27,3,6,1265,1175
700.390749,3.125e-28,3,6,1265,1175
700.397787,8.795e-24,4,7,1265,1175
700.408892,1.101e-25,4,6,1265,1175
700.424506,6.786e-28,3,6,1265,1175
700.428096,2.888e-22,3,7,1265,1175
700.43277,1.917e-30,3,6,1265,1175
700.482739,2.255e-30,3,6,1265,1175
700.498438,1.126e-30,3,6,1265,1175
700.500907,1.289e-21,3,7,1265,1175
700.502232,1.569e-30,3,6,1265,1175
700.507959,6.825e-30,3,6,1265,1175
700.519171,2.688e-25,4,6,1265,1175
700.54261,5.068e-30,3,6,1265,1175
700.544191,7.89e-25,4,7,1265,1175
700.549698,2.844e-28,3,6,1265,1175
700.563011,1.065e-28,3,6,1265,1175
700.573707,8.853e-23,3,7,1265,1175
700.602029,7.544e-27,3,6,1265,1175
700.612627,1.766e-28,4,6,1265,1175
700.618731,5.497e-28,3,6,1265,1175
700.628856,4.082e-28,3,6,1265,1175
700.632716,3.492e-27,4,6,1265,1175
700.64624,1.471e-21,3,7,1265,1175
700.655032,2.08e-30,3,6,1265,1175
700.656407,3.207e-30,3,7,1265,1175
700.660818,2.12e-28,3,6,1265,1175
700.67554,4.223e-25,4,6,1265,1175
700.683982,1.477e-29,3,6,1265,1175
700.716859,4.14e-30,3,6,1265,1175
700.735594,5.478e-28,4,6,1265,1175
700.740716,2.157e-26,4,6,1265,1175
700.774304,1.831e-27,4,6,1265,1175
700.776605,8.533e-30,3,6,1265,1175
700.781404,3.087e-29,3,6,1265,1175
700.790266,8.26e-28,3,6,1265,1175
700.802474,1.475e-30,3,6,1265,1175
700.831681,4.72e-27,3,6,1265,1175
700.841146,1.448e-29,3,6,1265,1175
700.856961,1.252e-30,3,6,1265,1175
700.88849,6.3e-30,3,6,1265,1175
700.890801,8.937e-28,3,6,1265,1175
700.895735,5.046e-24,3,7,1265,1175
700.896017,1.289e-26,3,6,1265,1175
700.899971,1.869e-26,3,6,1265,1175
700.911671,1.708e-27,4,6,1265,1175
700.916157,1.178e-30,3,6,1265,1175
700.917056,1.014e-29,3,6,1265,1175
700.92514,1.157e-25,3,6,1265,1175
700.940154,1.415e-28,3,6,1265,1175
700.945864,1.032e-30,3,7,1265,1175
700.954065,1.79e-28,3,6,1265,1175
700.965962,3.509e-29,3,6,1265,1175
700.97057,4.738e-24,4,7,1265,1175
700.997527,1.696e-27,3,6,1265,1175
701.009299,5.954e-30,3,6,1265,1175
701.018078,2.07e-21,3,7,1265,1175
701.026295,1.094e-29,3,6,1265,1175
701.028481,4.601e-30,3,6,1265,1175
701.040274,3.953e-27,3,6,1265,1175
701.044421,3.13e-29,3,6,1265,1175
701.053987,3.822e-30,3,6,1265,1175
701.062636,1.465e-30,3,7,1265,1175
701.064661,1.907e-30,3,6,1265,1175
701.07477,1.4e-30,3,6,1265,1175
701.109322,1.709e-24,4,7,1265,1175
701.121547,1.28e-30,3,6,1265,1175
701.12869,1.379e-30,3,6,1265,1175
701.13218,9.284e-30,3,6,1265,1175
701.148772,1.239e-28,3,6,1265,1175
701.153313,2.786e-29,3,6,1265,1175
701.176045,1.354e-30,3,6,1265,1175
701.197514,2.272e-26,4,6,1265,1175
701.197822,1.103e-25,4,7,1265,1175
701.211699,5.766e-30,3,6,1265,1175
701.219416,1.76e-30,3,6,1265,1175
701.219539,1.701e-27,3,6,1265,1175
701.228707,9.293e-29,3,6,1265,1175
701.257971,7.426e-30,3,6,1265,1175
701.263214,5.995e-28,3,6,1265,1175
701.278133,3.571e-25,4,6,1265,1175
701.297073,7.882e-29,3,6,1265,1175
701.320662,1.536e-28,3,6,1265,1175
701.324449,2.356e-27,4,6,1265,1175
701.324897,1.446e-30,3,6,1265,1175
701.326492,1.067e-30,3,6,1265,1175
701.330261,4.385e-30,3,6,1265,1175
701.357709,2.371e-25,4,6,1265,1175
701.37157,3.261e-30,3,6,1265,1175
701.380366,2.515e-28,3,6,1265,1175
701.392643,3.671e-29,3,6,1265,1175
701.398808,2.996e-26,4,6,1265,1175
701.411934,7.797e-23,4,7,1265,1175
701.412882,8.833e-29,3,6,1265,1175
701.413819,3.093e-24,4,7,1265,1175
701.416046,5.631e-28,3,6,1265,1175
701.423758,8.275e-27,3,6,1265,1175
701.476839,1.323e-29,3,6,1265,1175
701.495467,4e-25,4,6,1265,1175
701.526425,6.008e-29,3,6,1265,1175
701.54289,1.343e-27,3,6,1265,1175
701.610845,7.676e-28,3,6,1265,1175
701.613419,8.642e-24,4,7,1265,1175
701.62077,2.724e-29,3,6,1265,1175
701.627552,7.212e-30,3,6,1265,1175
701.636145,2.452e-29,3,6,1265,1175
701.659409,1.224e-30,3,6,1265,1175
701.67951,1.279e-29,3,6,1265,1175
701.679849,3.516e-30,3,6,1265,1175
701.684201,2.467e-20,3,7,1265,1175
701.689265,9.698e-27,4,6,1265,1175
701.690306,9.491e-28,3,6,1265,1175
701.700668,1.781e-26,4,6,1265,1175
701.718596,1.748e-26,3,6,1265,1175
701.73366,4.901e-30,3,6,1265,1175
701.735238,1.136e-26,3,6,1265,1175
701.742352,2.284e-29,3,6,1265,1175
701.742672,3.039e-30,3,6,1265,1175
701.744274,5.708e-30,3,6,1265,1175
701.751373,2.846e-30,3,6,1265,1175
701.761499,1.997e-30,3,6,1265,1175
701.788272,3.24e-29,3,6,1265,1175
701.809487,4.167e-24,4,7,1265,1175
701.833249,3.823e-29,3,6,1265,1175
701.863472,4.929e-30,3,6,1265,1175
701.879344,1.234e-30,3,6,1265,1175
701.884188,2.125e-30,3,6,1265,1175
701.887056,2.779e-30,3,6,1265,1175
701.942918,1.885e-25,4,7,1265,1175
701.953038,2.765e-29,3,6,1265,1175
701.968693,1.216e-30,3,6,1265,1175
701.973492,3.796e-26,4,6,1265,1175
701.976395,6.694e-27,3,6,1265,1175
701.98028,8.137e-24,4,7,1265,1175
702.001702,1.04e-28,3,6,1265,1175
702.002326,2.907e-22,3,7,1265,1175
702.003161,4.591e-27,3,6,1265,1175
702.058852,3.384e-30,3,6,1265,1175
702.076872,1.417e-27,3,6,1265,1175
702.103098,5.275e-28,3,6,1265,1175
702.129033,9.892e-22,3,7,1265,1175
702.133188,1.006e-30,3,6,1265,1175
702.139155,4.997e-27,4,6,1265,1175
702.148667,1.327e-30,3,6,1265,1175
702.149112,2.395e-29,3,6,1265,1175
702.165603,8.92e-27,3,6,1265,1175
702.178549,4.9e-25,4,7,1265,1175
702.197454,2.082e-25,4,6,1265,1175
702.213509,5.73e-28,3,6,1265,1175
702.227256,2.892e-29,3,6,1265,1175
702.22889,4.021e-28,3,6,1265,1175
702.232122,2.217e-28,3,6,1265,1175
702.251594,6.835e-23,3,7,1265,1175
702.271597,7.285e-29,3,6,1265,1175
702.306794,3.77e-25,4,6,1265,1175
702.310432,5.662e-27,3,6,1265,1175
702.329033,2.819e-28,4,6,1265,1175
702.334662,5.847e-30,3,6,1265,1175
702.37217,1.139e-21,3,7,1265,1175
702.375322,2.617e-30,3,6,1265,1175
702.381127,1.164e-29,3,6,1265,1175
702.386647,9.725e-30,3,6,1265,1175
702.398794,1.831e-29,3,6,1265,1175
702.428237,5.125e-30,3,6,1265,1175
702.4326,7.101e-28,3,6,1265,1175
702.434224,5.663e-24,4,7,1265,1175
702.448182,1.469e-26,4,6,1265,1175
702.45569,9e-28,3,6,1265,1175
702.459765,3.612e-30,3,6,1265,1175
702.461293,2.394e-29,3,6,1265,1175
702.462797,1.191e-30,3,6,1265,1175
702.47394,1.477e-29,3,6,1265,1175
702.479619,6.072e-30,3,6,1265,1175
702.479684,8.3e-30,3,6,1265,1175
702.494384,1.427e-27,4,6,1265,1175
702.496954,5.39e-30,3,6,1265,1175
702.518216,1.126e-29,3,6,1265,1175
702.518299,2.992e-27,4,6,1265,1175
702.532842,2.477e-30,3,6,1265,1175
702.53852,1.628e-26,3,6,1265,1175
702.555901,8.915e-26,3,6,1265,1175
702.575649,9.962e-27,3,6,1265,1175
702.58587,2.258e-30,3,6,1265,1175
702.611723,2.979e-29,3,6,1265,1175
702.614648,2.694e-30,4,6,1265,1175
702.618942,2.316e-21,3,7,1265,1175
702.635762,2.469e-29,3,6,1265,1175
702.642037,3.034e-27,3,6,1265,1175
702.649933,3.649e-24,4,7,1265,1175
702.6803,2.246e-28,3,6,1265,1175
702.706352,3.958e-30,3,6,1265,1175
702.717079,2.436e-24,4,7,1265,1175
702.720688,4.064e-30,3,6,1265,1175
702.727051,8.385e-28,4,6,1265,1175
702.746548,1.084e-30,3,6,1265,1175
702.753847,2.73e-29,3,6,1265,1175
702.765937,1.498e-29,3,6,1265,1175
702.769313,1.163e-27,3,6,1265,1175
702.785761,4.769e-30,3,6,1265,1175
702.80765,8.965e-30,3,6,1265,1175
702.809833,1.067e-30,3,6,1265,1175
702.819549,7.177e-26,4,7,1265,1175
702.839412,1.522e-26,4,6,1265,1175
702.841588,6.973e-29,3,6,1265,1175
702.855712,8.692e-29,3,6,1265,1175
702.885432,9.281e-30,3,6,1265,1175
702.922501,1.951e-28,3,6,1265,1175
702.930207,1.176e-27,3,6,1265,1175
702.944152,4.622e-28,3,6,1265,1175
702.946492,9.759e-28,3,6,1265,1175
702.961278,2.373e-30,3,6,1265,1175
702.970832,2.78e-26,4,6,1265,1175
702.973538,1.213e-30,3,6,1265,1175
702.984408,1.513e-29,3,6,1265,1175
703.01355,5.794e-28,3,6,1265,1175
703.021235,9.581e-27,3,6,1265,1175
703.028338,1.184e-29,3,6,1265,1175
703.029673,4.809e-25,4,6,1265,1175
703.038402,1.821e-25,4,6,1265,1175
703.062948,1.944e-28,3,6,1265,1175
703.092447,5.969e-23,4,7,1265,1175
703.107246,3.816e-27,4,6,1265,1175
703.109948,2.938e-29,3,6,1265,1175
703.124122,5.992e-29,3,6,1265,1175
703.12441,5.307e-30,3,6,1265,1175
703.130934,3.537e-25,4,6,1265,1175
703.150149,5.359e-30,3,6,1265,1175
703.150464,3.644e-30,3,6,1265,1175
703.196404,4.272e-24,4,7,1265,1175
703.255525,6.541e-28,3,6,1265,1175
703.267117,1.154e-30,3,6,1265,1175
703.278717,7.94e-24,4,7,1265,1175
703.287474,5.832e-30,3,6,1265,1175
703.302967,2.095e-29,3,6,1265,1175
703.305335,2.07e-29,3,6,1265,1175
703.312286,1.866e-20,3,7,1265,1175
703.319663,1.438e-30,3,6,1265,1175
703.329509,2.259e-29,3,6,1265,1175
703.332799,5.091e-30,3,6,1265,1175
703.335044,6.345e-28,3,6,1265,1175
703.359187,9.861e-30,3,6,1265,1175
703.359374,7.627e-30,3,6,1265,1175
703.359527,1.51e-26,3,6,1265,1175
703.417243,8.703e-27,3,6,1265,1175
703.424562,1.203e-26,4,6,1265,1175
703.436164,1.312e-26,4,6,1265,1175
703.43631,2.727e-29,3,6,1265,1175
703.443871,2.152e-30,3,6,1265,1175
703.491238,3.182e-24,4,7,1265,1175
703.501334,3.154e-30,3,6,1265,1175
703.519196,1.229e-30,3,6,1265,1175
703.543009,1.912e-25,4,6,1265,1175
703.549215,1.494e-30,3,6,1265,1175
703.555736,2.682e-29,3,6,1265,1175
703.558539,3.352e-25,4,6,1265,1175
703.562975,3.619e-30,4,6,1265,1175
703.564032,7.372e-24,4,7,1265,1175
703.576238,7.815e-27,3,6,1265,1175
703.577103,3.337e-30,3,6,1265,1175
703.577972,2.847e-22,3,7,1265,1175
703.581604,1.689e-30,3,6,1265,1175
703.582934,4.647e-25,4,6,1265,1175
703.590809,1.701e-30,3,6,1265,1175
703.616184,5.745e-25,4,6,1265,1175
703.637265,4.997e-30,3,6,1265,1175
703.643561,1.426e-29,3,6,1265,1175
703.644709,1.85e-30,3,6,1265,1175
703.649712,7.03e-27,4,6,1265,1175
703.658272,6.61e-25,4,6,1265,1175
703.709178,7.221e-25,4,6,1265,1175
703.710907,7.235e-29,3,6,1265,1175
703.71126,1.939e-30,3,6,1265,1175
703.728101,1.008e-26,3,6,1265,1175
703.75972,7.462e-22,3,7,1265,1175
703.761725,1.525e-30,3,6,1265,1175
703.768878,7.572e-25,4,6,1265,1175
703.785324,3.566e-27,3,6,1265,1175
703.786369,4.033e-28,3,6,1265,1175
703.787635,1.251e-25,4,7,1265,1175
703.79039,9.714e-28,3,6,1265,1175
703.79056,1.969e-30,3,6,1265,1175
703.796117,6.655e-27,3,6,1265,1175
703.799502,1.104e-30,3,6,1265,1175
703.806482,5.4e-30,3,6,1265,1175
703.812696,5.823e-28,3,6,1265,1175
703.815456,2.995e-25,4,7,1265,1175
703.823787,3.808e-28,3,6,1265,1175
703.837342,7.674e-25,4,6,1265,1175
703.841002,1.06e-30,3,6,1265,1175
703.861087,1.828e-30,3,6,1265,1175
703.880546,1.586e-25,4,6,1265,1175
703.882556,1.946e-30,3,6,1265,1175
703.914537,7.549e-25,4,6,1265,1175
703.920108,1.699e-28,3,6,1265,1175
703.934388,5.189e-23,3,7,1265,1175
703.942776,3.301e-25,4,6,1265,1175
703.975258,6.214e-24,3,7,1265,1175
703.984966,4.902e-29,3,6,1265,1175
703.987108,1.874e-30,3,6,1265,1175
704.000425,7.231e-25,4,6,1265,1175
704.015305,1.489e-30,3,6,1265,1175
704.021039,8.817e-28,3,6,1265,1175
704.031979,2.039e-30,3,6,1265,1175
704.037543,1.628e-30,3,6,1265,1175
704.043232,4.426e-28,4,6,1265,1175
704.072361,1.112e-30,3,6,1265,1175
704.078556,1.171e-27,4,6,1265,1175
704.079374,2.82e-30,3,6,1265,1175
704.079616,5.999e-28,3,6,1265,1175
704.094961,6.758e-25,4,6,1265,1175
704.104023,1.763e-30,3,6,1265,1175
704.104828,2.23e-29,3,6,1265,1175
704.105443,8.674e-22,3,7,1265,1175
704.145786,1.827e-29,3,6,1265,1175
704.159617,9.844e-27,4,6,1265,1175
704.181875,1.393e-26,3,6,1265,1175
704.187086,4.251e-30,3,6,1265,1175
704.189494,6.749e-26,3,6,1265,1175
704.198097,6.173e-25,4,6,1265,1175
704.200176,8.603e-30,3,6,1265,1175
704.206061,1.727e-29,3,6,1265,1175
704.207783,6.856e-30,3,6,1265,1175
704.217006,2.534e-21,3,7,1265,1175
704.2285,1.914e-29,3,6,1265,1175
704.229277,1.043e-30,3,6,1265,1175
704.233084,1.621e-30,3,6,1265,1175
704.245069,2.289e-27,3,6,1265,1175
704.25556,1.363e-29,3,6,1265,1175
704.25945,4.81e-27,4,6,1265,1175
704.260014,7.572e-27,3,6,1265,1175
704.262027,2.486e-29,3,6,1265,1175
704.28264,2.658e-30,3,6,1265,1175
704.309778,5.519e-25,4,6,1265,1175
704.317124,7.76e-26,3,6,1265,1175
704.324755,3.415e-24,4,7,1265,1175
704.334164,2.763e-24,4,7,1265,1175
704.358723,2.621e-29,3,6,1265,1175
704.360475,7.201e-30,3,6,1265,1175
704.36587,6.608e-28,3,6,1265,1175
704.374058,1.458e-30,3,6,1265,1175
704.387349,5.775e-29,3,6,1265,1175
704.39758,2.769e-28,3,6,1265,1175
704.404329,9.729e-30,3,6,1265,1175
704.406557,1.338e-29,3,6,1265,1175
704.421702,4.845e-30,4,6,1265,1175
704.429944,4.833e-25,4,6,1265,1175
704.436975,2.73e-30,3,6,1265,1175
704.442962,4.595e-26,4,7,1265,1175
704.483851,1.004e-26,4,6,1265,1175
704.49436,5.464e-30,3,6,1265,1175
704.495718,1.692e-29,3,6,1265,1175
704.502427,2.018e-29,3,6,1265,1175
704.522655,2.435e-28,3,6,1265,1175
704.526702,1.286e-30,3,6,1265,1175
704.538839,2.457e-26,4,6,1265,1175
704.548038,7.851e-28,3,6,1265,1175
704.548738,4.673e-30,3,6,1265,1175
704.558529,4.149e-25,4,6,1265,1175
704.55896,1.47e-29,3,6,1265,1175
704.562062,4.576e-30,3,6,1265,1175
704.567152,5.998e-29,3,6,1265,1175
704.601029,1.066e-30,3,6,1265,1175
704.609204,3.161e-30,3,6,1265,1175
704.615693,5.817e-28,3,6,1265,1175
704.62813,1.064e-26,3,6,1265,1175
704.629745,3.505e-28,3,6,1265,1175
704.645373,7.995e-28,3,6,1265,1175
704.690769,1.111e-30,3,6,1265,1175
704.695462,3.494e-25,4,6,1265,1175
704.697024,3.144e-30,3,6,1265,1175
704.705589,1.263e-27,4,6,1265,1175
704.723881,1.376e-25,4,6,1265,1175
704.750538,1.477e-28,3,6,1265,1175
704.771578,3.068e-25,4,6,1265,1175
704.773791,6.366e-25,4,6,1265,1175
704.777925,4.494e-23,3,7,1265,1175
704.789118,1.857e-29,3,6,1265,1175
704.813183,8.095e-30,3,6,1265,1175
704.829561,5.788e-30,3,6,1265,1175
704.834934,2.311e-29,3,6,1265,1175
704.840329,4.001e-29,3,6,1265,1175
704.840662,2.888e-25,4,6,1265,1175
704.867781,1.839e-29,3,6,1265,1175
704.878519,1.068e-30,3,6,1265,1175
704.882991,6.083e-27,4,6,1265,1175
704.904864,5.477e-28,3,6,1265,1175
704.919346,1.707e-29,3,6,1265,1175
704.942963,1.388e-20,3,7,1265,1175
704.947971,1.12e-30,3,6,1265,1175
704.952348,7.149e-24,4,7,1265,1175
704.970941,5.804e-24,4,7,1265,1175
704.982281,4.174e-28,3,6,1265,1175
704.989743,1.586e-29,3,6,1265,1175
704.991829,1.376e-30,3,6,1265,1175
704.994045,2.344e-25,4,6,1265,1175
705.005233,1.28e-26,3,6,1265,1175
705.033398,2.039e-29,3,6,1265,1175
705.042475,3.535e-30,3,6,1265,1175
705.043773,7.475e-30,3,6,1265,1175
705.075568,1.381e-29,3,6,1265,1175
705.088868,2.256e-29,3,6,1265,1175
705.103957,6.56e-27,3,6,1265,1175
705.115564,1.562e-30,3,6,1265,1175
705.148986,6.544e-24,4,7,1265,1175
705.153581,7.996e-27,4,6,1265,1175
705.154975,2.718e-22,3,7,1265,1175
705.155516,1.868e-25,4,6,1265,1175
705.162785,2.548e-29,3,6,1265,1175
705.163126,5.432e-30,3,6,1265,1175
705.16419,9.723e-27,4,6,1265,1175
705.174184,8.939e-27,3,6,1265,1175
705.176984,1.744e-26,4,6,1265,1175
705.177822,2.39e-24,4,7,1265,1175
705.213978,1.297e-30,3,6,1265,1175
705.217692,7.255e-30,3,6,1265,1175
705.268908,2.138e-30,3,6,1265,1175
705.277574,1.011e-30,3,6,1265,1175
705.288461,7.661e-27,3,6,1265,1175
705.289486,1.095e-26,3,6,1265,1175
705.295572,2.224e-30,3,6,1265,1175
705.324977,1.463e-25,4,6,1265,1175
705.335504,2.32e-29,3,6,1265,1175
705.360469,6.457e-30,4,6,1265,1175
705.392924,5.534e-22,3,7,1265,1175
705.408917,2.868e-30,3,6,1265,1175
705.413625,3.432e-28,3,6,1265,1175
705.416134,5.777e-28,3,6,1265,1175
705.424589,4.952e-29,3,6,1265,1175
705.454949,1.802e-25,4,7,1265,1175
705.469461,1.213e-29,3,6,1265,1175
705.474272,3.034e-28,3,6,1265,1175
705.502317,1.126e-25,4,6,1265,1175
705.508485,6.553e-28,3,6,1265,1175
705.518693,6.658e-24,3,7,1265,1175
705.53647,3.775e-30,3,6,1265,1175
705.568401,1.188e-25,4,6,1265,1175
705.577194,2.723e-27,3,6,1265,1175
705.583414,2.837e-25,4,6,1265,1175
705.586746,8.422e-28,3,6,1265,1175
705.592614,3.839e-29,3,6,1265,1175
705.605216,1.133e-30,3,6,1265,1175
705.61366,1.281e-28,3,6,1265,1175
705.622035,3.873e-23,4,7,1265,1175
705.637427,9.69e-30,3,6,1265,1175
705.641156,1.074e-30,3,6,1265,1175
705.64148,8.167e-26,4,7,1265,1175
705.65241,4.87e-30,3,6,1265,1175
705.664095,9.435e-28,4,6,1265,1175
705.664426,1.452e-30,3,6,1265,1175
705.685582,1.02e-30,3,6,1265,1175
705.68742,8.524e-26,4,6,1265,1175
705.703054,3.246e-29,3,6,1265,1175
705.731268,4.98e-28,3,6,1265,1175
705.740429,1.801e-30,3,6,1265,1175
705.754983,6.838e-28,4,6,1265,1175
705.757542,6.16e-30,3,6,1265,1175
705.800936,4.111e-28,3,6,1265,1175
705.801966,2.665e-29,3,6,1265,1175
705.812156,2.708e-21,3,7,1265,1175
705.822567,1.459e-29,3,6,1265,1175
705.825842,5.024e-26,3,6,1265,1175
705.829996,1.171e-26,3,6,1265,1175
705.834833,1.371e-29,3,6,1265,1175
705.843596,5.39e-30,3,6,1265,1175
705.845987,6.495e-22,3,7,1265,1175
705.846535,6.257e-29,4,6,1265,1175
705.849314,1.699e-27,3,6,1265,1175
705.852629,7.636e-30,3,6,1265,1175
705.87497,6.491e-27,4,6,1265,1175
705.877341,1.545e-25,4,6,1265,1175
705.88016,6.342e-26,4,6,1265,1175
705.886975,6.467e-30,3,6,1265,1175
705.898958,2.928e-30,3,6,1265,1175
705.915356,1.136e-30,3,6,1265,1175
705.916828,2.039e-29,3,6,1265,1175
705.932164,4.706e-24,4,7,1265,1175
705.934297,4.327e-29,3,6,1265,1175
705.938394,9.272e-30,3,6,1265,1175
705.949065,5.661e-27,3,6,1265,1175
705.967961,2.466e-29,3,6,1265,1175
705.985583,5.634e-30,3,6,1265,1175
705.997534,7.612e-27,4,6,1265,1175
706.010406,1.851e-29,3,6,1265,1175
706.015513,1.102e-29,3,6,1265,1175
706.023219,2.058e-24,4,7,1265,1175
706.027085,1.183e-29,3,6,1265,1175
706.068069,2.895e-26,4,7,1265,1175
706.080402,4.641e-26,4,6,1265,1175
706.084621,1.283e-29,3,6,1265,1175
706.096917,1.004e-28,4,6,1265,1175
706.10277,2.033e-26,4,6,1265,1175
706.105785,3.354e-28,3,6,1265,1175
706.114341,1.88e-29,3,6,1265,1175
706.120982,2.985e-28,3,6,1265,1175
706.130787,6.513e-27,4,6,1265,1175
706.146308,1.459e-29,3,6,1265,1175
706.158119,1.804e-30,3,6,1265,1175
706.170719,1.254e-30,3,6,1265,1175
706.19697,1.015e-29,3,6,1265,1175
706.201117,1.622e-29,3,6,1265,1175
706.208347,1.992e-29,3,6,1265,1175
706.222433,5.705e-28,3,6,1265,1175
706.223647,8.576e-30,4,6,1265,1175
706.231988,2.291e-29,3,6,1265,1175
706.235164,2.672e-29,3,6,1265,1175
706.244343,1.14e-26,3,6,1265,1175
706.249552,1.759e-29,3,6,1265,1175
706.283043,4.072e-29,3,6,1265,1175
706.288001,3.34e-26,4,6,1265,1175
706.292068,1.858e-29,3,6,1265,1175
706.319946,2.615e-28,3,6,1265,1175
706.323097,2.123e-29,3,6,1265,1175
706.329081,1.908e-29,3,6,1265,1175
706.333591,5.215e-28,3,6,1265,1175
706.343423,1.586e-28,4,6,1265,1175
706.360961,1.897e-29,3,6,1265,1175
706.364984,5.35e-28,3,6,1265,1175
706.370459,5.594e-30,3,6,1265,1175
706.388036,1.819e-29,3,6,1265,1175
706.410593,1.668e-29,3,6,1265,1175
706.414099,1.022e-25,4,6,1265,1175
706.417407,2.613e-25,4,6,1265,1175
706.426324,4.095e-30,3,6,1265,1175
706.428875,1.444e-29,3,6,1265,1175
706.429611,1.601e-29,3,6,1265,1175
706.44305,1.104e-28,3,6,1265,1175
706.443083,1.15e-29,3,6,1265,1175
706.453376,7.866e-30,3,6,1265,1175
706.45987,3.33e-30,3,6,1265,1175
706.468335,3.327e-23,4,7,1265,1175
706.47881,5.768e-30,3,6,1265,1175
706.498048,5.25e-30,3,6,1265,1175
706.502802,2.364e-26,3,6,1265,1175
706.50306,9.814e-30,3,6,1265,1175
706.510312,8.282e-25,4,6,1265,1175
706.538078,1.317e-29,3,6,1265,1175
706.540617,2.867e-29,3,6,1265,1175
706.554699,1.477e-29,3,6,1265,1175
706.558818,4.508e-28,3,6,1265,1175
706.561483,2.629e-29,3,6,1265,1175
706.567438,1.788e-29,3,6,1265,1175
706.57619,1.015e-20,3,7,1265,1175
706.583852,1.587e-29,3,6,1265,1175
706.585729,2.468e-28,4,6,1265,1175
706.607197,1.101e-30,3,6,1265,1175
706.631972,2.703e-28,3,6,1265,1175
706.634198,6.312e-24,4,7,1265,1175
706.640368,1.789e-29,3,6,1265,1175
706.651785,9.545e-27,4,6,1265,1175
706.65567,1.067e-26,3,6,1265,1175
706.662092,3.98e-30,3,6,1265,1175
706.670996,1.872e-27,4,6,1265,1175
706.681049,1.181e-29,3,6,1265,1175
706.682399,1.322e-26,4,6,1265,1175
706.707611,1.92e-29,3,6,1265,1175
706.72464,1.647e-26,3,6,1265,1175
706.732029,1.411e-30,3,6,1265,1175
706.733224,5.572e-30,3,6,1265,1175
706.733268,2.535e-22,3,7,1265,1175
706.735087,5.697e-24,4,7,1265,1175
706.737265,7.753e-24,4,7,1265,1175
706.739849,1.658e-30,3,6,1265,1175
706.745899,1.835e-29,3,6,1265,1175
706.747584,1.805e-29,3,6,1265,1175
706.75653,2.416e-30,3,6,1265,1175
706.77002,1.001e-26,3,6,1265,1175
706.774194,2.374e-29,3,6,1265,1175
706.785561,1.983e-29,3,6,1265,1175
706.787212,8.629e-27,3,6,1265,1175
706.795332,4.864e-27,3,6,1265,1175
706.79986,1.036e-29,3,6,1265,1175
706.823522,3.781e-28,4,6,1265,1175
706.839467,1.349e-30,3,6,1265,1175
706.849717,1.15e-26,3,6,1265,1175
706.858429,2.322e-30,3,6,1265,1175
706.869191,1.765e-24,4,7,1265,1175
706.871158,2.458e-30,3,6,1265,1175
706.8742,1.982e-29,3,6,1265,1175
706.887687,5.23e-27,4,6,1265,1175
706.91143,2.282e-26,4,6,1265,1175
706.953339,1.129e-26,3,6,1265,1175
706.973505,1.925e-29,3,6,1265,1175
706.998465,2.895e-28,3,6,1265,1175
707.000794,3.587e-30,3,6,1265,1175
707.018835,1.458e-30,3,6,1265,1175
707.02368,5.602e-28,3,6,1265,1175
707.028602,4.036e-22,3,7,1265,1175
707.055244,1.153e-30,3,6,1265,1175
707.056504,5.701e-28,4,6,1265,1175
707.064395,6.954e-24,4,7,1265,1175
707.074489,1.346e-29,3,6,1265,1175
707.083456,1.822e-29,3,6,1265,1175
707.097067,1.067e-25,4,7,1265,1175
707.128443,5.153e-30,3,6,1265,1175
707.135293,1.019e-30,3,6,1265,1175
707.142701,3.336e-29,3,6,1265,1175
707.152697,7.858e-28,3,6,1265,1175
707.153849,1.134e-29,4,6,1265,1175
707.16676,2.245e-28,3,6,1265,1175
707.172198,5.123e-30,3,6,1265,1175
707.188711,7.61e-27,3,6,1265,1175
707.20403,1.684e-29,3,6,1265,1175
707.228631,2.394e-25,4,6,1265,1175
707.231115,4.35e-28,3,6,1265,1175
707.250901,7.469e-28,4,6,1265,1175
707.251609,2.304e-28,3,6,1265,1175
707.253804,7.284e-30,3,6,1265,1175
707.26097,8.759e-26,4,6,1265,1175
707.284387,8.464e-28,4,6,1265,1175
707.312787,9.493e-29,3,6,1265,1175
707.31448,2.843e-23,4,7,1265,1175
707.335206,1.522e-29,3,6,1265,1175
707.376591,1.013e-29,3,6,1265,1175
707.378606,2.045e-27,3,6,1265,1175
707.387512,4.063e-28,3,6,1265,1175
707.404291,2.822e-21,3,7,1265,1175
707.417893,1.094e-29,3,6,1265,1175
707.420477,6.797e-30,3,6,1265,1175
707.425793,2.116e-29,3,6,1265,1175
707.430557,5.05e-27,3,6,1265,1175
707.435761,2.271e-25,4,6,1265,1175
707.454717,1.239e-27,3,6,1265,1175
707.464058,1.039e-27,4,6,1265,1175
707.464862,3.677e-26,3,6,1265,1175
707.476961,1.347e-29,3,6,1265,1175
707.482384,2.681e-29,3,6,1265,1175
707.482843,9.671e-27,3,6,1265,1175
707.490095,3.124e-29,3,6,1265,1175
707.496534,1.387e-29,3,6,1265,1175
707.504362,5.248e-26,4,7,1265,1175
707.506896,1.237e-27,4,6,1265,1175
707.510433,2.267e-29,3,6,1265,1175
707.528134,1.977e-29,3,6,1265,1175
707.528386,1.012e-29,3,6,1265,1175
707.539131,6.376e-24,4,7,1265,1175
707.576077,1.645e-29,3,6,1265,1175
707.578557,4.781e-30,3,6,1265,1175
707.581564,2.275e-29,3,6,1265,1175
707.593722,4.783e-22,3,7,1265,1175
707.594197,4.212e-27,4,6,1265,1175
707.613373,1.867e-29,3,6,1265,1175
707.615182,1.985e-30,3,6,1265,1175
707.629274,1.168e-29,3,6,1265,1175
707.629541,1.598e-30,3,6,1265,1175
707.6305,3.014e-30,3,6,1265,1175
707.642752,4.163e-27,3,6,1265,1175
707.659977,1.755e-29,3,6,1265,1175
707.662573,1.522e-26,4,6,1265,1175
707.678667,3.299e-27,3,6,1265,1175
707.694878,1.795e-26,4,7,1265,1175
707.706243,1.788e-29,3,6,1265,1175
707.717053,1.507e-24,4,7,1265,1175
707.717346,3.593e-28,3,6,1265,1175
707.723767,1.779e-27,4,6,1265,1175
707.726864,2.472e-29,3,6,1265,1175
707.732333,1.185e-26,4,6,1265,1175
707.780173,4.16e-27,4,6,1265,1175
707.792123,9.932e-30,3,6,1265,1175
707.804805,3.987e-28,3,6,1265,1175
707.811102,4.901e-30,3,6,1265,1175
707.833757,5.473e-28,3,6,1265,1175
707.836774,3.219e-29,3,6,1265,1175
707.850731,1.384e-30,3,6,1265,1175
707.869756,1.185e-26,3,6,1265,1175
707.884083,1.174e-30,3,6,1265,1175
707.904234,3.514e-29,3,6,1265,1175
707.910088,5.277e-30,3,6,1265,1175
707.932818,2.121e-27,3,6,1265,1175
707.934748,2.517e-27,4,6,1265,1175
707.942886,4.122e-29,3,6,1265,1175
707.962657,2.551e-29,3,6,1265,1175
707.963584,3.48e-29,3,6,1265,1175
707.965488,8.286e-30,3,6,1265,1175
707.990741,1.368e-29,3,6,1265,1175
708.003336,2.721e-29,3,6,1265,1175
708.014707,1.919e-28,3,6,1265,1175
708.020482,1.495e-29,4,6,1265,1175
708.032217,6.091e-30,3,6,1265,1175
708.044992,5.188e-29,3,6,1265,1175
708.068432,2.186e-25,4,6,1265,1175
708.088983,3.523e-28,3,6,1265,1175
708.109008,7.473e-26,4,6,1265,1175
708.125856,3.41e-28,3,6,1265,1175
708.139597,3.506e-27,4,6,1265,1175
708.140394,8.113e-29,3,6,1265,1175
708.142898,6.417e-29,3,6,1265,1175
708.148868,5.239e-30,3,6,1265,1175
708.149347,6.787e-30,3,6,1265,1175
708.163645,2.422e-23,4,7,1265,1175
708.192775,1.342e-27,3,6,1265,1175
708.199819,5.873e-30,3,6,1265,1175
708.204153,1.766e-26,4,6,1265,1175
708.211923,7.296e-21,3,7,1265,1175
708.217339,3.647e-28,3,6,1265,1175
708.229185,3.315e-29,3,6,1265,1175
708.236422,7.797e-29,3,6,1265,1175
708.23907,1.059e-24,4,6,1265,1175
708.283144,4.356e-29,3,6,1265,1175
708.284074,1.722e-28,3,6,1265,1175
708.28757,1.7e-29,3,6,1265,1175
708.292137,9.501e-27,3,6,1265,1175
708.307285,1.361e-29,3,6,1265,1175
708.310794,8.731e-27,3,6,1265,1175
708.312781,2.313e-22,3,7,1265,1175
708.322273,4.866e-24,4,7,1265,1175
708.324148,5.468e-24,4,7,1265,1175
708.325393,9.302e-29,3,6,1265,1175
708.338084,4.804e-27,4,6,1265,1175
708.34368,5.459e-30,3,6,1265,1175
708.363544,1.096e-26,3,6,1265,1175
708.376838,8.647e-30,3,6,1265,1175
708.383505,1.455e-29,3,6,1265,1175
708.389953,2.17e-29,3,6,1265,1175
708.407354,1.468e-29,3,6,1265,1175
708.408748,1.173e-26,3,6,1265,1175
708.40965,1.089e-28,3,6,1265,1175
708.41372,1.474e-26,4,6,1265,1175
708.427495,4.086e-30,3,6,1265,1175
708.458291,8.358e-28,3,6,1265,1175
708.47182,1.569e-29,3,6,1265,1175
708.474912,1.625e-30,3,6,1265,1175
708.480245,4.715e-30,3,6,1265,1175
708.489046,1.251e-28,3,6,1265,1175
708.49132,3.548e-27,3,6,1265,1175
708.49522,1.018e-23,3,7,1265,1175
708.518773,1.838e-29,3,6,1265,1175
708.529989,6.475e-27,4,6,1265,1175
708.539705,1.882e-30,3,6,1265,1175
708.548464,4.314e-30,3,6,1265,1175
708.563443,1.409e-28,3,6,1265,1175
708.565296,1.282e-24,4,7,1265,1175
708.578354,2.209e-28,3,6,1265,1175
708.612246,7.064e-24,4,7,1265,1175
708.623076,2.73e-27,4,6,1265,1175
708.62684,3.366e-27,4,6,1265,1175
708.632714,1.554e-28,3,6,1265,1175
708.635199,5.317e-28,3,6,1265,1175
708.639224,2.934e-26,4,6,1265,1175
708.66671,2.895e-22,3,7,1265,1175
708.674079,1.183e-30,3,6,1265,1175
708.691734,4.94e-30,3,6,1265,1175
708.696742,1.677e-28,3,6,1265,1175
708.715104,8.584e-27,4,6,1265,1175
708.717812,1.128e-28,3,6,1265,1175
708.71792,1.316e-30,3,6,1265,1175
708.718772,7.171e-28,3,6,1265,1175
708.719139,3.858e-30,3,6,1265,1175
708.729107,5.125e-28,3,6,1265,1175
708.741846,6.223e-26,4,7,1265,1175
708.755421,1.767e-28,3,6,1265,1175
708.763679,3.35e-30,3,6,1265,1175
708.785224,2.034e-29,3,6,1265,1175
708.808654,1.816e-28,3,6,1265,1175
708.81019,6.738e-30,3,6,1265,1175
708.825475,2.513e-29,3,6,1265,1175
708.83509,1.836e-30,3,6,1265,1175
708.838873,5.811e-28,4,6,1265,1175
708.856355,1.815e-28,3,6,1265,1175
708.863782,1.634e-28,3,6,1265,1175
708.865191,2.211e-29,3,6,1265,1175
708.866227,8.032e-30,3,6,1265,1175
708.878346,1.985e-25,4,6,1265,1175
708.89323,1.119e-26,4,6,1265,1175
708.898447,1.759e-28,3,6,1265,1175
708.934862,1.642e-28,3,6,1265,1175
708.942985,1.961e-29,4,6,1265,1175
708.958207,6.35e-26,4,6,1265,1175
708.958239,2.842e-28,3,6,1265,1175
708.965544,1.465e-28,3,6,1265,1175
708.989301,2.557e-30,3,6,1265,1175
708.990443,1.231e-28,3,6,1265,1175
708.99235,2.924e-25,4,6,1265,1175
708.993313,2.861e-21,3,7,1265,1175
709.004952,3.094e-28,3,6,1265,1175
709.009521,9.466e-29,3,6,1265,1175
709.011664,2.053e-23,4,7,1265,1175
709.014406,8.063e-30,3,6,1265,1175
709.017506,6.92e-29,3,6,1265,1175
709.022747,6.226e-29,3,6,1265,1175
709.030102,2.718e-29,3,6,1265,1175
709.0483,3.259e-28,3,6,1265,1175
709.048598,2.06e-29,3,6,1265,1175
709.061219,8.894e-28,3,6,1265,1175
709.064178,1.435e-26,4,6,1265,1175
709.102119,4.435e-30,3,6,1265,1175
709.106465,2.646e-26,3,6,1265,1175
709.140376,7.848e-27,3,6,1265,1175
709.145483,8.491e-24,4,7,1265,1175
709.153112,1.358e-29,3,6,1265,1175
709.169109,3.591e-29,3,6,1265,1175
709.170233,1.554e-27,4,6,1265,1175
709.189382,1.51e-27,3,6,1265,1175
709.199517,2.06e-29,3,6,1265,1175
709.218205,9.431e-27,4,6,1265,1175
709.225308,1.919e-30,3,6,1265,1175
709.226397,7.356e-30,3,6,1265,1175
709.227771,1.807e-26,4,6,1265,1175
709.239724,1.305e-29,3,6,1265,1175
709.274869,3.477e-30,3,6,1265,1175
709.285543,1.839e-28,3,6,1265,1175
709.311621,4.244e-28,3,6,1265,1175
709.31726,2.69e-27,4,6,1265,1175
709.323398,1.095e-26,4,7,1265,1175
709.335709,1.324e-30,3,6,1265,1175
709.337524,2.211e-30,3,6,1265,1175
709.341029,3.012e-27,3,6,1265,1175
709.348564,3.464e-22,3,7,1265,1175
709.376175,3.319e-26,4,7,1265,1175
709.383839,2.238e-26,4,6,1265,1175
709.398024,2.521e-29,3,6,1265,1175
709.415621,1.086e-24,4,7,1265,1175
709.431963,2.615e-27,4,6,1265,1175
709.448358,4.866e-30,3,6,1265,1175
709.44968,5.14e-28,3,6,1265,1175
709.46364,1.816e-26,4,6,1265,1175
709.471673,1.417e-30,3,6,1265,1175
709.494534,4.652e-28,3,6,1265,1175
709.504232,1.198e-26,3,6,1265,1175
709.511321,4.965e-30,3,6,1265,1175
709.519067,1.45e-30,3,6,1265,1175
709.532224,2.721e-26,4,6,1265,1175
709.551082,1.147e-29,3,6,1265,1175
709.570586,1.076e-28,3,6,1265,1175
709.575427,5.302e-29,3,6,1265,1175
709.612523,7.535e-30,3,6,1265,1175
709.672776,3.249e-26,4,6,1265,1175
709.687155,4.457e-29,3,6,1265,1175
709.713979,1.386e-28,3,6,1265,1175
709.724666,1.796e-25,4,6,1265,1175
709.727978,1.789e-29,3,6,1265,1175
709.728371,1.028e-30,3,6,1265,1175
709.729278,2.319e-26,4,6,1265,1175
709.767817,4.214e-30,3,6,1265,1175
709.800197,3.404e-29,3,6,1265,1175
709.80302,1.021e-26,3,6,1265,1175
709.805355,3.808e-26,4,6,1265,1175
709.808559,5.373e-26,4,6,1265,1175
709.8122,2.564e-29,4,6,1265,1175
709.817316,2.283e-28,3,6,1265,1175
709.842474,5.864e-29,3,6,1265,1175
709.850117,5.16e-21,3,7,1265,1175
709.859778,6.198e-29,3,6,1265,1175
709.863826,1.735e-23,4,7,1265,1175
709.864364,6.584e-30,3,6,1265,1175
709.880381,2.9e-28,3,6,1265,1175
709.89344,2.066e-22,4,7,1265,1175
709.910482,4.079e-24,4,7,1265,1175
709.924708,2.195e-28,3,6,1265,1175
709.929832,4.378e-26,4,6,1265,1175
709.930371,2.296e-29,3,6,1265,1175
709.938541,1.08e-28,3,6,1265,1175
709.954574,1.173e-26,3,6,1265,1175
709.959912,1.329e-24,4,6,1265,1175
709.966531,1.164e-26,3,6,1265,1175
709.968373,2.008e-29,3,6,1265,1175
709.970086,2.465e-29,3,6,1265,1175
709.970558,7.025e-27,3,6,1265,1175
710.010037,1.946e-29,3,6,1265,1175
710.017002,6.513e-29,3,6,1265,1175
710.018579,1.082e-29,3,6,1265,1175
710.022066,4.65e-24,4,7,1265,1175
710.046084,4.933e-26,4,6,1265,1175
710.054289,1.018e-29,3,6,1265,1175
710.073182,1.155e-29,3,6,1265,1175
710.077057,6.233e-30,3,6,1265,1175
710.124716,5.093e-29,3,6,1265,1175
710.126544,2.947e-30,3,6,1265,1175
710.152806,3.516e-29,3,6,1265,1175
710.153325,1.393e-28,3,6,1265,1175
710.153346,2.71e-29,3,6,1265,1175
710.153998,5.444e-26,4,6,1265,1175
710.162135,6.956e-24,4,7,1265,1175
710.168881,2.24e-26,4,6,1265,1175
710.191872,2.546e-27,3,6,1265,1175
710.197571,1.075e-30,3,6,1265,1175
710.199475,4.589e-29,3,6,1265,1175
710.205835,1.338e-29,3,6,1265,1175
710.214415,3.346e-30,3,6,1265,1175
710.21456,1.346e-30,3,6,1265,1175
710.235187,2.583e-30,3,6,1265,1175
710.244657,1.315e-23,3,7,1265,1175
710.250567,4.942e-28,3,6,1265,1175
710.253472,5.877e-26,4,6,1265,1175
710.266088,9.163e-25,4,7,1265,1175
710.284838,6.407e-28,3,6,1265,1175
710.307204,2.042e-22,3,7,1265,1175
710.322356,9.29e-30,3,6,1265,1175
710.34441,6.198e-26,4,6,1265,1175
710.360107,3.709e-26,4,6,1265,1175
710.370566,8.325e-30,3,6,1265,1175
710.370909,3.903e-30,3,6,1265,1175
710.370996,2.132e-27,4,6,1265,1175
710.372698,1.472e-30,3,6,1265,1175
710.389325,3.572e-26,4,7,1265,1175
710.426727,6.374e-26,4,6,1265,1175
710.427904,4.444e-28,4,6,1265,1175
710.449346,1.963e-29,3,6,1265,1175
710.500344,6.374e-26,4,6,1265,1175
710.532472,1.616e-25,4,6,1265,1175
710.547064,3.474e-25,4,6,1265,1175
710.56165,3.916e-27,4,6,1265,1175
710.565194,6.177e-26,4,6,1265,1175
710.56529,1.171e-28,3,6,1265,1175
710.571554,2.091e-29,3,6,1265,1175
710.573713,6.307e-30,3,6,1265,1175
710.579137,2.812e-21,3,7,1265,1175
710.592009,1.442e-29,3,6,1265,1175
710.612033,5.845e-30,3,6,1265,1175
710.621216,5.769e-26,4,6,1265,1175
710.660061,4.529e-26,4,6,1265,1175
710.668357,5.148e-26,4,6,1265,1175
710.668758,6.277e-28,3,6,1265,1175
710.689817,1.827e-28,3,6,1265,1175
710.698356,6.041e-30,3,6,1265,1175
710.706575,4.327e-26,4,6,1265,1175
710.713526,1.458e-23,4,7,1265,1175
710.713586,2.57e-28,3,6,1265,1175
710.727754,3.338e-29,4,6,1265,1175
710.727839,4.963e-29,3,6,1265,1175
710.735834,3.328e-26,4,6,1265,1175
710.74907,1.08e-29,3,6,1265,1175
710.750558,1.873e-26,3,6,1265,1175
710.751059,1.111e-23,3,7,1265,1175
710.756107,2.189e-26,4,6,1265,1175
710.767376,9.557e-27,3,6,1265,1175
710.802553,6.26e-27,3,6,1265,1175
710.821797,1.83e-29,3,6,1265,1175
710.838909,4.045e-29,3,6,1265,1175
710.850812,2.087e-30,3,7,1265,1175
710.873296,2.286e-27,4,6,1265,1175
710.884939,8.574e-30,3,6,1265,1175
710.903684,4.917e-28,3,6,1265,1175
710.907719,1.018e-29,3,6,1265,1175
710.910576,2.348e-30,3,6,1265,1175
710.928813,5.259e-30,3,6,1265,1175
710.953639,6.579e-27,4,7,1265,1175
710.975852,2.488e-30,3,6,1265,1175
710.985175,4.391e-30,3,6,1265,1175
711.009326,1.097e-27,3,6,1265,1175
711.034998,3.67e-30,3,6,1265,1175
711.039301,3.009e-30,3,6,1265,1175
711.043844,2.144e-27,3,6,1265,1175
711.044126,1.691e-27,4,6,1265,1175
711.049994,4.728e-30,3,7,1265,1175
711.051645,5.847e-30,3,6,1265,1175
711.070238,4.729e-28,3,6,1265,1175
711.086112,1.618e-27,4,6,1265,1175
711.09535,2.524e-29,3,6,1265,1175
711.102514,3.348e-29,3,6,1265,1175
711.110422,2.468e-22,3,7,1265,1175
711.110541,9.443e-30,3,6,1265,1175
711.118875,7.699e-25,4,7,1265,1175
711.147617,1.181e-26,3,6,1265,1175
711.174874,5.325e-28,3,6,1265,1175
711.175793,1.421e-30,3,6,1265,1175
711.191255,2.739e-26,4,6,1265,1175
711.203471,9.148e-30,3,6,1265,1175
711.245305,7.872e-29,3,6,1265,1175
711.256401,1.055e-29,3,7,1265,1175
711.256803,2.066e-26,4,7,1265,1175
711.257603,2.991e-26,4,6,1265,1175
711.319668,1.07e-26,3,6,1265,1175
711.356731,3.118e-30,3,6,1265,1175
711.357368,1.813e-29,3,6,1265,1175
711.38298,8.049e-30,3,6,1265,1175
711.386131,1.45e-25,4,6,1265,1175
711.405379,5.611e-29,3,6,1265,1175
711.41771,9.846e-29,3,6,1265,1175
711.428243,3.249e-29,3,6,1265,1175
711.45692,1.158e-29,3,6,1265,1175
711.469432,2.321e-29,4,7,1265,1175
711.475165,1.808e-22,3,7,1265,1175
711.490729,3.59e-21,3,7,1265,1175
711.493924,2.839e-29,3,6,1265,1175
711.499649,3.357e-24,4,7,1265,1175
711.512703,3.801e-26,4,6,1265,1175
711.523014,1.126e-26,3,6,1265,1175
711.54294,1.223e-26,3,6,1265,1175
711.547895,2.268e-28,3,6,1265,1175
711.549187,4.17e-29,3,6,1265,1175
711.549927,1.456e-28,3,6,1265,1175
711.554219,2.725e-29,3,6,1265,1175
711.568849,1.222e-23,4,7,1265,1175
711.572542,8.125e-30,3,6,1265,1175
711.595327,6.671e-29,3,6,1265,1175
711.598782,4.33e-29,4,6,1265,1175
711.617265,3.349e-30,3,6,1265,1175
711.626673,4.466e-29,3,6,1265,1175
711.63441,1.713e-29,3,6,1265,1175
711.634913,5.556e-27,3,6,1265,1175
711.663989,1.637e-30,3,6,1265,1175
711.67269,1.639e-24,4,6,1265,1175
711.688492,5.028e-29,4,7,1265,1175
711.696534,1.414e-29,3,6,1265,1175
711.713964,6.606e-24,4,7,1265,1175
711.723396,4.808e-29,3,6,1265,1175
711.727811,3.884e-24,4,7,1265,1175
711.730014,1.391e-28,3,6,1265,1175
711.742492,9.582e-29,3,6,1265,1175
711.74333,8.933e-30,3,6,1265,1175
711.754501,6.784e-30,3,6,1265,1175
711.756619,1.5e-30,3,6,1265,1175
711.781658,4.42e-30,3,6,1265,1175
711.78842,1.051e-29,3,6,1265,1175
711.808251,7.5e-30,3,6,1265,1175
711.830328,2.091e-30,3,6,1265,1175
711.850754,5.609e-28,3,6,1265,1175
711.869665,4.502e-28,3,6,1265,1175
711.896938,1.798e-27,3,6,1265,1175
711.912997,1.073e-28,4,7,1265,1175
711.917343,3.349e-26,4,6,1265,1175
711.925758,3.486e-30,3,6,1265,1175
711.927174,9.842e-30,3,6,1265,1175
711.946627,1.012e-30,3,6,1265,1175
711.949334,1.122e-29,3,6,1265,1175
711.950038,1.418e-22,5,7,1265,1175
711.971516,6.442e-25,4,7,1265,1175
711.985439,1.669e-23,3,7,1265,1175
712.009596,7.699e-29,3,6,1265,1175
712.017881,3.341e-28,4,6,1265,1175
712.019433,1.614e-30,3,6,1265,1175
712.039539,2.018e-26,4,7,1265,1175
712.073837,4.608e-26,4,6,1265,1175
712.096855,2.062e-29,3,6,1265,1175
712.099852,3.903e-25,4,6,1265,1175
712.120105,1.329e-27,4,6,1265,1175
712.14237,2.256e-28,4,7,1265,1175
712.161682,2.667e-21,3,7,1265,1175
712.190919,1.293e-25,4,6,1265,1175
712.2107,4.168e-30,3,6,1265,1175
712.240537,1.877e-30,3,6,1265,1175
712.271233,8.249e-29,3,6,1265,1175
712.277272,4.358e-28,3,6,1265,1175
712.280091,2.696e-29,3,6,1265,1175
712.281878,3.12e-30,3,6,1265,1175
712.323106,9.258e-30,3,6,1265,1175
712.3557,1.429e-23,3,7,1265,1175
712.366483,3.178e-26,4,6,1265,1175
712.376044,4.671e-28,4,7,1265,1175
712.38332,1.993e-28,3,6,1265,1175
712.39704,1.305e-26,3,6,1265,1175
712.420002,1.019e-23,4,7,1265,1175
712.42192,1.015e-29,3,6,1265,1175
712.425807,1.156e-28,3,6,1265,1175
712.443814,3.501e-29,3,6,1265,1175
712.44837,1.596e-29,3,6,1265,1175
712.469334,4.909e-27,3,6,1265,1175
712.486554,5.527e-27,4,6,1265,1175
712.493421,5.585e-28,3,6,1265,1175
712.499404,4.46e-29,3,6,1265,1175
712.508034,5.593e-29,4,6,1265,1175
712.520436,3.882e-30,3,6,1265,1175
712.573045,3.308e-27,4,6,1265,1175
712.580008,7.808e-30,3,6,1265,1175
712.585609,3.891e-27,4,7,1265,1175
712.613465,9.529e-28,4,7,1265,1175
712.621197,5.33e-30,3,6,1265,1175
712.635585,3.7e-30,3,6,1265,1175
712.66902,7.636e-30,3,6,1265,1175
712.681447,1.751e-30,3,6,1265,1175
712.682174,7.273e-30,3,6,1265,1175
712.695492,4.267e-28,3,6,1265,1175
712.734862,4.026e-30,3,6,1265,1175
712.742573,9.858e-28,4,6,1265,1175
712.751148,1.502e-27,3,6,1265,1175
712.774771,1.046e-27,4,6,1265,1175
712.788966,3.789e-26,4,6,1265,1175
712.799739,1.137e-26,3,6,1265,1175
712.804939,1.061e-29,3,6,1265,1175
712.819809,4.22e-29,3,6,1265,1175
712.82677,5.369e-25,4,7,1265,1175
712.838227,7.844e-28,3,6,1265,1175
712.840962,2.808e-30,3,6,1265,1175
712.841903,1.089e-26,3,6,1265,1175
712.845735,5.974e-28,3,6,1265,1175
712.847089,2.886e-29,3,6,1265,1175
712.85409,1.915e-27,4,7,1265,1175
712.8792,1.73e-22,5,7,1265,1175
712.893066,4.206e-29,3,6,1265,1175
712.909219,3.551e-29,3,6,1265,1175
712.913618,1.15e-28,3,6,1265,1175
712.914987,4.063e-26,4,6,1265,1175
712.958832,2.951e-30,3,6,1265,1175
713.052848,1.15e-25,4,6,1265,1175
713.057873,1.552e-22,3,7,1265,1175
713.078141,1.065e-26,3,6,1265,1175
713.088821,6.377e-27,4,6,1265,1175
713.089707,2.714e-24,4,7,1265,1175
713.097388,3.791e-27,4,7,1265,1175
713.117789,6.944e-29,3,6,1265,1175
713.125851,6.884e-29,3,6,1265,1175
713.128489,1.241e-26,3,6,1265,1175
713.133712,2.457e-21,3,7,1265,1175
713.140809,3.635e-29,3,6,1265,1175
713.146111,1.266e-26,4,7,1265,1175
713.190109,7.374e-30,3,6,1265,1175
713.208931,2.684e-30,3,6,1265,1175
713.219831,1.744e-28,3,6,1265,1175
713.22139,2.646e-26,4,6,1265,1175
713.245556,1.284e-29,3,6,1265,1175
713.254387,4.055e-29,3,6,1265,1175
713.260427,2.917e-29,3,6,1265,1175
713.263026,1.481e-29,3,6,1265,1175
713.264012,1.162e-29,3,6,1265,1175
713.267647,6.007e-24,4,7,1265,1175
713.273149,9.842e-30,3,6,1265,1175
713.27869,8.47e-24,4,7,1265,1175
713.286759,9.142e-29,3,6,1265,1175
713.295742,2.423e-28,3,6,1265,1175
713.300148,1.636e-30,3,6,1265,1175
713.303811,4.32e-27,3,6,1265,1175
713.312472,4.251e-28,3,6,1265,1175
713.338743,5.895e-28,3,6,1265,1175
713.342844,7.393e-27,4,7,1265,1175
713.374529,7.292e-28,3,6,1265,1175
713.377268,1.984e-24,3,6,1265,1175
713.380204,7.198e-29,4,6,1265,1175
713.416369,4.814e-28,3,6,1265,1175
713.417747,6.796e-30,3,6,1265,1175
713.419795,8.397e-28,3,6,1265,1175
713.441234,3.186e-24,4,7,1265,1175
713.441818,5.761e-29,3,6,1265,1175
713.459904,1.387e-28,3,6,1265,1175
713.468625,1.083e-30,3,6,1265,1175
713.474497,9.181e-28,3,6,1265,1175
713.479967,1.112e-29,3,6,1265,1175
713.484527,2.796e-29,3,6,1265,1175
713.490587,3.085e-30,3,6,1265,1175
713.492375,4.022e-28,3,6,1265,1175
713.495333,4.185e-30,3,6,1265,1175
713.508555,2.594e-30,3,6,1265,1175
713.53858,9.638e-28,3,6,1265,1175
713.538804,1.46e-30,3,6,1265,1175
713.541631,8.676e-29,3,6,1265,1175
713.568959,5.434e-30,3,6,1265,1175
713.589954,1.42e-26,4,7,1265,1175
713.595168,9.679e-23,5,7,1265,1175
713.606467,1.249e-27,3,6,1265,1175
713.608689,2.47e-28,4,6,1265,1175
713.611268,4.627e-30,3,6,1265,1175
713.611978,9.779e-28,3,6,1265,1175
713.624513,1.968e-29,3,6,1265,1175
713.650656,4.198e-25,4,6,1265,1175
713.657994,1.732e-30,3,6,1265,1175
713.659174,4.927e-26,4,6,1265,1175
713.681529,4.456e-25,4,7,1265,1175
713.692523,1.122e-26,4,7,1265,1175
713.694616,9.633e-28,3,6,1265,1175
713.701996,9.234e-30,3,6,1265,1175
713.717435,2.081e-23,4,7,1265,1175
713.740877,2.422e-21,3,7,1265,1175
713.780189,5.625e-26,4,6,1265,1175
713.786407,9.24e-28,3,6,1265,1175
713.81033,2.924e-30,3,6,1265,1175
713.838227,2.687e-26,4,7,1265,1175
713.853593,1.017e-25,4,6,1265,1175
713.874112,8.156e-28,4,6,1265,1175
713.883744,1.145e-28,3,6,1265,1175
713.886696,2.977e-28,3,6,1265,1175
713.887255,8.651e-28,3,6,1265,1175
713.959257,1.806e-23,4,7,1265,1175
713.981558,5.721e-29,3,6,1265,1175
713.997047,7.916e-28,3,6,1265,1175
714.04176,2.303e-30,3,6,1265,1175
714.045805,8.937e-27,3,6,1265,1175
714.054033,3.363e-30,3,6,1265,1175
714.057452,1.52e-28,3,6,1265,1175
714.058428,5.85e-30,3,6,1265,1175
714.069317,9.838e-29,3,6,1265,1175
714.077424,2.194e-26,4,6,1265,1175
714.079196,1.367e-29,3,6,1265,1175
714.080725,6.215e-28,3,6,1265,1175
714.08719,5.007e-26,4,7,1265,1175
714.115663,7.091e-28,3,6,1265,1175
714.131026,7.004e-24,3,7,1265,1175
714.140676,3.785e-27,3,6,1265,1175
714.150505,4.807e-29,3,6,1265,1175
714.16547,2.43e-29,3,6,1265,1175
714.16617,7.2e-29,3,6,1265,1175
714.212724,2.841e-29,3,6,1265,1175
714.219321,2.265e-27,4,7,1265,1175
714.226417,6.066e-30,3,6,1265,1175
714.242968,6.222e-28,3,6,1265,1175
714.256538,5.892e-30,3,6,1265,1175
714.26354,1.607e-29,3,6,1265,1175
714.269283,4.709e-27,4,6,1265,1175
714.277937,1.037e-30,3,6,1265,1175
714.283711,9.225e-29,4,6,1265,1175
714.323211,4.714e-26,4,6,1265,1175
714.325522,3.776e-28,3,6,1265,1175
714.33638,9.191e-26,4,7,1265,1175
714.346659,2.561e-30,3,6,1265,1175
714.361805,3.262e-30,3,6,1265,1175
714.364384,5.348e-29,3,6,1265,1175
714.369568,1.075e-26,3,6,1265,1175
714.378814,5.353e-28,3,6,1265,1175
714.391595,1.213e-30,3,6,1265,1175
714.397638,7.671e-27,4,6,1265,1175
714.401297,5.911e-28,4,6,1265,1175
714.416763,1.18e-29,3,6,1265,1175
714.424195,5.299e-30,3,6,1265,1175
714.460406,1.071e-26,3,6,1265,1175
714.462126,5.137e-29,3,6,1265,1175
714.462888,1.035e-27,3,6,1265,1175
714.50703,6.565e-28,3,6,1265,1175
714.509178,6.371e-28,4,6,1265,1175
714.523038,4.519e-28,3,6,1265,1175
714.539258,3.684e-25,4,7,1265,1175
714.550013,5.074e-29,3,6,1265,1175
714.580125,1.652e-28,3,6,1265,1175
714.58535,1.662e-25,4,7,1265,1175
714.629624,1.249e-26,4,6,1265,1175
714.631851,9.847e-27,3,6,1265,1175
714.634653,5.931e-26,4,6,1265,1175
714.641475,1.306e-22,3,7,1265,1175
714.643394,8.615e-30,3,6,1265,1175
714.654795,1.193e-22,5,7,1265,1175
714.675466,3.744e-28,3,6,1265,1175
714.675855,5.517e-28,3,6,1265,1175
714.680585,2.156e-24,4,7,1265,1175
714.70859,2.81e-29,3,6,1265,1175
714.711084,1.221e-26,3,6,1265,1175
714.715137,2.112e-30,3,6,1265,1175
714.724847,8.974e-26,4,6,1265,1175
714.727919,4.765e-29,3,6,1265,1175
714.748759,1.253e-29,3,6,1265,1175
714.779021,1.654e-21,3,7,1265,1175
714.823107,5.163e-24,4,7,1265,1175
714.823949,8.442e-29,3,6,1265,1175
714.833667,2.959e-25,4,7,1265,1175
714.835907,3.046e-28,3,6,1265,1175
714.838347,4.736e-29,3,6,1265,1175
714.845046,1.744e-30,3,6,1265,1175
714.895831,1.257e-29,3,6,1265,1175
714.89614,1.319e-28,3,6,1265,1175
714.915675,2.427e-29,3,6,1265,1175
714.927493,4.622e-30,3,6,1265,1175
714.934569,1.812e-26,4,6,1265,1175
714.965948,1.17e-29,3,6,1265,1175
714.976077,2.008e-29,3,6,1265,1175
714.977201,3.303e-27,3,6,1265,1175
714.980188,3.642e-30,3,6,1265,1175
714.981519,4.054e-28,3,6,1265,1175
714.987425,1.124e-30,3,6,1265,1175
714.993324,5.777e-24,4,7,1265,1175
715.004159,2.435e-28,3,6,1265,1175
715.027755,5.649e-29,3,6,1265,1175
715.028892,1.208e-29,3,6,1265,1175
715.04395,7.638e-27,4,7,1265,1175
715.073517,2.356e-24,3,6,1265,1175
715.080912,5.188e-25,4,7,1265,1175
715.096376,5.087e-30,3,6,1265,1175
715.099112,2.017e-29,3,6,1265,1175
715.118581,3.526e-28,3,6,1265,1175
715.154799,1.806e-29,3,6,1265,1175
715.156435,1.178e-28,4,6,1265,1175
715.16217,2.569e-24,4,7,1265,1175
715.16952,1.975e-28,3,6,1265,1175
715.180001,1.912e-28,3,6,1265,1175
715.199409,4.356e-25,4,6,1265,1175
715.200206,1.796e-28,4,6,1265,1175
715.203793,2.118e-30,3,6,1265,1175
715.219406,1.85e-30,3,6,1265,1175
715.241075,2.542e-30,3,6,1265,1175
715.242545,6.502e-23,4,7,1265,1175
715.245383,7.304e-29,3,6,1265,1175
715.25193,1.003e-30,3,6,1265,1175
715.288259,1.817e-30,3,6,1265,1175
715.291575,6.038e-30,3,6,1265,1175
715.31666,2.079e-21,3,7,1265,1175
715.320406,8.539e-28,3,6,1265,1175
715.326679,8.961e-25,4,7,1265,1175
715.336187,3.875e-30,3,6,1265,1175
715.348313,6.146e-27,4,7,1265,1175
715.359406,5.329e-29,3,6,1265,1175
715.363203,1.476e-28,3,6,1265,1175
715.394434,7.131e-26,4,6,1265,1175
715.396074,3.033e-25,4,7,1265,1175
715.410845,2.018e-30,3,6,1265,1175
715.440523,2.549e-23,3,7,1265,1175
715.463475,7.473e-30,3,6,1265,1175
715.478952,6.742e-26,4,6,1265,1175
715.49696,2.001e-28,3,6,1265,1175
715.515023,1.536e-30,3,6,1265,1175
715.520393,7.867e-26,4,6,1265,1175
715.553519,1.12e-28,3,6,1265,1175
715.561587,2.241e-23,3,7,1265,1175
715.570578,1.524e-24,4,7,1265,1175
715.58585,2.858e-30,3,6,1265,1175
715.590716,2.703e-29,3,6,1265,1175
715.627122,1.959e-28,3,6,1265,1175
715.63296,4.926e-28,4,6,1265,1175
715.665495,6.769e-28,3,6,1265,1175
715.696213,3.904e-29,3,6,1265,1175
715.696739,6.023e-27,3,6,1265,1175
715.704516,1.208e-30,3,7,1265,1175
715.714231,1.151e-29,3,6,1265,1175
715.735932,1.14e-28,3,6,1265,1175
715.747087,1.676e-28,3,6,1265,1175
715.750692,8.359e-29,3,6,1265,1175
715.770973,2.47e-30,3,7,1265,1175
715.782626,4.735e-30,3,6,1265,1175
715.792134,5.059e-29,3,6,1265,1175
715.79283,1.491e-26,4,6,1265,1175
715.797925,3.638e-30,3,6,1265,1175
715.81223,2.552e-24,4,7,1265,1175
715.816538,2.87e-27,3,6,1265,1175
715.842032,6.675e-29,3,6,1265,1175
715.84523,4.973e-30,3,7,1265,1175
715.846528,4.738e-24,4,7,1265,1175
715.854785,1.298e-27,4,7,1265,1175
715.860189,5.758e-26,4,6,1265,1175
715.892852,1.66e-29,3,6,1265,1175
715.901742,1.687e-30,3,6,1265,1175
715.902523,1.023e-26,3,6,1265,1175
715.910865,4.414e-29,3,6,1265,1175
715.926805,9.858e-30,4,7,1265,1175
715.937253,4.374e-30,3,6,1265,1175
715.952215,2.732e-29,3,6,1265,1175
715.954455,6.135e-29,3,6,1265,1175
715.960421,3.28e-28,3,6,1265,1175
715.961824,6.59e-27,4,6,1265,1175
716.015206,1.924e-29,4,7,1265,1175
716.016099,6.505e-29,3,6,1265,1175
716.038746,1.267e-29,3,6,1265,1175
716.05127,4.209e-24,4,7,1265,1175
716.054673,1.497e-28,4,6,1265,1175
716.061983,1.745e-30,3,6,1265,1175
716.062236,3.49e-28,4,6,1265,1175
716.098363,2.505e-29,3,6,1265,1175
716.106679,1.966e-30,3,6,1265,1175
716.107285,6.856e-30,3,6,1265,1175
716.10993,3.699e-29,4,7,1265,1175
716.129404,9.876e-27,3,6,1265,1175
716.158681,7.059e-28,3,6,1265,1175
716.164532,4.428e-29,3,6,1265,1175
716.166157,1.808e-26,4,6,1265,1175
716.179013,7.018e-28,3,6,1265,1175
716.184082,8.917e-27,3,6,1265,1175
716.210469,7e-29,4,7,1265,1175
716.225879,1.08e-22,3,7,1265,1175
716.242327,1.317e-29,3,6,1265,1175
716.244597,2.334e-28,3,6,1265,1175
716.247337,3.819e-28,4,6,1265,1175
716.256293,2.487e-25,4,7,1265,1175
716.272212,1.682e-24,4,7,1265,1175
716.287348,6.835e-24,4,7,1265,1175
716.290599,1.158e-26,3,6,1265,1175
716.293242,5.849e-29,3,6,1265,1175
716.294765,1.047e-26,4,6,1265,1175
716.315333,6.136e-29,3,6,1265,1175
716.316311,1.305e-28,4,7,1265,1175
716.350077,8.516e-26,4,6,1265,1175
716.373634,1.458e-30,3,6,1265,1175
716.38028,4.096e-24,4,7,1265,1175
716.380648,3.144e-29,3,6,1265,1175
716.385804,1.379e-30,3,6,1265,1175
716.391219,1.815e-30,3,6,1265,1175
716.40216,6.882e-26,4,6,1265,1175
716.426609,1.096e-21,5,7,1265,1175
716.426946,2.394e-28,4,7,1265,1175
716.437095,8.095e-23,4,7,1265,1175
716.503069,1.133e-30,3,6,1265,1175
716.520126,1.093e-23,4,7,1265,1175
716.521958,3.819e-28,3,6,1265,1175
716.523456,1.008e-28,3,6,1265,1175
716.532767,1.048e-29,3,6,1265,1175
716.541862,4.327e-28,4,7,1265,1175
716.546032,3.351e-28,3,6,1265,1175
716.555148,3.206e-29,3,6,1265,1175
716.573888,1.268e-29,3,6,1265,1175
716.576769,9.814e-29,3,6,1265,1175
716.579144,1.43e-29,3,6,1265,1175
716.582214,1.003e-29,3,6,1265,1175
716.602529,2.196e-29,3,6,1265,1175
716.65072,1.363e-29,3,6,1265,1175
716.652188,1.221e-26,4,6,1265,1175
716.655029,2.483e-27,3,6,1265,1175
716.660556,7.699e-28,4,7,1265,1175
716.66902,2.852e-30,3,6,1265,1175
716.688373,1.575e-29,3,6,1265,1175
716.696017,1.36e-29,3,6,1265,1175
716.71273,3.877e-24,4,7,1265,1175
716.719881,2.41e-30,3,6,1265,1175
716.746038,4.382e-25,4,6,1265,1175
716.74816,3.034e-28,3,6,1265,1175
716.749276,1.72e-23,4,7,1265,1175
716.761314,2.744e-24,4,6,1265,1175
716.772857,3.436e-29,3,6,1265,1175
716.779163,3.745e-30,3,6,1265,1175
716.78253,1.349e-27,4,7,1265,1175
716.792307,1.284e-28,3,6,1265,1175
716.829917,1.509e-29,3,6,1265,1175
716.871612,2.766e-28,3,6,1265,1175
716.888974,1.648e-21,3,7,1265,1175
716.890445,2.036e-24,4,7,1265,1175
716.892124,4.298e-23,4,7,1265,1175
716.907294,2.327e-27,4,7,1265,1175
716.91012,1.86e-30,3,6,1265,1175
716.921222,1.432e-30,3,6,1265,1175
716.927436,1.897e-28,4,6,1265,1175
716.943701,3.117e-29,3,6,1265,1175
716.950156,4.536e-27,4,7,1265,1175
716.966545,7.747e-30,3,6,1265,1175
716.974488,2.666e-23,4,7,1265,1175
716.974955,4.414e-30,3,6,1265,1175
716.980958,2.478e-29,3,6,1265,1175
716.991733,1.52e-30,3,6,1265,1175
717.00694,3.314e-27,4,7,1265,1175
717.012164,1.371e-30,3,6,1265,1175
717.034368,3.953e-27,4,7,1265,1175
717.037139,9.1e-29,3,6,1265,1175
717.038704,5.745e-28,3,6,1265,1175
717.054398,4.149e-30,3,6,1265,1175
717.062585,1.02e-29,3,6,1265,1175
717.068496,1.322e-30,3,6,1265,1175
717.107995,1.323e-28,3,6,1265,1175
717.109696,2.719e-30,3,6,1265,1175
717.115096,2.031e-25,4,7,1265,1175
717.115763,2.384e-30,3,6,1265,1175
717.123175,1.015e-25,4,6,1265,1175
717.154588,3.065e-23,3,7,1265,1175
717.162554,2.73e-23,3,7,1265,1175
717.163287,6.613e-27,4,7,1265,1175
717.169931,7.935e-26,4,6,1265,1175
717.179978,2.881e-28,3,6,1265,1175
717.183177,3.223e-29,3,6,1265,1175
717.191215,5.981e-26,4,6,1265,1175
717.195459,4.067e-23,4,7,1265,1175
717.215335,2.562e-29,3,6,1265,1175
717.233395,5.945e-30,3,6,1265,1175
717.247636,7.209e-28,3,6,1265,1175
717.293594,1.089e-26,4,7,1265,1175
717.300362,6.784e-30,3,6,1265,1175
717.325852,8.178e-29,3,6,1265,1175
717.337534,3.633e-30,3,6,1265,1175
717.349721,3.994e-27,3,6,1265,1175
717.353431,9.513e-30,3,6,1265,1175
717.388625,7.034e-30,3,6,1265,1175
717.396582,2.929e-28,4,6,1265,1175
717.399761,6.9e-26,4,6,1265,1175
717.411901,6.106e-23,4,7,1265,1175
717.415145,2.622e-29,3,6,1265,1175
717.418707,8.412e-29,3,6,1265,1175
717.424213,5.187e-29,3,6,1265,1175
717.42485,1.766e-26,4,7,1265,1175
717.440647,9.315e-27,3,6,1265,1175
717.492013,7.321e-28,4,7,1265,1175
717.49688,2.14e-27,3,6,1265,1175
717.504163,1.127e-30,3,6,1265,1175
717.51265,9.966e-27,4,6,1265,1175
717.541545,2.227e-30,3,6,1265,1175
717.543182,4.439e-30,3,6,1265,1175
717.556628,2.819e-26,4,7,1265,1175
717.566437,3.153e-24,4,7,1265,1175
717.57116,7.606e-29,3,6,1265,1175
717.599563,2.412e-28,3,6,1265,1175
717.6003,2.798e-28,3,6,1265,1175
717.622097,3.194e-30,3,6,1265,1175
717.623537,9.024e-23,4,7,1265,1175
717.626014,1.116e-29,3,6,1265,1175
717.640596,2.334e-30,3,6,1265,1175
717.650489,9.07e-27,4,6,1265,1175
717.659853,2.664e-29,3,6,1265,1175
717.670651,1.32e-29,3,6,1265,1175
717.688517,4.43e-26,4,7,1265,1175
717.69842,2.292e-26,4,6,1265,1175
717.72185,1.174e-29,3,6,1265,1175
717.725344,2.029e-28,4,6,1265,1175
717.734766,7.911e-27,3,6,1265,1175
717.744411,1.345e-29,3,6,1265,1175
717.781502,1.17e-30,3,6,1265,1175
717.784111,8.72e-30,3,6,1265,1175
717.791169,2.857e-30,3,6,1265,1175
717.800613,7.418e-28,3,6,1265,1175
717.806503,8.93e-27,3,6,1265,1175
717.810986,8.76e-23,3,7,1265,1175
717.820121,6.853e-26,4,7,1265,1175
717.820811,2.393e-28,4,6,1265,1175
717.830101,1.313e-22,4,7,1265,1175
717.855735,1.166e-30,3,6,1265,1175
717.864511,1.291e-24,4,7,1265,1175
717.866927,1.052e-26,3,6,1265,1175
717.87561,1.928e-30,3,6,1265,1175
717.89947,4.684e-28,3,6,1265,1175
717.902847,7.764e-29,3,6,1265,1175
717.906815,3.244e-28,3,6,1265,1175
717.917355,1.523e-29,3,6,1265,1175
717.926191,3.842e-29,3,6,1265,1175
717.938581,1.841e-30,3,6,1265,1175
717.939111,2.845e-24,4,7,1265,1175
717.95106,1.044e-25,4,7,1265,1175
717.974307,6.022e-29,3,6,1265,1175
717.977825,1.653e-25,4,7,1265,1175
717.98925,2.254e-28,4,6,1265,1175
718.015443,1.112e-30,3,6,1265,1175
718.03134,1.879e-22,5,7,1265,1175
718.044796,1.809e-30,3,6,1265,1175
718.046489,1.677e-28,3,6,1265,1175
718.049619,6.485e-29,3,6,1265,1175
718.053389,1.931e-29,3,6,1265,1175
718.061092,1.203e-25,4,6,1265,1175
718.076428,7.143e-22,3,7,1265,1175
718.080969,1.565e-25,4,7,1265,1175
718.084825,5.19e-26,4,6,1265,1175
718.109723,2.72e-28,3,6,1265,1175
718.11489,1.292e-29,3,6,1265,1175
718.133933,3.748e-28,3,6,1265,1175
718.17377,8.594e-30,3,6,1265,1175
718.17781,1.405e-26,4,6,1265,1175
718.202961,1.225e-30,3,6,1265,1175
718.2095,2.308e-25,4,7,1265,1175
718.215539,1.018e-30,3,6,1265,1175
718.215932,1.182e-28,3,6,1265,1175
718.225984,5.406e-23,4,7,1265,1175
718.226417,1.273e-29,3,6,1265,1175
718.227011,2.646e-22,3,7,1265,1175
718.236675,7.174e-28,3,6,1265,1175
718.244747,8.292e-30,3,6,1265,1175
718.261664,7.182e-29,3,6,1265,1175
718.276198,2.136e-29,3,6,1265,1175
718.290461,4.287e-25,4,6,1265,1175
718.305253,1.125e-30,3,6,1265,1175
718.327261,1.557e-29,3,6,1265,1175
718.336319,3.352e-25,4,7,1265,1175
718.337241,1.837e-27,3,6,1265,1175
718.354759,1.222e-27,3,6,1265,1175
718.374193,8.1e-27,4,6,1265,1175
718.376267,2.602e-28,3,6,1265,1175
718.380989,2.564e-28,3,6,1265,1175
718.382581,3.126e-29,3,6,1265,1175
718.383343,2.183e-29,3,6,1265,1175
718.384859,9.031e-29,3,6,1265,1175
718.414637,1.732e-30,3,6,1265,1175
718.416882,3.666e-22,3,7,1265,1175
718.420117,9.064e-30,3,6,1265,1175
718.436891,2.56e-24,4,7,1265,1175
718.440547,3.131e-24,4,6,1265,1175
718.457772,1.144e-21,3,7,1265,1175
718.461111,4.789e-25,4,7,1265,1175
718.466048,2.713e-30,3,6,1265,1175
718.488234,1.896e-27,3,6,1265,1175
718.497887,2.313e-29,3,6,1265,1175
718.498821,1.148e-29,3,6,1265,1175
718.522007,2.057e-29,3,6,1265,1175
718.523476,1.854e-30,3,6,1265,1175
718.543855,2.796e-23,4,7,1265,1175
718.566436,3.811e-28,3,6,1265,1175
718.583571,6.734e-25,4,7,1265,1175
718.60073,4.996e-22,3,7,1265,1175
718.602783,1.555e-30,3,6,1265,1175
718.625873,1.587e-24,4,7,1265,1175
718.636048,9.769e-30,3,6,1265,1175
718.637156,2.726e-27,3,6,1265,1175
718.643645,1.951e-30,3,6,1265,1175
718.668436,1.759e-27,4,7,1265,1175
718.693164,3.006e-28,4,6,1265,1175
718.703415,9.314e-25,4,7,1265,1175
718.708789,4.984e-29,3,6,1265,1175
718.719728,8.608e-29,3,6,1265,1175
718.727839,3.708e-28,3,6,1265,1175
718.761306,3.804e-28,3,6,1265,1175
718.762026,3.264e-23,3,7,1265,1175
718.778346,6.697e-22,3,7,1265,1175
718.779366,4.741e-29,3,6,1265,1175
718.801585,3.673e-27,3,6,1265,1175
718.815695,9.829e-29,3,6,1265,1175
718.816872,1.114e-28,3,6,1265,1175
718.820369,1.267e-24,4,7,1265,1175
718.827061,7.496e-28,3,6,1265,1175
718.838542,1.339e-25,4,7,1265,1175
718.84544,1.422e-25,4,6,1265,1175
718.852946,9.163e-26,4,6,1265,1175
718.859522,3.618e-23,3,7,1265,1175
718.864544,2.653e-27,4,7,1265,1175
718.864898,1.793e-30,3,7,1265,1175
718.865949,4.472e-26,4,6,1265,1175
718.88923,1.878e-30,3,6,1265,1175
718.891026,2.74e-30,3,6,1265,1175
718.934176,1.696e-24,4,7,1265,1175
718.941791,8.112e-26,4,6,1265,1175
718.943426,5.249e-30,3,6,1265,1175
718.94953,8.828e-22,3,7,1265,1175
718.976774,1.935e-30,3,6,1265,1175
718.981589,4.678e-27,3,6,1265,1175
718.983834,8.017e-27,3,6,1265,1175
718.99675,7.73e-30,3,6,1265,1175
719.004622,2.606e-27,3,6,1265,1175
719.011353,4.651e-30,3,6,1265,1175
719.012773,1.92e-29,3,6,1265,1175
719.031399,7.823e-29,3,6,1265,1175
719.044592,2.233e-24,3,7,1265,1175
719.046675,5.166e-29,3,6,1265,1175
719.105724,6.106e-29,3,6,1265,1175
719.114089,1.144e-21,3,7,1265,1175
719.127342,8.408e-29,3,6,1265,1175
719.131016,4.066e-28,4,7,1265,1175
719.1383,1.733e-29,3,6,1265,1175
719.151388,2.889e-24,4,7,1265,1175
719.164908,1.714e-28,4,6,1265,1175
719.177239,5.668e-27,3,6,1265,1175
719.18166,1.57e-27,3,6,1265,1175
719.21689,1.035e-30,3,6,1265,1175
719.22642,2.682e-26,4,6,1265,1175
719.236831,6.557e-27,4,6,1265,1175
719.245282,2.343e-28,3,6,1265,1175
719.254347,3.675e-24,4,7,1265,1175
719.254744,1.33e-29,3,6,1265,1175
719.271845,1.457e-21,3,7,1265,1175
719.283833,6.883e-27,3,6,1265,1175
719.289233,1.342e-30,3,6,1265,1175
719.290677,2.066e-24,4,7,1265,1175
719.311011,2.295e-30,3,6,1265,1175
719.312203,1.338e-29,3,6,1265,1175
719.325272,2.358e-30,3,6,1265,1175
719.335107,1.227e-26,4,6,1265,1175
719.348809,1.086e-30,3,6,1265,1175
719.349824,1.209e-28,3,6,1265,1175
719.353266,4.595e-24,4,7,1265,1175
719.365017,7.38e-30,3,6,1265,1175
719.388614,6.566e-27,3,6,1265,1175
719.39057,1.161e-28,3,6,1265,1175
719.396694,6.982e-23,3,7,1265,1175
719.413095,1.582e-29,3,6,1265,1175
719.422626,1.824e-21,3,7,1265,1175
719.432759,7.606e-28,3,6,1265,1175
719.439973,9.041e-27,3,6,1265,1175
719.441117,3.415e-28,3,6,1265,1175
719.447953,5.643e-24,4,7,1265,1175
719.454652,1.09e-29,3,6,1265,1175
719.457406,9.733e-25,4,7,1265,1175
719.487054,1.816e-30,3,6,1265,1175
719.490265,9.646e-29,3,6,1265,1175
719.491446,7.92e-27,3,6,1265,1175
719.499558,1.459e-24,4,7,1265,1175
719.52434,1.066e-30,3,6,1265,1175
719.530367,1.545e-30,3,6,1265,1175
719.538231,6.806e-24,4,7,1265,1175
719.566272,2.243e-21,3,7,1265,1175
719.566567,4.434e-28,3,6,1265,1175
719.582021,3.762e-28,4,6,1265,1175
719.615797,7.301e-27,3,6,1265,1175
719.623933,8.058e-24,4,7,1265,1175
719.624203,3.076e-28,3,6,1265,1175
719.644798,1.444e-30,3,6,1265,1175
719.648608,2.807e-30,3,6,1265,1175
719.651822,1.281e-29,3,6,1265,1175
719.663498,1.839e-28,3,6,1265,1175
719.672397,2.168e-28,3,6,1265,1175
719.70263,2.709e-21,3,7,1265,1175
719.703807,1.081e-25,4,7,1265,1175
719.704903,9.36e-24,4,7,1265,1175
719.709289,2.162e-30,3,6,1265,1175
719.72843,4.583e-22,3,7,1265,1175
719.734924,1.31e-28,3,6,1265,1175
719.746343,3.489e-30,3,6,1265,1175
719.746837,5.798e-29,3,6,1265,1175
719.767535,1.671e-25,4,6,1265,1175
719.770617,8.99e-30,3,6,1265,1175
719.772886,3.849e-26,4,6,1265,1175
719.780999,1.066e-23,4,7,1265,1175
719.797772,1.841e-29,3,6,1265,1175
719.799809,2.002e-29,3,6,1265,1175
719.818773,6.924e-30,3,6,1265,1175
719.819277,6.935e-29,3,6,1265,1175
719.831559,3.211e-21,3,7,1265,1175
719.832589,4.089e-25,4,6,1265,1175
719.852088,1.19e-23,4,7,1265,1175
719.858875,7.819e-27,3,6,1265,1175
719.885022,2.976e-30,3,6,1265,1175
719.901032,1.361e-28,3,6,1265,1175
719.912438,4.735e-30,3,6,1265,1175
719.918048,1.299e-23,4,7,1265,1175
719.947104,3.258e-30,3,6,1265,1175
719.950773,5.17e-29,3,6,1265,1175
719.952924,3.734e-21,3,7,1265,1175
719.97188,2.755e-28,3,6,1265,1175
719.977727,6.249e-29,3,6,1265,1175
719.978768,1.388e-23,4,7,1265,1175
719.995383,1.741e-29,3,6,1265,1175
720.001444,1.401e-29,3,6,1265,1175
720.016935,2.128e-28,3,6,1265,1175
720.021333,3.553e-23,4,7,1265,1175
720.023015,5.865e-22,5,7,1265,1175
720.023781,1.336e-27,3,6,1265,1175
720.034146,1.446e-23,4,7,1265,1175
720.04666,1.854e-26,4,6,1265,1175
720.054384,1.28e-30,3,6,1265,1175
720.05704,4.029e-30,3,6,1265,1175
720.066603,4.257e-21,3,7,1265,1175
720.084093,1.467e-23,4,7,1265,1175
720.100532,5.287e-27,4,6,1265,1175
720.111109,3.499e-24,4,6,1265,1175
720.117942,8.085e-27,3,6,1265,1175
720.128239,1.795e-30,3,6,1265,1175
720.128526,1.446e-23,4,7,1265,1175
720.148241,5.945e-30,3,6,1265,1175
720.156975,1.933e-30,3,6,1265,1175
720.164289,1.036e-30,3,6,1265,1175
720.16579,1.664e-24,4,7,1265,1175
720.167374,1.377e-23,4,7,1265,1175
720.169356,1.569e-30,3,6,1265,1175
720.17248,4.755e-21,3,7,1265,1175
720.197691,1.79e-23,4,7,1265,1175
720.200576,1.259e-23,4,7,1265,1175
720.220795,3.681e-30,3,7,1265,1175
720.22107,3.675e-30,3,6,1265,1175
720.224836,5.364e-30,3,6,1265,1175
720.22808,1.093e-23,4,7,1265,1175
720.238488,1.745e-28,3,6,1265,1175
720.249841,8.838e-24,4,7,1265,1175
720.254239,5.162e-28,3,6,1265,1175
720.265826,6.372e-24,4,7,1265,1175
720.270448,5.198e-21,3,7,1265,1175
720.270644,4.405e-28,3,6,1265,1175
720.274449,4.061e-28,3,6,1265,1175
720.275146,1.212e-29,3,6,1265,1175
720.27601,3.633e-24,4,7,1265,1175
720.299964,1.21e-29,3,6,1265,1175
720.311419,1.159e-28,3,6,1265,1175
720.332083,5.512e-29,3,6,1265,1175
720.332832,9.195e-28,4,7,1265,1175
720.359883,3.828e-23,4,7,1265,1175
720.36041,5.555e-21,3,7,1265,1175
720.368253,1.216e-24,4,7,1265,1175
720.387929,7.023e-30,3,6,1265,1175
720.393094,8.089e-27,3,6,1265,1175
720.393391,1.291e-29,3,6,1265,1175
720.403689,7.596e-28,3,6,1265,1175
720.442277,5.793e-21,3,7,1265,1175
720.442981,2.032e-30,3,6,1265,1175
720.446476,1.443e-30,3,6,1265,1175
720.453574,4.69e-28,4,6,1265,1175
720.470798,4.009e-30,3,6,1265,1175
720.486153,9.349e-26,4,6,1265,1175
720.488158,2.478e-28,3,6,1265,1175
720.515969,5.883e-21,3,7,1265,1175
720.52783,1.038e-25,4,6,1265,1175
720.531999,6.367e-27,3,6,1265,1175
720.54448,3.288e-26,4,6,1265,1175
720.545858,9.039e-30,3,6,1265,1175
720.555225,4.19e-23,4,7,1265,1175
720.561269,1.959e-25,4,6,1265,1175
720.566355,8.685e-26,4,7,1265,1175
720.570712,5.893e-28,3,6,1265,1175
720.581413,5.8e-21,3,7,1265,1175
720.584388,1.339e-28,3,6,1265,1175
720.606135,7.094e-29,3,6,1265,1175
720.638546,5.527e-21,3,7,1265,1175
720.642476,1.023e-30,3,6,1265,1175
720.644143,6.174e-30,3,6,1265,1175
720.659455,4.98e-29,3,6,1265,1175
720.661306,1.674e-27,3,6,1265,1175
720.674519,1.277e-30,3,6,1265,1175
720.684433,7.847e-27,3,6,1265,1175
720.684688,8.899e-29,3,6,1265,1175
720.687312,5.056e-21,3,7,1265,1175
720.696546,4.204e-30,3,6,1265,1175
720.698183,1.143e-29,3,6,1265,1175
720.713556,1.076e-30,3,6,1265,1175
720.727666,4.392e-21,3,7,1265,1175
720.750174,2.969e-26,4,6,1265,1175
720.759567,3.551e-21,3,7,1265,1175
720.771805,2.223e-28,4,7,1265,1175
720.773093,1.268e-29,3,6,1265,1175
720.782985,2.561e-21,3,7,1265,1175
720.786915,1.527e-27,4,7,1265,1175
720.794777,1.093e-30,3,6,1265,1175
720.796911,3.578e-30,3,6,1265,1175
720.796929,4.36e-29,3,6,1265,1175
720.797898,1.46e-21,3,7,1265,1175
720.831208,5.874e-27,3,6,1265,1175
720.844483,1.421e-29,3,6,1265,1175
720.848008,1.126e-29,3,6,1265,1175
720.860192,8.415e-28,3,6,1265,1175
720.865622,1.127e-29,3,6,1265,1175
720.870838,1.133e-27,3,6,1265,1175
720.885876,6.124e-30,3,6,1265,1175
720.885971,1.079e-30,3,6,1265,1175
720.895501,1.929e-28,3,6,1265,1175
720.898518,4.199e-30,3,6,1265,1175
720.935388,1.577e-30,3,6,1265,1175
720.937861,9.878e-29,3,6,1265,1175
720.96309,1.323e-29,3,6,1265,1175
720.96532,4.246e-27,4,6,1265,1175
720.982896,5.467e-23,3,7,1265,1175
720.984355,1.735e-29,3,6,1265,1175
720.986947,1.037e-30,3,6,1265,1175
720.992064,7.39e-27,3,6,1265,1175
721.003935,1.622e-30,3,6,1265,1175
721.009657,7.171e-27,3,6,1265,1175
721.015516,1.632e-26,4,6,1265,1175
721.019169,1.332e-24,4,7,1265,1175
721.036566,1.734e-30,3,6,1265,1175
721.050817,7.217e-25,4,7,1265,1175
721.055056,7.593e-28,3,6,1265,1175
721.057866,6.543e-29,3,6,1265,1175
721.070239,2.892e-30,3,6,1265,1175
721.076823,3.941e-30,3,6,1265,1175
721.077404,1.177e-28,3,6,1265,1175
721.109935,4.805e-30,3,6,1265,1175
721.11741,2.079e-29,3,6,1265,1175
721.118885,1.339e-29,3,6,1265,1175
721.12104,1.654e-29,3,6,1265,1175
721.142438,1.182e-27,3,6,1265,1175
721.170551,9.253e-30,3,6,1265,1175
721.183956,6.894e-27,3,6,1265,1175
721.184608,1.239e-29,3,6,1265,1175
721.221093,3.151e-30,3,6,1265,1175
721.223655,5.96e-28,3,6,1265,1175
721.224149,1.479e-29,3,6,1265,1175
721.231413,3.4e-30,3,6,1265,1175
721.233847,1.697e-28,3,6,1265,1175
721.243277,2.446e-29,3,6,1265,1175
721.271703,4.755e-28,3,6,1265,1175
721.316096,6.767e-27,3,6,1265,1175
721.322763,4.639e-30,3,6,1265,1175
721.338199,5.822e-28,4,6,1265,1175
721.35316,1.989e-28,3,6,1265,1175
721.361595,2.823e-29,3,6,1265,1175
721.361985,2.6e-30,3,6,1265,1175
721.372323,3.809e-25,4,6,1265,1175
721.382567,2.893e-22,3,7,1265,1175
721.417019,1.635e-27,3,6,1265,1175
721.417074,2.193e-30,3,6,1265,1175
721.434191,6.954e-26,4,7,1265,1175
721.466391,2.808e-26,4,6,1265,1175
721.467703,5.483e-30,3,6,1265,1175
721.467847,1.648e-30,3,6,1265,1175
721.469254,2.283e-25,4,6,1265,1175
721.470172,6.152e-30,3,6,1265,1175
721.472017,3.194e-29,3,6,1265,1175
721.484378,7.49e-29,3,6,1265,1175
721.560123,8.609e-29,3,6,1265,1175
721.57077,4.254e-29,3,6,1265,1175
721.574206,3.54e-29,3,6,1265,1175
721.578435,1.537e-28,3,6,1265,1175
721.582168,2.663e-30,3,6,1265,1175
721.589597,7.438e-30,3,7,1265,1175
721.602356,7.171e-29,3,6,1265,1175
721.620055,1.068e-29,3,6,1265,1175
721.644038,3.662e-29,3,6,1265,1175
721.654912,1.904e-29,3,6,1265,1175
721.655859,1.735e-28,3,6,1265,1175
721.656641,6.031e-27,3,6,1265,1175
721.667838,3.841e-29,3,6,1265,1175
721.674078,1.3e-30,3,6,1265,1175
721.683525,2.224e-27,3,6,1265,1175
721.69123,5.711e-30,3,6,1265,1175
721.692754,1.239e-30,3,6,1265,1175
721.714589,9.562e-28,3,6,1265,1175
721.724328,1.681e-30,3,6,1265,1175
721.730829,9.04e-30,3,6,1265,1175
721.740366,1.783e-29,3,6,1265,1175
721.752603,4.076e-29,3,6,1265,1175
721.772902,3.825e-24,3,6,1265,1175
721.775213,1.935e-30,3,6,1265,1175
721.786863,1.08e-30,3,6,1265,1175
721.799327,3.486e-30,3,6,1265,1175
721.808319,4.946e-28,3,6,1265,1175
721.812889,1.339e-28,3,6,1265,1175
721.823009,2.299e-23,4,7,1265,1175
721.828213,4.224e-29,3,6,1265,1175
721.831151,3.396e-27,4,6,1265,1175
721.832181,5.13e-30,3,6,1265,1175
721.843191,7.363e-25,4,7,1265,1175
721.850512,2.906e-29,3,6,1265,1175
721.851881,1.356e-30,3,6,1265,1175
721.853582,1.128e-23,4,7,1265,1175
721.880244,3.838e-30,3,6,1265,1175
721.894413,4.268e-29,3,6,1265,1175
721.899417,1.064e-24,4,7,1265,1175
721.90121,2.404e-26,4,6,1265,1175
721.929119,1.176e-30,3,6,1265,1175
721.93525,6.877e-28,3,6,1265,1175
721.941565,2.975e-27,3,6,1265,1175
721.94498,3.474e-29,3,6,1265,1175
721.951005,4.195e-29,3,6,1265,1175
721.956006,4.403e-23,3,7,1265,1175
721.957205,4.649e-29,3,6,1265,1175
721.958175,1.474e-29,3,6,1265,1175
721.977446,7.483e-28,3,6,1265,1175
721.993273,1.481e-30,3,6,1265,1175
721.997885,3.997e-29,3,6,1265,1175
722.000156,4.733e-28,4,7,1265,1175
722.013816,5.236e-27,3,6,1265,1175
722.032215,7.034e-30,3,6,1265,1175
722.032729,1.056e-25,4,6,1265,1175
722.035106,3.672e-29,3,6,1265,1175
722.062978,3.222e-29,3,6,1265,1175
722.063097,7.309e-29,3,6,1265,1175
722.082197,2.648e-29,3,6,1265,1175
722.085071,4.426e-27,3,6,1265,1175
722.093977,1.952e-29,3,6,1265,1175
722.100037,1.137e-29,3,6,1265,1175
722.108305,1.152e-28,3,6,1265,1175
722.117371,9.161e-25,4,7,1265,1175
722.166239,1.229e-30,3,6,1265,1175
722.169259,1.13e-28,3,6,1265,1175
722.190769,3.915e-27,3,6,1265,1175
722.194427,1.152e-25,4,6,1265,1175
722.208613,7.199e-28,4,6,1265,1175
722.219204,1.589e-28,3,6,1265,1175
722.226686,2.378e-26,4,6,1265,1175
722.241602,4.758e-23,3,7,1265,1175
722.243253,9.088e-29,3,6,1265,1175
722.262493,4.617e-29,3,6,1265,1175
722.266087,1.423e-29,3,6,1265,1175
722.269705,3.147e-26,4,6,1265,1175
722.270691,2.654e-25,4,6,1265,1175
722.276047,1.719e-28,3,6,1265,1175
722.295566,4.849e-30,3,6,1265,1175
722.298479,5.545e-26,4,7,1265,1175
722.299254,1.157e-29,3,6,1265,1175
722.308684,1.111e-29,3,6,1265,1175
722.319626,1.058e-27,3,6,1265,1175
722.339503,1.579e-28,3,6,1265,1175
722.364144,2.959e-22,5,7,1265,1175
722.376815,4.92e-27,3,6,1265,1175
722.383467,2.572e-28,3,6,1265,1175
722.387738,4.434e-27,3,6,1265,1175
722.414394,1.197e-28,3,7,1265,1175
722.424031,1.044e-28,3,6,1265,1175
722.430788,5.065e-27,3,6,1265,1175
722.46152,1.297e-29,3,6,1265,1175
722.491338,3.787e-28,3,6,1265,1175
722.492267,3.064e-29,3,6,1265,1175
722.551104,1.56e-28,3,6,1265,1175
722.564376,8.04e-28,3,6,1265,1175
722.569479,4.207e-23,3,7,1265,1175
722.573034,1.687e-30,3,6,1265,1175
722.575913,4.979e-27,3,6,1265,1175
722.587053,1.598e-30,3,6,1265,1175
722.589599,2.708e-30,3,6,1265,1175
722.597056,7.219e-30,3,6,1265,1175
722.599376,5.487e-28,3,6,1265,1175
722.622962,1.278e-29,3,6,1265,1175
722.644662,5.262e-25,4,7,1265,1175
722.649413,2.364e-30,3,6,1265,1175
722.661289,6.441e-27,3,6,1265,1175
722.662381,1.125e-29,3,6,1265,1175
722.664085,1.408e-28,3,6,1265,1175
722.667445,7.359e-28,3,6,1265,1175
722.688689,6.505e-30,3,6,1265,1175
722.691559,2.134e-26,4,6,1265,1175
722.698061,2.706e-27,4,6,1265,1175
722.700808,1.128e-30,3,6,1265,1175
722.707243,7.82e-28,3,6,1265,1175
722.713164,1.17e-29,3,6,1265,1175
722.715356,5.604e-29,3,6,1265,1175
722.717046,8.66e-28,4,7,1265,1175
722.727182,3.63e-29,3,6,1265,1175
722.750584,1.056e-30,3,6,1265,1175
722.751831,8.448e-25,4,7,1265,1175
722.776782,1.615e-29,3,6,1265,1175
722.778528,3.663e-27,3,6,1265,1175
722.793854,1.306e-28,3,6,1265,1175
722.802564,7.004e-30,3,6,1265,1175
722.814572,1.097e-27,3,6,1265,1175
722.86085,3.079e-30,3,6,1265,1175
722.877887,7.875e-28,3,6,1265,1175
722.881959,8.05e-27,3,6,1265,1175
722.883735,5.892e-27,3,6,1265,1175
722.909559,3.47e-25,4,6,1265,1175
722.920984,1.513e-27,3,6,1265,1175
722.921868,2.131e-29,3,6,1265,1175
722.932183,5.327e-30,3,6,1265,1175
722.970789,1.479e-29,3,7,1265,1175
723.026099,2.053e-27,3,6,1265,1175
723.038788,1.798e-22,3,7,1265,1175
723.086282,1.265e-28,3,6,1265,1175
723.089248,8.866e-28,4,6,1265,1175
723.091279,6.511e-28,3,6,1265,1175
723.092504,9.885e-27,3,6,1265,1175
723.120487,4.27e-30,3,6,1265,1175
723.129544,2.74e-27,3,6,1265,1175
723.163841,2.85e-29,3,6,1265,1175
723.165394,2.015e-26,4,6,1265,1175
723.166101,3.067e-25,4,6,1265,1175
723.168929,4.404e-26,4,7,1265,1175
723.183568,3.276e-30,3,6,1265,1175
723.18631,2.956e-27,3,6,1265,1175
723.195131,1.378e-30,3,6,1265,1175
723.230954,3.597e-27,3,6,1265,1175
723.237641,4.218e-29,3,6,1265,1175
723.247847,1.7e-28,3,6,1265,1175
723.25389,1.474e-30,3,6,1265,1175
723.292646,1.192e-26,3,6,1265,1175
723.297613,1.391e-28,3,6,1265,1175
723.30569,2.035e-29,3,6,1265,1175
723.311674,1.514e-30,3,6,1265,1175
723.319978,1.515e-28,3,6,1265,1175
723.329979,4.642e-27,3,6,1265,1175
723.340774,5.316e-28,3,6,1265,1175
723.341403,2.552e-29,3,6,1265,1175
723.363423,1.211e-30,3,6,1265,1175
723.36588,1.258e-28,3,6,1265,1175
723.399003,7.184e-29,3,6,1265,1175
723.40756,2.18e-24,4,7,1265,1175
723.409606,6.732e-28,3,6,1265,1175
723.410465,1.8e-29,3,6,1265,1175
723.425834,4.084e-24,3,6,1265,1175
723.426286,5.889e-27,3,6,1265,1175
723.464296,5.742e-30,3,6,1265,1175
723.469422,2.182e-30,3,6,1265,1175
723.482127,1.411e-26,3,6,1265,1175
723.490711,2.877e-30,3,6,1265,1175
723.511479,6.992e-24,4,7,1265,1175
723.519557,7.343e-27,3,6,1265,1175
723.530076,4.024e-29,3,6,1265,1175
723.541771,1.062e-30,3,6,1265,1175
723.548265,7.143e-28,3,6,1265,1175
723.550287,4.963e-23,3,7,1265,1175
723.558339,2.154e-29,3,6,1265,1175
723.565993,2.147e-27,4,6,1265,1175
723.581405,1.167e-25,4,6,1265,1175
723.609491,8.994e-27,3,6,1265,1175
723.609687,9.007e-28,3,6,1265,1175
723.610573,1.762e-29,3,6,1265,1175
723.611207,2.33e-27,3,6,1265,1175
723.615973,2.438e-30,3,6,1265,1175
723.630867,1.464e-23,4,7,1265,1175
723.63776,6.7e-25,4,7,1265,1175
723.642832,2.137e-30,3,6,1265,1175
723.642998,2.271e-27,3,6,1265,1175
723.651961,2.015e-30,3,6,1265,1175
723.660703,1.639e-26,3,6,1265,1175
723.667753,2.292e-30,3,6,1265,1175
723.670435,2.399e-28,4,7,1265,1175
723.695809,1.082e-26,3,6,1265,1175
723.741368,3.063e-26,4,6,1265,1175
723.778247,1.278e-26,3,6,1265,1175
723.785045,3.219e-26,4,6,1265,1175
723.793155,4.018e-30,3,6,1265,1175
723.8031,8.997e-29,3,6,1265,1175
723.821192,9.593e-30,3,6,1265,1175
723.82815,1.867e-26,3,6,1265,1175
723.833058,9.974e-30,3,6,1265,1175
723.852596,1.252e-25,4,6,1265,1175
723.855736,4.077e-29,3,6,1265,1175
723.85656,1.481e-26,3,6,1265,1175
723.873001,6.791e-25,4,7,1265,1175
723.898052,7.418e-30,3,6,1265,1175
723.912441,1.692e-26,4,6,1265,1175
723.918566,5.293e-23,4,7,1265,1175
723.920375,8.764e-22,5,7,1265,1175
723.920573,4.046e-27,3,6,1265,1175
723.930521,1.684e-26,3,6,1265,1175
723.950978,3.744e-30,3,6,1265,1175
723.95439,1.003e-28,3,6,1265,1175
723.958227,1.087e-27,4,6,1265,1175
723.973731,3.534e-25,4,6,1265,1175
723.979427,6.578e-28,3,6,1265,1175
723.984259,2.083e-26,3,6,1265,1175
723.985377,7.484e-29,3,6,1265,1175
723.999923,1.875e-26,3,6,1265,1175
724.033727,1.043e-30,3,6,1265,1175
724.034855,3.484e-26,4,7,1265,1175
724.053346,1.796e-27,3,6,1265,1175
724.058793,6.346e-29,3,7,1265,1175
724.064574,2.044e-26,3,6,1265,1175
724.082052,1.828e-28,3,6,1265,1175
724.09525,2.9e-30,3,6,1265,1175
724.112382,8.028e-30,3,6,1265,1175
724.117063,1.538e-29,3,6,1265,1175
724.1243,2.179e-26,3,6,1265,1175
724.128838,2.275e-26,3,6,1265,1175
724.132633,7.488e-29,3,6,1265,1175
724.13846,1.411e-30,3,6,1265,1175
724.13869,2.554e-27,3,6,1265,1175
724.156325,3.182e-23,3,7,1265,1175
724.178944,2.267e-26,3,6,1265,1175
724.184696,1.105e-30,3,6,1265,1175
724.191682,2.118e-29,3,6,1265,1175
724.212247,1.24e-28,3,6,1265,1175
724.228364,2.297e-26,3,6,1265,1175
724.233065,1.513e-28,3,6,1265,1175
724.237402,1.081e-29,3,6,1265,1175
724.238857,3.773e-25,4,7,1265,1175
724.250145,1.654e-28,3,6,1265,1175
724.261709,2.429e-26,3,6,1265,1175
724.262233,5.615e-28,3,6,1265,1175
724.269874,6.898e-28,3,6,1265,1175
724.272434,2.261e-26,3,6,1265,1175
724.291429,1.208e-29,3,6,1265,1175
724.311046,2.151e-26,3,6,1265,1175
724.332543,4.55e-30,3,6,1265,1175
724.344104,1.965e-26,3,6,1265,1175
724.352188,9.877e-29,3,6,1265,1175
724.358884,3.488e-30,3,6,1265,1175
724.363089,2.742e-26,4,6,1265,1175
724.363862,2.894e-29,3,7,1265,1175
724.365646,2.81e-30,3,6,1265,1175
724.371527,1.705e-26,3,6,1265,1175
724.373633,1.373e-30,3,6,1265,1175
724.382712,2.532e-26,3,6,1265,1175
724.388915,2.016e-30,3,6,1265,1175
724.39325,1.377e-26,3,6,1265,1175
724.398468,1.984e-29,3,6,1265,1175
724.409221,9.923e-27,3,6,1265,1175
724.419403,5.656e-27,3,6,1265,1175
724.428317,1.913e-29,3,6,1265,1175
724.435,1.697e-27,4,6,1265,1175
724.444182,3.094e-25,4,6,1265,1175
724.488577,5.276e-25,4,7,1265,1175
724.491702,2.569e-26,3,6,1265,1175
724.497303,3.13e-29,3,6,1265,1175
724.512854,1.354e-27,3,6,1265,1175
724.524655,4.107e-30,3,6,1265,1175
724.529081,1.023e-27,3,6,1265,1175
724.534609,3.701e-30,3,6,1265,1175
724.58855,2.531e-26,3,6,1265,1175
724.590457,4.947e-27,3,6,1265,1175
724.617852,1.942e-30,3,6,1265,1175
724.654698,4.835e-28,4,7,1265,1175
724.673141,2.411e-26,3,6,1265,1175
724.693728,7.847e-30,3,6,1265,1175
724.697044,1.099e-22,3,7,1265,1175
724.697953,3.019e-30,3,6,1265,1175
724.728888,1.373e-28,4,6,1265,1175
724.745375,2.204e-26,3,6,1265,1175
724.756789,1.879e-29,3,6,1265,1175
724.777047,3.269e-30,3,6,1265,1175
724.805168,1.914e-26,3,6,1265,1175
724.823515,7.924e-29,3,6,1265,1175
724.832567,1.679e-28,3,6,1265,1175
724.835072,1.329e-27,4,6,1265,1175
724.852451,1.547e-26,3,6,1265,1175
724.857937,4.051e-25,4,6,1265,1175
724.867908,5.51e-28,3,6,1265,1175
724.869956,1.423e-26,4,6,1265,1175
724.887168,1.115e-26,3,6,1265,1175
724.890217,1.305e-30,3,6,1265,1175
724.891442,1.143e-30,3,6,1265,1175
724.899811,8.765e-28,3,6,1265,1175
724.907972,2.746e-26,4,7,1265,1175
724.909,1.843e-28,3,6,1265,1175
724.90928,6.359e-27,3,6,1265,1175
724.939862,5.725e-30,3,6,1265,1175
724.942041,1.095e-28,3,6,1265,1175
724.94414,4.814e-30,3,6,1265,1175
724.947569,2.12e-29,3,6,1265,1175
724.973479,3.532e-24,3,7,1265,1175
724.989858,9.987e-28,3,6,1265,1175
724.994752,2.339e-29,3,6,1265,1175
725.024449,1.559e-30,3,6,1265,1175
725.036715,5.847e-29,3,6,1265,1175
725.042811,1.75e-29,3,6,1265,1175
725.069818,4.253e-24,3,6,1265,1175
725.108769,4.664e-28,3,6,1265,1175
725.116083,6.577e-28,3,6,1265,1175
725.132079,1.262e-25,4,6,1265,1175
725.142622,5.476e-23,3,7,1265,1175
725.16395,1.807e-28,3,6,1265,1175
725.171331,4.267e-24,4,7,1265,1175
725.172074,1.315e-29,3,6,1265,1175
725.200002,6.621e-30,3,6,1265,1175
725.200927,4.21e-30,3,6,1265,1175
725.201789,3.59e-30,3,6,1265,1175
725.209373,6.983e-29,3,6,1265,1175
725.241198,6.608e-30,3,6,1265,1175
725.257052,2.068e-29,3,6,1265,1175
725.259572,3.604e-30,3,6,1265,1175
725.27775,1.16e-27,3,6,1265,1175
725.296233,3.193e-26,4,6,1265,1175
725.305004,1.336e-27,4,6,1265,1175
725.31822,2.479e-28,4,6,1265,1175
725.340578,7.851e-30,3,6,1265,1175
725.343692,1.197e-28,4,7,1265,1175
725.355267,1.525e-30,3,6,1265,1175
725.361091,3.821e-30,3,6,1265,1175
725.364309,8.663e-29,3,6,1265,1175
725.374368,7.931e-30,3,6,1265,1175
725.380817,4.152e-25,4,7,1265,1175
725.439136,3.372e-29,3,6,1265,1175
725.444754,9.178e-24,4,7,1265,1175
725.462397,3.268e-27,3,6,1265,1175
725.472973,1.42e-21,3,7,1265,1175
725.484487,7.211e-28,3,6,1265,1175
725.502208,1.33e-25,4,6,1265,1175
725.557906,2.26e-30,3,6,1265,1175
725.567047,3.834e-26,4,6,1265,1175
725.574069,5.318e-30,3,6,1265,1175
725.586034,5.764e-23,3,7,1265,1175
725.601615,1.184e-26,4,6,1265,1175
725.610341,2.843e-30,3,6,1265,1175
725.634896,4.953e-25,4,7,1265,1175
725.640546,4.027e-28,3,6,1265,1175
725.667408,1.183e-30,3,6,1265,1175
725.670408,4.628e-25,4,6,1265,1175
725.690736,1.189e-30,3,6,1265,1175
725.691679,1.62e-30,3,6,1265,1175
725.693656,6.234e-29,3,6,1265,1175
725.70236,1.616e-27,4,6,1265,1175
725.705015,3.313e-29,3,7,1265,1175
725.726533,1.059e-29,3,6,1265,1175
725.743312,2.366e-23,3,7,1265,1175
725.757232,9.779e-30,3,6,1265,1175
725.768321,5.572e-29,4,7,1265,1175
725.775424,2.155e-26,4,7,1265,1175
725.81188,2.075e-28,3,6,1265,1175
725.833315,2.661e-25,4,7,1265,1175
725.835426,1.904e-28,3,6,1265,1175
725.860487,1.321e-30,3,6,1265,1175
725.862296,6.22e-28,3,6,1265,1175
725.869337,4.788e-29,3,6,1265,1175
725.879097,9.688e-29,3,6,1265,1175
725.895117,1.441e-29,3,6,1265,1175
725.900033,4.409e-28,4,6,1265,1175
725.908605,7.343e-29,3,6,1265,1175
725.920279,1.242e-30,3,6,1265,1175
725.943913,1.055e-29,3,6,1265,1175
725.946461,1.628e-29,3,6,1265,1175
725.964373,3.859e-28,3,6,1265,1175
725.968062,1.119e-29,3,6,1265,1175
725.976071,2.704e-25,4,6,1265,1175
725.98892,1.146e-27,3,6,1265,1175
725.995389,1.754e-30,3,6,1265,1175
725.996869,5.099e-28,3,6,1265,1175
726.001034,2.585e-30,3,6,1265,1175
726.029963,3.461e-26,4,6,1265,1175
726.033239,2.156e-28,3,6,1265,1175
726.063728,5.062e-30,3,6,1265,1175
726.071675,1.067e-29,3,6,1265,1175
726.072027,2.822e-30,3,6,1265,1175
726.073459,2.225e-29,3,6,1265,1175
726.097476,1.405e-29,3,6,1265,1175
726.153056,4.606e-30,3,6,1265,1175
726.17608,1.048e-27,4,6,1265,1175
726.177067,1.306e-27,3,6,1265,1175
726.194318,1.477e-30,3,6,1265,1175
726.229317,3.243e-25,4,7,1265,1175
726.283603,1.721e-29,3,6,1265,1175
726.303214,4.063e-30,3,6,1265,1175
726.303774,4.082e-27,3,6,1265,1175
726.349458,1.219e-29,3,6,1265,1175
726.350546,1.819e-28,3,6,1265,1175
726.357285,6.619e-23,3,7,1265,1175
726.381042,1.206e-30,3,6,1265,1175
726.385548,2.074e-30,3,6,1265,1175
726.3896,5.535e-28,3,6,1265,1175
726.437299,2.462e-30,3,6,1265,1175
726.453171,1.834e-29,3,6,1265,1175
726.459905,1.076e-30,3,6,1265,1175
726.467824,1.685e-30,3,6,1265,1175
726.473757,7.726e-28,4,6,1265,1175
726.476254,1.289e-27,3,6,1265,1175
726.52713,3.531e-28,3,6,1265,1175
726.540954,4.732e-24,3,7,1265,1175
726.544627,5.26e-25,4,6,1265,1175
726.55959,8.605e-30,3,6,1265,1175
726.561651,1.954e-28,3,6,1265,1175
726.564801,4.885e-29,3,6,1265,1175
726.575578,1.959e-27,4,6,1265,1175
726.580142,9.883e-27,4,6,1265,1175
726.580417,2.149e-29,3,6,1265,1175
726.588978,8.484e-29,3,6,1265,1175
726.597896,4.209e-30,3,6,1265,1175
726.598031,6.288e-30,3,6,1265,1175
726.599609,2.659e-28,4,7,1265,1175
726.627946,1.524e-30,3,6,1265,1175
726.651273,1.685e-26,4,7,1265,1175
726.678075,1.453e-28,3,6,1265,1175
726.678133,1.973e-30,3,6,1265,1175
726.680848,5.806e-28,3,6,1265,1175
726.684652,1.332e-25,4,6,1265,1175
726.69727,1.16e-27,3,6,1265,1175
726.698661,6.96e-30,3,6,1265,1175
726.704776,4.308e-24,3,6,1265,1175
726.732914,5.911e-23,3,7,1265,1175
726.748202,1.181e-29,3,6,1265,1175
726.755761,1.277e-29,3,6,1265,1175
726.786099,7.902e-30,3,6,1265,1175
726.793403,2.352e-29,3,6,1265,1175
726.803318,3.081e-26,4,6,1265,1175
726.812011,3.179e-28,3,6,1265,1175
726.820693,1.044e-29,3,6,1265,1175
726.833087,2.563e-24,4,7,1265,1175
726.846844,1.505e-30,3,6,1265,1175
726.885301,9.578e-30,3,6,1265,1175
726.897516,2.382e-29,3,6,1265,1175
726.905897,6.061e-30,3,6,1265,1175
726.923077,5.517e-30,3,6,1265,1175
726.926965,8.133e-29,3,6,1265,1175
726.939628,1.467e-27,3,6,1265,1175
726.94325,2.21e-30,3,6,1265,1175
726.954181,2.554e-28,3,6,1265,1175
727.002201,2.593e-27,3,6,1265,1175
727.012648,2.523e-29,3,6,1265,1175
727.019949,5.883e-29,3,7,1265,1175
727.021934,1.904e-21,3,7,1265,1175
727.033626,6.597e-29,3,6,1265,1175
727.038846,1.333e-27,4,6,1265,1175
727.044453,5.862e-30,3,6,1265,1175
727.047364,3.219e-30,3,6,1265,1175
727.048125,8.187e-28,4,6,1265,1175
727.075398,2.396e-28,3,6,1265,1175
727.083319,6.725e-30,3,6,1265,1175
727.11797,2.966e-29,3,6,1265,1175
727.128585,2.533e-25,4,7,1265,1175
727.143143,1.381e-25,4,6,1265,1175
727.164851,1.436e-29,3,6,1265,1175
727.183676,1.056e-28,4,7,1265,1175
727.243931,6.138e-23,3,7,1265,1175
727.264505,5.664e-24,4,7,1265,1175
727.272558,8.666e-30,3,6,1265,1175
727.273619,2.123e-30,3,6,1265,1175
727.294068,8.158e-27,4,6,1265,1175
727.29491,1.315e-30,3,6,1265,1175
727.302808,2.426e-28,3,6,1265,1175
727.326408,1.251e-30,3,6,1265,1175
727.330312,1.73e-23,4,7,1265,1175
727.331886,1.036e-30,3,6,1265,1175
727.332002,1.043e-30,3,6,1265,1175
727.3386,1.082e-30,3,6,1265,1175
727.35307,1.703e-29,3,7,1265,1175
727.360736,5.957e-25,4,6,1265,1175
727.378171,4.712e-26,4,6,1265,1175
727.4028,3.554e-25,4,7,1265,1175
727.419782,2.148e-28,3,6,1265,1175
727.426684,3.675e-29,3,6,1265,1175
727.427947,1.846e-25,4,7,1265,1175
727.436291,1.449e-30,3,6,1265,1175
727.436513,2.12e-29,3,6,1265,1175
727.436947,3.813e-29,3,6,1265,1175
727.440953,2.364e-27,4,6,1265,1175
727.444665,5.362e-28,3,6,1265,1175
727.462849,5.367e-29,3,6,1265,1175
727.485998,1.28e-30,3,6,1265,1175
727.505095,2.316e-25,4,6,1265,1175
727.520126,1.312e-26,4,7,1265,1175
727.528847,2.308e-28,3,6,1265,1175
727.542707,1.993e-30,3,6,1265,1175
727.551831,7.445e-29,3,6,1265,1175
727.558868,3.394e-27,3,6,1265,1175
727.57397,1.746e-30,3,6,1265,1175
727.59478,2.266e-27,4,6,1265,1175
727.602512,9.646e-30,3,6,1265,1175
727.615636,2.201e-30,3,6,1265,1175
727.63182,1.543e-30,3,6,1265,1175
727.640529,1.368e-30,3,6,1265,1175
727.641798,1.594e-28,3,6,1265,1175
727.650446,2.697e-30,3,6,1265,1175
727.65239,1.016e-29,3,6,1265,1175
727.670761,2.61e-28,3,6,1265,1175
727.692049,4.29e-26,4,6,1265,1175
727.700125,3.08e-29,3,6,1265,1175
727.703509,1.357e-30,3,6,1265,1175
727.712179,2.538e-29,3,6,1265,1175
727.719373,4.473e-29,3,6,1265,1175
727.74675,5.655e-30,3,6,1265,1175
727.754409,1.685e-29,3,6,1265,1175
727.75883,3.589e-30,3,6,1265,1175
727.759792,3.016e-29,3,6,1265,1175
727.763872,7.228e-30,3,6,1265,1175
727.769378,1.826e-30,3,6,1265,1175
727.815449,1.723e-30,3,6,1265,1175
727.82168,1.638e-27,3,6,1265,1175
727.824551,3.021e-28,3,6,1265,1175
727.867197,4.695e-30,3,6,1265,1175
727.87381,1.924e-28,3,6,1265,1175
727.898589,2.12e-30,3,6,1265,1175
727.905719,5.408e-28,3,6,1265,1175
727.921245,6.37e-28,4,6,1265,1175
727.935184,7.431e-30,3,6,1265,1175
727.941685,7.78e-30,3,6,1265,1175
727.955534,4.404e-29,3,6,1265,1175
727.96974,1.475e-29,3,6,1265,1175
727.973958,1.962e-25,4,7,1265,1175
727.974902,6.04e-30,3,6,1265,1175
727.995877,5.345e-29,3,6,1265,1175
728.00523,1.065e-30,3,6,1265,1175
728.014824,2.418e-30,3,6,1265,1175
728.019376,2.413e-30,3,6,1265,1175
728.019458,3.922e-23,3,7,1265,1175
728.023311,3.31e-27,3,6,1265,1175
728.030201,3.82e-27,3,6,1265,1175
728.07415,9.322e-30,3,6,1265,1175
728.081325,7.638e-30,3,6,1265,1175
728.101159,1.823e-30,3,6,1265,1175
728.11,5.733e-24,3,7,1265,1175
728.131665,2.69e-30,3,6,1265,1175
728.14106,3.794e-27,4,6,1265,1175
728.185873,9.492e-30,3,6,1265,1175
728.202593,6.195e-29,3,6,1265,1175
728.204114,2.112e-29,3,6,1265,1175
728.205579,2.024e-28,3,6,1265,1175
728.226045,6.713e-25,4,6,1265,1175
728.226453,1.039e-28,3,6,1265,1175
728.235393,2.936e-30,3,6,1265,1175
728.23825,6.46e-29,3,6,1265,1175
728.239035,1.372e-25,4,6,1265,1175
728.241276,1.145e-30,3,6,1265,1175
728.242511,4.89e-28,3,6,1265,1175
728.256046,6.269e-29,3,6,1265,1175
728.257224,1.344e-30,3,6,1265,1175
728.28798,1.159e-29,3,6,1265,1175
728.296024,6.756e-27,4,6,1265,1175
728.306356,2.899e-26,4,6,1265,1175
728.310081,2.964e-29,3,6,1265,1175
728.310675,2.842e-27,4,6,1265,1175
728.321075,6.233e-23,3,7,1265,1175
728.324914,2.454e-30,3,6,1265,1175
728.330496,3.132e-30,3,6,1265,1175
728.330634,4.232e-24,4,6,1265,1175
728.334548,3.015e-28,3,6,1265,1175
728.355594,1.997e-30,3,6,1265,1175
728.387114,1.39e-29,3,6,1265,1175
728.398782,1.018e-26,4,7,1265,1175
728.400321,4.673e-30,3,6,1265,1175
728.400354,9.226e-30,3,6,1265,1175
728.404502,1.373e-29,3,6,1265,1175
728.416922,3.26e-30,3,6,1265,1175
728.441159,8.575e-29,3,6,1265,1175
728.447006,9.897e-30,3,6,1265,1175
728.457516,7.846e-30,3,6,1265,1175
728.47911,2.832e-30,3,6,1265,1175
728.482773,1.637e-29,3,6,1265,1175
728.48363,1.508e-27,3,6,1265,1175
728.491169,7.457e-29,3,6,1265,1175
728.494619,3.302e-30,3,6,1265,1175
728.496695,1.516e-24,4,7,1265,1175
728.499745,7.212e-29,3,6,1265,1175
728.519265,2.133e-28,3,6,1265,1175
728.52073,6.866e-30,3,6,1265,1175
728.531872,2.692e-29,3,6,1265,1175
728.532195,1.738e-30,3,6,1265,1175
728.539895,2.021e-27,3,6,1265,1175
728.551496,1.44e-28,4,7,1265,1175
728.563544,3.246e-30,3,6,1265,1175
728.567261,2.309e-21,3,7,1265,1175
728.574488,1.891e-29,3,6,1265,1175
728.576232,1.562e-29,3,6,1265,1175
728.595492,1.824e-27,3,6,1265,1175
728.605646,8.584e-30,3,6,1265,1175
728.609451,1.969e-28,4,7,1265,1175
728.623657,3.081e-30,3,6,1265,1175
728.661825,2.143e-29,3,6,1265,1175
728.671099,1.168e-28,3,6,1265,1175
728.674925,2.802e-30,3,6,1265,1175
728.67721,6.255e-27,4,6,1265,1175
728.688618,1.339e-30,3,6,1265,1175
728.699225,2.847e-29,3,7,1265,1175
728.717318,2.409e-30,3,6,1265,1175
728.726849,8.132e-29,3,6,1265,1175
728.736431,3.551e-28,3,6,1265,1175
728.744382,2.38e-29,3,6,1265,1175
728.750812,1.907e-30,3,6,1265,1175
728.76831,2.308e-30,3,6,1265,1175
728.775293,1.397e-25,4,6,1265,1175
728.77539,1.299e-30,3,6,1265,1175
728.783285,7.529e-30,3,6,1265,1175
728.795301,4.937e-28,4,6,1265,1175
728.800653,1.614e-30,3,6,1265,1175
728.803218,2.164e-30,3,6,1265,1175
728.806634,2.604e-30,3,6,1265,1175
728.808954,1.165e-29,3,6,1265,1175
728.810951,2.931e-30,3,6,1265,1175
728.816229,3.14e-30,3,6,1265,1175
728.821792,2.588e-29,3,6,1265,1175
728.822542,3.236e-30,3,6,1265,1175
728.823989,9.383e-30,3,6,1265,1175
728.829484,6.641e-29,3,6,1265,1175
728.829976,3.227e-30,3,6,1265,1175
728.83863,3.126e-30,3,6,1265,1175
728.848613,2.949e-30,3,6,1265,1175
728.86005,2.716e-30,3,6,1265,1175
728.871929,6.064e-29,3,6,1265,1175
728.873078,2.445e-30,3,6,1265,1175
728.881067,1.521e-25,4,7,1265,1175
728.887848,2.154e-30,3,6,1265,1175
728.892185,6.383e-23,3,7,1265,1175
728.892285,1.564e-28,3,6,1265,1175
728.89372,2.752e-29,3,6,1265,1175
728.904525,1.859e-30,3,6,1265,1175
728.916132,1.43e-30,3,6,1265,1175
728.917191,1.243e-23,4,7,1265,1175
728.923287,1.572e-30,3,6,1265,1175
728.937242,8.98e-29,3,6,1265,1175
728.940781,1.56e-30,3,6,1265,1175
728.944328,1.304e-30,3,6,1265,1175
728.959863,2.857e-29,3,6,1265,1175
728.966026,1.439e-28,3,6,1265,1175
728.967857,1.061e-30,3,6,1265,1175
728.989656,5.529e-27,4,6,1265,1175
729.00297,8.617e-30,3,7,1265,1175
729.003077,2.373e-28,3,6,1265,1175
729.014652,3.857e-29,3,6,1265,1175
729.016945,4.425e-28,3,6,1265,1175
729.019949,2.889e-29,3,6,1265,1175
729.022662,1.26e-25,4,7,1265,1175
729.031114,1.946e-25,4,6,1265,1175
729.044723,7.536e-25,4,6,1265,1175
729.073739,2.838e-29,3,6,1265,1175
729.089946,3.442e-24,4,7,1265,1175
729.104593,2.059e-28,3,6,1265,1175
729.121022,2.696e-29,3,6,1265,1175
729.130821,9.7e-29,3,6,1265,1175
729.133622,5.494e-27,3,6,1265,1175
729.161616,2.459e-29,3,6,1265,1175
729.163733,1.662e-30,3,6,1265,1175
729.173945,3.402e-27,4,6,1265,1175
729.174668,5.686e-26,4,6,1265,1175
729.176436,2.509e-25,4,7,1265,1175
729.184203,2.296e-29,3,6,1265,1175
729.187704,1.832e-30,3,6,1265,1175
729.195368,2.131e-29,3,6,1265,1175
729.202778,1.016e-26,4,6,1265,1175
729.222154,1.72e-29,3,6,1265,1175
729.230632,5.626e-29,3,6,1265,1175
729.232823,2.512e-28,3,6,1265,1175
729.234175,2.715e-30,3,6,1265,1175
729.241874,1.239e-29,3,6,1265,1175
729.254457,7.056e-30,3,6,1265,1175
729.268899,7.863e-27,4,7,1265,1175
729.281483,2.269e-30,3,6,1265,1175
729.307491,1.024e-28,3,6,1265,1175
729.307907,2.666e-28,3,6,1265,1175
729.31381,6.356e-30,3,6,1265,1175
729.343905,9.057e-30,3,6,1265,1175
729.344446,2.84e-29,3,6,1265,1175
729.345391,1.473e-30,3,6,1265,1175
729.349218,5.222e-26,4,6,1265,1175
729.353479,1.357e-30,3,7,1265,1175
729.381362,1.737e-28,3,6,1265,1175
729.402266,1.985e-28,3,6,1265,1175
729.416116,5.149e-28,3,6,1265,1175
729.423645,2.951e-30,3,6,1265,1175
729.450736,1.218e-30,3,6,1265,1175
729.451011,4.164e-29,3,6,1265,1175
729.459247,1.015e-29,3,6,1265,1175
729.462766,2.019e-27,3,6,1265,1175
729.467167,1.053e-28,3,6,1265,1175
729.502117,3.394e-28,3,6,1265,1175
729.533302,4.888e-30,3,6,1265,1175
729.541027,1.704e-29,3,6,1265,1175
729.562749,1.036e-30,3,6,1265,1175
729.580601,6.192e-27,3,6,1265,1175
729.606987,4.165e-28,3,6,1265,1175
729.609773,1.054e-28,3,6,1265,1175
729.65632,1.871e-29,3,6,1265,1175
729.670438,3.811e-28,4,6,1265,1175
729.680647,6.502e-24,4,7,1265,1175
729.683512,2.288e-23,3,7,1265,1175
729.687119,4.245e-28,3,6,1265,1175
729.711949,1.18e-29,3,6,1265,1175
729.717331,1.623e-26,4,6,1265,1175
729.722402,1.169e-25,4,7,1265,1175
729.735243,1.021e-28,3,6,1265,1175
729.748667,2.639e-27,3,6,1265,1175
729.754763,2.876e-30,3,7,1265,1175
729.768534,1.329e-30,3,6,1265,1175
729.795146,1.375e-25,4,6,1265,1175
729.801031,4.038e-28,3,6,1265,1175
729.805413,2.665e-26,4,6,1265,1175
729.818552,2.003e-29,3,6,1265,1175
729.833698,1.091e-30,3,6,1265,1175
729.840587,2.045e-28,3,6,1265,1175
729.843518,9.543e-29,3,6,1265,1175
729.862812,5.216e-28,3,6,1265,1175
729.86883,4.97e-30,3,6,1265,1175
729.889674,4.837e-29,3,6,1265,1175
729.895633,1.776e-30,3,6,1265,1175
729.902068,8.418e-25,4,6,1265,1175
729.907019,6.411e-23,3,7,1265,1175
729.934548,8.519e-29,3,6,1265,1175
729.947326,4.011e-24,4,6,1265,1175
729.958819,2.844e-30,3,6,1265,1175
729.96521,2.998e-30,3,6,1265,1175
729.975527,2.027e-29,3,6,1265,1175
729.991398,1.645e-29,3,6,1265,1175
730.006144,5.483e-28,3,6,1265,1175
730.008292,7.162e-29,3,6,1265,1175
730.014649,2.721e-30,3,6,1265,1175
730.017678,4.545e-27,4,6,1265,1175
730.022942,4.481e-30,3,6,1265,1175
730.029106,6.293e-28,3,6,1265,1175
730.040275,4.055e-27,4,6,1265,1175
730.045177,3.612e-28,4,7,1265,1175
730.057033,6.687e-29,3,6,1265,1175
730.059296,1.771e-29,3,6,1265,1175
730.064716,5.51e-29,3,6,1265,1175
730.074541,2.572e-30,3,6,1265,1175
730.075384,1.549e-27,3,6,1265,1175
730.077541,2.048e-30,3,6,1265,1175
730.087703,6.947e-30,3,6,1265,1175
730.091149,2.56e-29,3,6,1265,1175
730.103795,3.625e-29,3,6,1265,1175
730.108966,2.621e-21,3,7,1265,1175
730.125511,1.583e-29,3,6,1265,1175
730.150453,6.052e-27,4,7,1265,1175
730.15282,1.06e-29,3,6,1265,1175
730.153587,6.003e-30,3,7,1265,1175
730.160033,2.981e-29,3,6,1265,1175
730.162103,8.824e-25,4,7,1265,1175
730.17069,5.128e-30,3,6,1265,1175
730.185911,7.453e-28,3,6,1265,1175
730.189058,1.384e-29,3,6,1265,1175
730.216205,9.658e-30,3,6,1265,1175
730.218022,1.59e-29,3,6,1265,1175
730.220456,2.555e-26,4,6,1265,1175
730.23046,1.408e-28,3,6,1265,1175
730.245501,2.227e-27,3,6,1265,1175
730.258871,1.928e-27,3,6,1265,1175
730.283056,2.347e-29,3,6,1265,1175
730.289313,6.417e-30,3,6,1265,1175
730.289731,3.635e-30,3,6,1265,1175
730.300189,1.196e-29,3,6,1265,1175
730.333146,8.66e-28,3,6,1265,1175
730.34768,3.409e-29,3,6,1265,1175
730.381539,1.357e-29,3,7,1265,1175
730.398563,1.375e-25,4,6,1265,1175
730.411664,4.868e-29,3,6,1265,1175
730.470734,9.866e-28,3,6,1265,1175
730.474795,6.839e-29,3,6,1265,1175
730.503812,8.791e-24,4,7,1265,1175
730.510054,7.684e-29,3,7,1265,1175
730.510565,4.855e-28,3,6,1265,1175
730.530732,6.469e-23,3,7,1265,1175
730.530986,1.521e-30,3,6,1265,1175
730.536868,9.446e-29,3,6,1265,1175
730.537443,1.985e-29,4,6,1265,1175
730.546471,2.931e-28,4,6,1265,1175
730.549591,1.235e-29,3,7,1265,1175
730.553982,1.605e-25,4,6,1265,1175
730.563731,2.726e-29,3,6,1265,1175
730.585181,2.564e-28,3,6,1265,1175
730.597691,1.283e-28,3,6,1265,1175
730.598104,1.478e-29,3,6,1265,1175
730.598604,1.101e-27,3,6,1265,1175
730.6118,1.127e-30,3,6,1265,1175
730.617368,8.462e-26,4,7,1265,1175
730.630005,8.401e-29,3,6,1265,1175
730.63827,8.992e-26,4,7,1265,1175
730.654725,4.295e-30,3,7,1265,1175
730.657084,1.713e-28,3,6,1265,1175
730.659609,2.172e-30,3,6,1265,1175
730.68823,3.687e-27,4,6,1265,1175
730.689261,3.472e-30,3,6,1265,1175
730.711762,3.96e-26,4,6,1265,1175
730.713207,7.356e-27,3,6,1265,1175
730.714877,2.248e-28,3,6,1265,1175
730.71669,1.202e-27,3,6,1265,1175
730.722374,9.366e-25,4,6,1265,1175
730.724453,5.429e-29,3,6,1265,1175
730.75001,1.545e-29,3,6,1265,1175
730.770912,2.9e-28,3,6,1265,1175
730.824932,1.283e-27,3,6,1265,1175
730.825039,3.675e-28,3,6,1265,1175
730.826804,1.43e-30,3,6,1265,1175
730.85082,3.288e-30,3,6,1265,1175
730.87712,4.574e-28,3,6,1265,1175
730.901273,4.815e-27,4,6,1265,1175
730.915694,4.181e-29,3,6,1265,1175
730.920627,4.787e-28,3,6,1265,1175
730.920892,2.059e-24,4,7,1265,1175
730.923275,1.337e-27,3,6,1265,1175
730.923691,2.675e-28,3,6,1265,1175
730.927025,5.59e-28,3,6,1265,1175
730.935364,1.361e-29,3,6,1265,1175
730.935827,1.993e-28,3,6,1265,1175
730.942429,2.502e-29,3,7,1265,1175
730.955511,1.744e-25,4,7,1265,1175
730.956474,6.734e-26,4,6,1265,1175
730.970227,3.114e-29,3,6,1265,1175
730.974633,6.705e-28,3,6,1265,1175
730.981215,2.513e-30,3,6,1265,1175
730.98285,2.898e-30,3,6,1265,1175
731.00135,6.239e-26,4,6,1265,1175
731.011669,1.355e-27,3,6,1265,1175
731.019833,7.891e-28,3,6,1265,1175
731.02168,4.64e-27,4,7,1265,1175
731.028951,4.122e-30,3,6,1265,1175
731.034133,1.007e-30,3,6,1265,1175
731.034829,1.549e-30,3,6,1265,1175
731.042055,7.922e-30,3,6,1265,1175
731.06252,9.106e-28,3,6,1265,1175
731.090069,1.333e-27,3,6,1265,1175
731.096144,1.137e-28,3,6,1265,1175
731.100179,2.443e-27,3,6,1265,1175
731.102307,1.516e-30,3,6,1265,1175
731.1026,1.029e-27,3,6,1265,1175
731.124138,3.023e-30,3,6,1265,1175
731.127466,8.303e-27,3,6,1265,1175
731.139985,1.139e-27,3,6,1265,1175
731.149788,1.403e-29,3,6,1265,1175
731.158436,1.265e-27,3,6,1265,1175
731.174596,1.233e-27,3,6,1265,1175
731.190876,6.042e-26,4,6,1265,1175
731.20636,1.303e-27,3,6,1265,1175
731.216736,1.151e-27,3,6,1265,1175
731.235211,1.341e-27,3,6,1265,1175
731.252932,7.021e-24,3,7,1265,1175
731.261092,1.342e-27,3,6,1265,1175
731.264938,9.899e-28,3,6,1265,1175
731.283951,1.299e-27,3,6,1265,1175
731.30056,2.397e-26,4,6,1265,1175
731.303019,7.838e-28,3,6,1265,1175
731.303743,1.211e-27,3,6,1265,1175
731.306418,1.679e-29,3,6,1265,1175
731.320429,1.074e-27,3,6,1265,1175
731.330961,5.341e-28,3,6,1265,1175
731.331769,4.996e-29,4,7,1265,1175
731.333978,8.912e-28,3,6,1265,1175
731.344364,6.642e-28,3,6,1265,1175
731.348749,2.256e-28,3,6,1265,1175
731.349394,1.314e-23,3,7,1265,1175
731.351566,3.903e-28,3,6,1265,1175
731.35291,1.338e-25,4,6,1265,1175
731.380531,5.646e-28,3,6,1265,1175
731.4236,2.245e-28,4,6,1265,1175
731.423636,1.819e-29,3,6,1265,1175
731.427704,9.146e-30,3,6,1265,1175
731.466498,2.01e-28,3,6,1265,1175
731.474547,6.854e-26,4,7,1265,1175
731.479415,2.068e-27,3,6,1265,1175
731.483271,1.844e-29,3,6,1265,1175
731.490396,6.521e-28,4,7,1265,1175
731.490672,6.418e-23,3,7,1265,1175
731.543055,3.563e-29,3,6,1265,1175
731.548931,1.439e-30,3,6,1265,1175
731.554791,3.64e-24,4,6,1265,1175
731.558469,1.143e-29,3,6,1265,1175
731.572583,1.037e-24,4,6,1265,1175
731.580672,1.856e-29,3,6,1265,1175
731.599416,3.597e-30,3,6,1265,1175
731.608573,1.166e-27,3,6,1265,1175
731.624678,5.871e-29,3,6,1265,1175
731.628983,1.559e-30,3,6,1265,1175
731.647067,2.835e-21,3,7,1265,1175
731.657444,9.074e-26,4,6,1265,1175
731.667519,2.61e-30,3,6,1265,1175
731.69288,9.003e-28,3,6,1265,1175
731.717291,9.828e-29,4,7,1265,1175
731.745186,3.009e-27,4,6,1265,1175
731.764294,5.693e-27,4,6,1265,1175
731.780415,1.605e-30,3,6,1265,1175
731.781918,3.236e-29,3,6,1265,1175
731.784926,3.255e-30,3,6,1265,1175
731.79054,5.367e-30,3,6,1265,1175
731.812387,1.041e-29,3,6,1265,1175
731.829258,5.057e-25,4,7,1265,1175
731.887661,3.299e-30,3,6,1265,1175
731.889799,2.671e-27,3,6,1265,1175
731.890342,3.07e-30,3,6,1265,1175
731.906238,3.543e-27,4,7,1265,1175
731.924704,1.903e-29,3,6,1265,1175
731.945523,9.149e-29,3,6,1265,1175
731.961277,2.738e-29,3,6,1265,1175
731.989531,1.638e-29,3,6,1265,1175
732.007308,9.853e-30,3,6,1265,1175
732.012865,1.312e-25,4,6,1265,1175
732.022973,2.42e-27,3,6,1265,1175
732.048387,2.022e-30,3,6,1265,1175
732.062849,1.895e-30,3,6,1265,1175
732.066902,6.37e-30,3,7,1265,1175
732.073541,1.299e-25,4,6,1265,1175
732.09003,6.114e-24,4,7,1265,1175
732.098688,1.905e-28,4,7,1265,1175
732.10424,1.149e-30,3,6,1265,1175
732.109791,1.895e-29,3,6,1265,1175
732.111128,1.341e-25,4,6,1265,1175
732.113441,2.961e-30,4,6,1265,1175
732.119518,2.356e-30,3,6,1265,1175
732.124336,5.314e-30,3,6,1265,1175
732.139405,1.58e-30,3,6,1265,1175
732.159511,6.374e-23,3,7,1265,1175
732.165977,2.706e-28,3,6,1265,1175
732.211969,5.591e-26,4,7,1265,1175
732.268247,3.328e-29,4,6,1265,1175
732.276455,6.527e-28,3,6,1265,1175
732.294537,4.828e-29,3,6,1265,1175
732.297665,8.903e-27,3,6,1265,1175
732.301579,1.713e-28,4,6,1265,1175
732.308346,2.108e-30,3,7,1265,1175
732.366724,2.292e-29,3,6,1265,1175
732.389633,2.42e-27,4,6,1265,1175
732.393688,1.143e-24,4,6,1265,1175
732.400205,5.234e-26,4,7,1265,1175
732.401021,4.232e-30,3,6,1265,1175
732.419073,4.351e-28,3,6,1265,1175
732.441548,1.056e-29,3,6,1265,1175
732.442605,5.38e-30,4,6,1265,1175
732.465397,3.91e-30,3,6,1265,1175
732.474413,1.941e-28,3,6,1265,1175
732.474954,4.038e-29,3,7,1265,1175
732.475665,3.637e-28,4,7,1265,1175
732.532008,2.797e-30,3,6,1265,1175
732.55161,1.952e-25,4,6,1265,1175
732.589492,3.344e-29,3,6,1265,1175
732.591373,4.738e-29,3,6,1265,1175
732.601343,2.781e-28,3,6,1265,1175
732.607215,3.057e-29,3,6,1265,1175
732.608899,5.123e-30,3,6,1265,1175
732.622875,6.704e-27,4,6,1265,1175
732.648331,7.313e-26,4,6,1265,1175
732.670824,1.007e-26,3,6,1265,1175
732.677909,3.637e-30,3,6,1265,1175
732.690371,7.939e-30,3,6,1265,1175
732.70882,1.59e-30,3,6,1265,1175
732.714014,1.84e-30,3,6,1265,1175
732.723531,7.821e-26,4,6,1265,1175
732.733781,2.904e-27,3,6,1265,1175
732.739714,1.193e-25,4,7,1265,1175
732.746246,6.805e-30,3,6,1265,1175
732.747874,2.631e-30,3,6,1265,1175
732.757146,1.213e-24,4,7,1265,1175
732.767549,9.631e-30,4,6,1265,1175
732.778405,2.695e-27,4,7,1265,1175
732.790973,3.737e-30,3,6,1265,1175
732.791881,2.111e-26,4,6,1265,1175
732.815078,7.332e-29,3,6,1265,1175
732.826905,7.288e-24,4,7,1265,1175
732.835432,1.906e-29,3,6,1265,1175
732.840004,3.031e-30,3,6,1265,1175
732.847938,6.84e-28,4,7,1265,1175
732.912258,1.258e-25,4,6,1265,1175
732.944658,1.158e-27,4,7,1265,1175
732.978586,2.794e-25,4,6,1265,1175
732.999333,3.807e-30,3,6,1265,1175
733.017051,7.429e-24,3,7,1265,1175
733.019282,1.562e-29,3,6,1265,1175
733.050679,1.61e-29,3,6,1265,1175
733.071962,6.236e-23,3,7,1265,1175
733.08316,1.915e-28,3,6,1265,1175
733.087936,1.698e-29,4,6,1265,1175
733.139364,8.637e-28,3,6,1265,1175
733.14516,7.525e-28,3,6,1265,1175
733.152974,3.124e-24,4,6,1265,1175
733.172006,2.002e-29,3,6,1265,1175
733.180674,1.302e-28,4,6,1265,1175
733.181593,2.947e-21,3,7,1265,1175
733.194241,5.05e-29,3,6,1265,1175
733.198192,2.581e-29,3,6,1265,1175
733.215098,1.595e-27,3,6,1265,1175
733.215234,1.267e-27,4,7,1265,1175
733.2279,4.237e-30,3,6,1265,1175
733.230287,3.957e-26,4,7,1265,1175
733.237479,1.255e-24,4,6,1265,1175
733.249072,2.836e-29,3,6,1265,1175
733.286863,4.406e-30,3,6,1265,1175
733.39177,3.937e-25,4,6,1265,1175
733.394778,1.361e-27,3,6,1265,1175
733.397451,3.437e-29,3,6,1265,1175
733.403449,2.95e-29,4,6,1265,1175
733.449924,5.095e-30,3,6,1265,1175
733.46576,6.873e-30,3,6,1265,1175
733.470086,1.349e-30,3,6,1265,1175
733.478636,1.96e-27,4,6,1265,1175
733.482648,7.861e-27,4,6,1265,1175
733.486874,4.049e-30,3,6,1265,1175
733.498107,2.853e-25,4,7,1265,1175
733.528515,3.144e-27,3,6,1265,1175
733.567473,2.391e-30,3,6,1265,1175
733.569293,6.029e-30,3,6,1265,1175
733.574806,1.697e-30,3,6,1265,1175
733.57729,2.313e-27,4,7,1265,1175
733.589627,1.033e-25,4,6,1265,1175
733.608364,2.089e-30,3,6,1265,1175
733.618122,1.207e-25,4,6,1265,1175
733.623646,1.737e-30,3,6,1265,1175
733.652523,1.296e-29,3,6,1265,1175
733.653839,2.573e-29,3,6,1265,1175
733.664376,5.851e-29,3,6,1265,1175
733.666089,2.042e-27,4,7,1265,1175
733.673671,2.208e-29,3,6,1265,1175
733.675695,4.182e-24,4,7,1265,1175
733.683369,4.546e-29,3,6,1265,1175
733.695529,4.529e-30,3,6,1265,1175
733.713792,5.046e-29,4,6,1265,1175
733.741342,1.599e-30,3,6,1265,1175
733.745357,2.786e-28,3,6,1265,1175
733.755327,2.945e-30,3,7,1265,1175
733.773814,9.771e-30,3,6,1265,1175
733.775921,2.983e-27,3,6,1265,1175
733.778466,6.086e-23,3,7,1265,1175
733.790891,5.457e-25,4,6,1265,1175
733.806369,3.635e-26,4,7,1265,1175
733.883371,6.708e-30,3,6,1265,1175
733.887055,1.008e-26,3,6,1265,1175
733.911261,3.871e-28,3,6,1265,1175
733.927009,3.636e-29,3,6,1265,1175
733.933853,4.157e-27,4,7,1265,1175
733.959401,2.732e-29,3,6,1265,1175
733.96384,1.019e-30,3,7,1265,1175
733.970147,2.068e-29,3,6,1265,1175
733.982542,6.848e-30,3,6,1265,1175
734.000836,5.491e-29,4,6,1265,1175
734.017955,1.827e-28,3,6,1265,1175
734.018684,8.503e-29,4,6,1265,1175
734.03398,8.627e-28,3,6,1265,1175
734.05866,1.371e-24,4,6,1265,1175
734.060562,9.856e-29,4,6,1265,1175
734.077745,4.563e-30,3,6,1265,1175
734.093702,1.563e-27,4,6,1265,1175
734.129771,3.497e-29,3,6,1265,1175
734.166888,2.999e-26,4,7,1265,1175
734.175693,7.441e-25,4,6,1265,1175
734.202207,3.513e-29,3,6,1265,1175
734.210717,1.144e-26,3,6,1265,1175
734.265683,2.819e-28,3,6,1265,1175
734.279465,1.822e-26,4,6,1265,1175
734.284679,7.36e-27,4,7,1265,1175
734.290053,8.405e-26,4,6,1265,1175
734.299288,8.683e-30,3,6,1265,1175
734.302747,1.103e-30,3,6,1265,1175
734.305399,2.199e-29,3,6,1265,1175
734.317863,1.411e-28,4,6,1265,1175
734.338687,9.18e-27,4,6,1265,1175
734.363441,3.386e-27,3,6,1265,1175
734.366504,4.484e-30,3,6,1265,1175
734.367364,1.589e-30,3,6,1265,1175
734.402627,7.317e-24,3,7,1265,1175
734.407522,2.025e-27,4,7,1265,1175
734.440016,1.014e-28,3,6,1265,1175
734.445844,2.091e-29,3,7,1265,1175
734.449163,4.56e-30,3,6,1265,1175
734.455845,5.743e-30,3,6,1265,1175
734.470517,1.653e-30,3,6,1265,1175
734.472869,4.035e-29,3,6,1265,1175
734.473133,1.137e-25,4,6,1265,1175
734.475785,8.905e-26,4,6,1265,1175
734.516116,2.546e-29,3,6,1265,1175
734.526452,7.413e-30,3,6,1265,1175
734.528717,8.028e-26,4,7,1265,1175
734.538137,4.652e-29,3,6,1265,1175
734.539008,1.541e-27,4,7,1265,1175
734.545935,9.979e-25,4,6,1265,1175
734.592931,5.467e-30,3,6,1265,1175
734.598498,7.036e-25,4,7,1265,1175
734.605417,1.239e-29,3,6,1265,1175
734.611082,2.306e-28,4,6,1265,1175
734.629534,1.283e-26,4,7,1265,1175
734.650825,5.858e-23,3,7,1265,1175
734.667656,6.288e-28,3,6,1265,1175
734.68643,4.135e-24,4,7,1265,1175
734.690438,1.76e-28,3,6,1265,1175
734.697313,1.105e-29,3,6,1265,1175
734.712578,2.965e-21,3,7,1265,1175
734.741824,2.476e-24,4,6,1265,1175
734.76534,2.083e-29,3,6,1265,1175
734.765868,4.258e-29,3,6,1265,1175
734.77389,1.496e-29,3,6,1265,1175
734.778179,3.553e-30,3,6,1265,1175
734.851004,4.897e-30,3,6,1265,1175
734.854873,1.839e-29,3,6,1265,1175
734.896654,1.491e-24,4,6,1265,1175
734.898106,3.712e-28,4,6,1265,1175
734.900845,9.86e-28,3,6,1265,1175
734.901387,1.316e-24,4,6,1265,1175
734.941599,7.432e-29,4,6,1265,1175
734.955232,1.209e-27,3,6,1265,1175
734.968193,2.204e-26,4,7,1265,1175
734.989512,2.249e-26,4,7,1265,1175
735.00336,2.304e-30,3,6,1265,1175
735.006561,3.57e-29,3,6,1265,1175
735.009272,4.293e-29,3,6,1265,1175
735.077106,1.382e-29,3,6,1265,1175
735.102063,8.063e-26,4,6,1265,1175
735.111865,1.918e-27,3,6,1265,1175
735.147753,2.583e-30,3,6,1265,1175
735.161768,3.632e-27,3,6,1265,1175
735.168594,1.585e-25,4,7,1265,1175
735.178717,5.882e-28,4,6,1265,1175
735.180495,4.947e-30,3,6,1265,1175
735.191605,8.713e-30,3,6,1265,1175
735.195257,1.068e-26,4,6,1265,1175
735.214269,1.066e-25,4,6,1265,1175
735.218118,1.257e-27,4,6,1265,1175
735.230659,1.602e-28,3,6,1265,1175
735.241837,1.706e-24,4,6,1265,1175
735.260653,2.815e-24,4,7,1265,1175
735.300439,3.728e-26,4,7,1265,1175
735.323221,2.791e-28,3,6,1265,1175
735.329952,3.436e-30,3,6,1265,1175
735.332733,1.302e-30,3,6,1265,1175
735.336778,1.574e-30,3,6,1265,1175
735.3526,2.925e-29,3,6,1265,1175
735.376363,3.421e-29,3,6,1265,1175
735.377679,4.071e-30,3,6,1265,1175
735.386938,3.683e-29,3,6,1265,1175
735.387548,5.605e-23,3,7,1265,1175
735.39698,3.373e-28,3,6,1265,1175
735.400469,2.325e-26,4,7,1265,1175
735.429961,1.159e-27,4,7,1265,1175
735.438352,1.697e-29,3,6,1265,1175
735.446821,1.341e-30,3,7,1265,1175
735.452708,9.179e-28,4,6,1265,1175
735.481453,1.087e-26,3,6,1265,1175
735.488702,2.993e-29,3,6,1265,1175
735.493002,6.573e-30,3,6,1265,1175
735.515853,9.386e-30,3,6,1265,1175
735.517702,3.609e-27,3,6,1265,1175
735.56639,1.653e-28,3,6,1265,1175
735.567083,2.175e-24,3,6,1265,1175
735.571432,9.159e-30,3,6,1265,1175
735.624365,1.522e-29,3,6,1265,1175
735.626063,6.208e-26,4,7,1265,1175
735.687715,5.225e-30,3,6,1265,1175
735.717285,1.613e-24,3,6,1265,1175
735.719885,1.41e-27,4,6,1265,1175
735.734694,8.913e-29,4,6,1265,1175
735.747199,1.237e-26,3,6,1265,1175
735.763411,1.542e-26,4,6,1265,1175
735.780754,2.048e-29,3,6,1265,1175
735.783027,1.121e-27,3,6,1265,1175
735.800268,9.936e-28,4,6,1265,1175
735.808341,3.607e-29,3,6,1265,1175
735.823361,5.583e-29,4,6,1265,1175
735.87275,4.742e-29,3,6,1265,1175
735.876936,2.724e-24,4,6,1265,1175
735.878558,3.482e-27,4,7,1265,1175
735.88717,5.25e-29,3,6,1265,1175
735.916622,2.778e-28,3,6,1265,1175
735.926413,9.466e-26,4,6,1265,1175
735.938338,1.692e-26,4,7,1265,1175
735.944863,1.018e-25,4,7,1265,1175
735.966535,2.191e-28,3,6,1265,1175
735.980064,2.132e-27,4,6,1265,1175
735.980171,7.134e-24,3,7,1265,1175
735.98904,3.874e-27,3,6,1265,1175
736.010452,1.556e-29,3,6,1265,1175
736.010483,1.541e-30,3,6,1265,1175
736.03548,9.824e-26,4,6,1265,1175
736.04849,5.429e-30,3,6,1265,1175
736.048645,1.236e-26,4,6,1265,1175
736.104038,2.426e-29,3,6,1265,1175
736.170173,4.763e-30,3,6,1265,1175
736.17122,3.351e-24,3,6,1265,1175
736.181982,8.6e-30,3,6,1265,1175
736.191781,3.345e-29,3,6,1265,1175
736.193343,4.502e-28,3,6,1265,1175
736.196818,1.022e-30,3,6,1265,1175
736.211677,2.579e-30,3,6,1265,1175
736.213188,9.932e-26,4,6,1265,1175
736.227204,5.292e-23,4,7,1265,1175
736.233072,3.175e-27,4,6,1265,1175
736.240067,2.896e-21,3,7,1265,1175
736.256647,1.644e-25,4,7,1265,1175
736.264381,2.814e-30,3,6,1265,1175
736.265298,2.906e-29,3,6,1265,1175
736.274815,1.419e-30,3,6,1265,1175
736.288219,1.553e-28,3,6,1265,1175
736.303421,8.677e-28,4,7,1265,1175
736.321299,1.718e-24,4,6,1265,1175
736.322171,5.32e-26,4,7,1265,1175
736.339719,3.522e-29,3,6,1265,1175
736.357475,2.266e-24,3,7,1265,1175
736.360775,2.101e-29,3,6,1265,1175
736.369122,3.355e-29,3,6,1265,1175
736.387014,7.871e-30,3,6,1265,1175
736.407949,2.819e-29,3,6,1265,1175
736.422346,1.066e-29,3,7,1265,1175
736.426975,2.128e-30,3,6,1265,1175
736.441176,1.052e-29,3,6,1265,1175
736.444728,4.02e-25,4,7,1265,1175
736.444993,1.044e-30,3,6,1265,1175
736.44977,4.049e-24,4,6,1265,1175
736.469038,5.552e-30,3,6,1265,1175
736.476122,1.342e-29,3,6,1265,1175
736.478745,4.652e-27,4,6,1265,1175
736.512877,1.289e-29,3,6,1265,1175
736.550009,1.738e-24,4,6,1265,1175
736.558183,2.172e-30,3,6,1265,1175
736.561228,2.613e-25,4,7,1265,1175
736.609184,3.623e-29,3,6,1265,1175
736.610668,6.186e-26,4,6,1265,1175
736.647554,1.27e-27,3,6,1265,1175
736.676195,3.777e-30,3,6,1265,1175
736.692253,3.212e-29,3,6,1265,1175
736.699306,9.022e-28,3,6,1265,1175
736.706317,4.178e-29,4,6,1265,1175
736.712434,4.802e-24,3,6,1265,1175
736.716931,6.709e-27,4,6,1265,1175
736.726698,5.765e-30,3,6,1265,1175
736.752106,1.259e-26,4,7,1265,1175
736.763794,6.394e-29,3,6,1265,1175
736.774702,2.759e-28,3,6,1265,1175
736.78966,4.115e-27,3,6,1265,1175
736.801246,8.977e-26,4,6,1265,1175
736.833998,3.273e-30,3,6,1265,1175
736.840666,8.666e-26,4,7,1265,1175
736.844176,2.547e-27,3,6,1265,1175
736.844742,1.864e-24,4,7,1265,1175
736.858429,4.089e-25,4,7,1265,1175
736.865885,5.935e-30,3,6,1265,1175
736.876003,2.88e-28,3,6,1265,1175
736.899479,2.714e-28,3,6,1265,1175
736.902043,1.426e-26,4,6,1265,1175
736.925718,1.501e-30,3,6,1265,1175
736.947484,9.52e-27,4,6,1265,1175
736.956733,3.586e-29,3,6,1265,1175
736.959068,5.587e-24,4,6,1265,1175
736.963728,7.939e-28,4,6,1265,1175
736.986711,4.95e-23,3,7,1265,1175
736.994167,1.464e-26,4,7,1265,1175
736.997199,3.793e-29,3,6,1265,1175
737.0263,3.81e-29,3,6,1265,1175
737.080955,1.126e-26,3,6,1265,1175
737.09218,4.469e-29,3,6,1265,1175
737.094302,1.928e-30,3,6,1265,1175
737.102103,4.855e-30,3,6,1265,1175
737.113126,2.282e-29,3,6,1265,1175
737.119665,1.429e-28,3,6,1265,1175
737.148078,6.3e-25,4,7,1265,1175
737.167786,1.107e-29,3,6,1265,1175
737.170267,1.329e-26,4,6,1265,1175
737.18954,6.372e-24,3,6,1265,1175
737.197807,6.474e-28,4,7,1265,1175
737.20119,3.919e-29,3,6,1265,1175
737.233536,8.689e-30,3,6,1265,1175
737.243827,1.28e-26,4,6,1265,1175
737.248302,4.284e-27,3,6,1265,1175
737.280342,1.286e-26,3,6,1265,1175
737.282668,9.385e-30,3,6,1265,1175
737.289183,8.345e-30,3,6,1265,1175
737.293685,2.375e-30,3,6,1265,1175
737.295164,5.866e-30,3,6,1265,1175
737.357344,5.892e-27,4,7,1265,1175
737.357636,1.137e-30,3,6,1265,1175
737.362342,7.089e-30,3,6,1265,1175
737.369553,1.863e-24,3,6,1265,1175
737.385152,1.826e-26,4,6,1265,1175
737.403731,7.121e-24,3,6,1265,1175
737.407862,3.616e-29,3,6,1265,1175
737.425444,4.186e-29,3,6,1265,1175
737.430009,9.554e-25,4,7,1265,1175
737.469313,1.424e-28,4,6,1265,1175
737.482833,3.305e-28,3,6,1265,1175
737.509154,6.217e-28,4,6,1265,1175
737.523487,1.431e-27,3,6,1265,1175
737.554083,2.653e-28,3,6,1265,1175
737.557317,1.044e-25,4,6,1265,1175
737.559621,6.773e-24,4,7,1265,1175
737.563954,1.119e-30,3,6,1265,1175
737.589914,3.114e-29,4,6,1265,1175
737.592018,2.468e-26,4,6,1265,1175
737.599254,8.121e-26,4,6,1265,1175
737.601528,7.788e-24,3,6,1265,1175
737.610463,4.347e-27,3,6,1265,1175
737.614562,1.019e-29,3,6,1265,1175
737.629331,4.364e-29,3,6,1265,1175
737.63822,1.446e-30,3,6,1265,1175
737.638845,7.756e-29,3,6,1265,1175
737.704064,1.426e-24,4,7,1265,1175
737.71458,9.401e-27,4,7,1265,1175
737.716321,3.17e-28,3,6,1265,1175
737.722584,1.084e-29,3,6,1265,1175
737.723729,6.454e-30,3,6,1265,1175
737.745364,2.19e-30,3,6,1265,1175
737.748926,4.411e-30,3,6,1265,1175
737.752686,1.637e-26,4,6,1265,1175
737.764109,2.756e-21,3,7,1265,1175
737.78283,8.326e-24,4,6,1265,1175
737.790749,3.279e-26,4,6,1265,1175
737.798537,6.077e-29,3,6,1265,1175
737.801049,4.568e-23,3,7,1265,1175
737.812705,4.431e-29,3,6,1265,1175
737.838061,1.895e-30,3,6,1265,1175
737.858616,1.441e-29,3,6,1265,1175
737.862368,4.321e-29,3,6,1265,1175
737.87641,1.308e-28,3,6,1265,1175
737.888514,3.883e-30,3,6,1265,1175
737.891359,8.809e-25,4,6,1265,1175
737.915967,2.859e-29,3,6,1265,1175
737.935693,1.084e-25,4,6,1265,1175
737.947545,8.687e-24,4,6,1265,1175
737.947554,1.237e-30,3,6,1265,1175
737.958508,2.059e-29,3,6,1265,1175
737.970093,2.095e-24,4,7,1265,1175
737.975434,4.367e-29,3,6,1265,1175
737.977851,1.436e-30,3,6,1265,1175
737.98124,4.285e-26,4,6,1265,1175
737.996541,1.786e-29,3,6,1265,1175
738.030132,1.223e-24,3,7,1265,1175
738.071577,4.811e-28,4,7,1265,1175
738.082283,6.17e-30,3,6,1265,1175
738.094365,2.006e-29,3,6,1265,1175
738.09559,8.824e-24,3,6,1265,1175
738.115248,4.664e-26,4,6,1265,1175
738.117404,4.16e-29,3,6,1265,1175
738.11971,3.47e-26,4,7,1265,1175
738.157432,1.154e-29,3,6,1265,1175
738.163388,5.505e-26,4,6,1265,1175
738.171972,8.893e-30,3,6,1265,1175
738.173146,1.115e-29,3,6,1265,1175
738.197453,1.988e-24,4,6,1265,1175
738.205258,3.586e-29,3,6,1265,1175
738.208618,5.431e-30,3,6,1265,1175
738.226893,8.702e-24,3,6,1265,1175
738.227948,3.028e-24,4,7,1265,1175
738.238516,3.805e-29,3,6,1265,1175
738.257453,3.752e-30,3,6,1265,1175
738.280317,2.725e-29,3,6,1265,1175
738.2956,2.261e-25,4,7,1265,1175
738.315493,3.804e-28,3,6,1265,1175
738.321676,2.748e-29,3,6,1265,1175
738.3371,6.95e-26,4,6,1265,1175
738.338685,3.305e-29,3,6,1265,1175
738.341387,8.295e-24,3,6,1265,1175
738.344644,1.262e-30,3,6,1265,1175
738.34809,2.412e-28,3,6,1265,1175
738.352355,1.463e-29,3,6,1265,1175
738.379007,7.417e-26,4,6,1265,1175
738.385252,1.607e-27,3,6,1265,1175
738.404057,5.358e-30,3,7,1265,1175
738.412285,4.569e-27,3,6,1265,1175
738.417843,2.672e-29,3,6,1265,1175
738.427797,1.214e-24,4,7,1265,1175
738.439018,7.59e-24,3,6,1265,1175
738.446778,6.622e-28,3,6,1265,1175
738.47405,2.551e-28,3,6,1265,1175
738.474766,2.312e-29,3,6,1265,1175
738.475935,1.926e-29,3,6,1265,1175
738.477492,4.307e-24,4,7,1265,1175
738.482822,1.187e-30,3,6,1265,1175
738.49563,4.439e-29,3,6,1265,1175
738.502286,8.621e-26,4,6,1265,1175
738.508192,1.381e-30,3,6,1265,1175
738.512561,9.37e-29,3,6,1265,1175
738.512922,1.098e-29,3,6,1265,1175
738.514268,4.666e-26,4,7,1265,1175
738.51795,6.935e-27,4,7,1265,1175
738.519738,6.594e-24,3,6,1265,1175
738.540423,3.703e-29,3,6,1265,1175
738.543128,6.989e-30,3,6,1265,1175
738.575914,4.171e-23,3,7,1265,1175
738.583507,5.332e-24,3,6,1265,1175
738.587363,9.071e-27,4,7,1265,1175
738.59175,3.21e-27,3,6,1265,1175
738.60293,1.872e-26,4,6,1265,1175
738.630296,3.846e-24,3,6,1265,1175
738.658864,1.05e-25,4,6,1265,1175
738.660081,2.193e-24,4,6,1265,1175
738.677734,1.182e-28,3,6,1265,1175
738.685675,1.129e-26,3,6,1265,1175
738.694753,4.879e-29,3,6,1265,1175
738.715564,4.934e-28,4,6,1265,1175
738.718592,6.027e-24,3,7,1265,1175
738.720831,1.044e-26,4,6,1265,1175
738.750491,4.908e-29,3,6,1265,1175
738.771732,1.252e-29,3,6,1265,1175
738.801199,5.738e-29,3,6,1265,1175
738.806755,1.256e-25,4,6,1265,1175
738.810232,1.294e-26,3,6,1265,1175
738.842849,1.392e-29,3,6,1265,1175
738.843468,9.808e-27,4,7,1265,1175
738.862281,1.065e-30,3,6,1265,1175
738.88755,1.852e-30,3,6,1265,1175
738.899955,6.454e-30,3,6,1265,1175
738.916409,1.299e-30,3,6,1265,1175
738.926958,7.688e-30,3,6,1265,1175
738.945888,1.475e-25,4,6,1265,1175
738.951118,8.296e-24,3,7,1265,1175
738.951771,6.397e-29,3,6,1265,1175
738.953595,4.506e-30,3,6,1265,1175
738.967711,4.988e-27,3,6,1265,1175
738.969583,3.561e-28,4,7,1265,1175
738.9889,4.276e-28,3,6,1265,1175
739.000739,3.533e-29,3,6,1265,1175
739.015449,2.11e-24,4,6,1265,1175
739.064432,1.318e-29,3,6,1265,1175
739.076195,1.698e-25,4,6,1265,1175
739.089919,1.405e-30,3,6,1265,1175
739.141073,6.274e-24,3,7,1265,1175
739.14416,8.198e-29,3,6,1265,1175
739.174951,1.123e-23,3,7,1265,1175
739.177996,2.444e-28,3,6,1265,1175
739.182675,1.126e-25,4,6,1265,1175
739.197615,1.915e-25,4,6,1265,1175
739.2042,2.237e-28,4,6,1265,1175
739.2132,1.365e-30,3,6,1265,1175
739.220179,3.83e-28,4,6,1265,1175
739.22102,1.674e-30,3,6,1265,1175
739.227604,4.778e-27,3,6,1265,1175
739.236329,1.636e-30,3,6,1265,1175
739.236481,2.195e-28,3,6,1265,1175
739.25064,1.304e-30,3,6,1265,1175
739.255259,1.796e-27,3,6,1265,1175
739.282201,2.846e-30,3,6,1265,1175
739.284767,2.56e-21,3,7,1265,1175
739.310091,2.116e-25,4,6,1265,1175
739.327566,1.033e-28,3,6,1265,1175
739.360158,1.71e-29,3,6,1265,1175
739.372314,3.774e-23,3,7,1265,1175
739.384722,1.127e-28,3,6,1265,1175
739.389975,1.495e-23,3,7,1265,1175
739.392094,7.53e-30,3,6,1265,1175
739.397279,1.375e-30,3,6,1265,1175
739.413569,2.286e-25,4,6,1265,1175
739.441191,1.379e-30,3,6,1265,1175
739.442001,7.43e-30,3,6,1265,1175
739.450746,2.132e-26,4,6,1265,1175
739.454937,1.08e-28,3,6,1265,1175
739.461489,3.183e-30,3,6,1265,1175
739.494797,2.279e-29,3,6,1265,1175
739.495644,5.143e-27,4,7,1265,1175
739.5019,1.278e-28,3,6,1265,1175
739.508003,2.411e-25,4,6,1265,1175
739.527821,5.486e-29,3,6,1265,1175
739.536941,6.226e-30,3,6,1265,1175
739.552643,2.156e-30,3,6,1265,1175
739.558795,1.966e-29,3,6,1265,1175
739.593348,2.479e-25,4,6,1265,1175
739.596079,1.958e-23,3,7,1265,1175
739.61011,3.113e-30,3,6,1265,1175
739.6156,3.456e-26,4,6,1265,1175
739.623669,1.076e-29,3,6,1265,1175
739.643259,1.157e-25,4,6,1265,1175
739.663958,1.061e-30,3,6,1265,1175
739.666524,4.305e-30,3,6,1265,1175
739.667083,1.554e-28,3,6,1265,1175
739.669567,2.477e-25,4,6,1265,1175
739.669629,4.555e-30,3,6,1265,1175
739.690984,6.718e-30,3,6,1265,1175
739.704346,6.497e-25,3,7,1265,1175
739.704412,7.647e-29,3,6,1265,1175
739.721714,1.689e-29,3,6,1265,1175
739.73185,1.081e-29,3,6,1265,1175
739.736624,2.396e-25,4,6,1265,1175
739.744679,7.679e-30,3,6,1265,1175
739.783505,2.403e-30,3,6,1265,1175
739.793158,2.519e-23,4,7,1265,1175
739.79449,2.23e-25,4,6,1265,1175
739.794729,3.458e-29,3,6,1265,1175
739.800085,1.543e-30,3,6,1265,1175
739.805375,8.335e-30,3,6,1265,1175
739.812982,1.982e-28,3,6,1265,1175
739.817869,9.405e-30,3,6,1265,1175
739.823041,1.856e-28,3,6,1265,1175
739.83112,2.45e-29,3,6,1265,1175
739.831921,6.036e-30,3,6,1265,1175
739.838897,2.229e-24,4,6,1265,1175
739.843139,1.978e-25,4,6,1265,1175
739.843405,2.626e-28,4,7,1265,1175
739.853034,4.68e-28,3,6,1265,1175
739.882549,1.64e-25,4,6,1265,1175
739.912702,1.222e-25,4,6,1265,1175
739.920947,2.229e-26,4,7,1265,1175
739.933587,7.177e-26,4,6,1265,1175
739.948524,4.145e-26,4,6,1265,1175
739.950893,9.804e-26,4,6,1265,1175
739.951252,1.553e-29,3,6,1265,1175
739.951938,3.326e-29,3,6,1265,1175
739.954641,1.436e-25,4,6,1265,1175
739.959803,1.81e-25,4,6,1265,1175
739.9599,1.367e-29,3,6,1265,1175
739.966426,2.098e-25,4,6,1265,1175
739.969707,2.175e-28,3,6,1265,1175
739.974571,2.298e-25,4,6,1265,1175
739.981114,3.185e-23,3,7,1265,1175
739.983993,4.915e-29,3,6,1265,1175
739.984312,2.409e-25,4,6,1265,1175
739.995734,2.438e-25,4,6,1265,1175
740.008938,2.391e-25,4,6,1265,1175
740.009643,7.784e-25,4,7,1265,1175
740.024038,2.282e-25,4,6,1265,1175
740.029721,4.971e-27,3,6,1265,1175
740.040277,6.41e-30,3,6,1265,1175
740.041162,2.123e-25,4,6,1265,1175
740.046864,2.306e-28,3,6,1265,1175
740.060452,1.928e-25,4,6,1265,1175
740.081223,2.228e-30,3,6,1265,1175
740.082065,1.713e-25,4,6,1265,1175
740.084224,4.265e-29,3,6,1265,1175
740.084252,1.219e-30,3,6,1265,1175
740.106173,1.49e-25,4,6,1265,1175
740.107017,2.499e-28,3,6,1265,1175
740.1139,1.999e-27,3,6,1265,1175
740.132965,1.27e-25,4,6,1265,1175
740.133226,2.056e-29,3,6,1265,1175
740.150866,1.253e-25,4,7,1265,1175
740.155119,3.446e-23,3,7,1265,1175
740.159852,3.957e-23,3,7,1265,1175
740.162643,1.061e-25,4,6,1265,1175
740.179952,5.532e-27,4,7,1265,1175
740.189342,2.474e-26,4,7,1265,1175
740.194549,8.355e-27,4,6,1265,1175
740.195429,8.688e-26,4,6,1265,1175
740.197078,4.783e-28,3,6,1265,1175
740.206641,2.163e-29,3,6,1265,1175
740.212298,8.077e-30,3,6,1265,1175
740.228036,5.2e-29,3,6,1265,1175
740.228727,4.445e-25,4,6,1265,1175
740.23156,6.983e-26,4,6,1265,1175
740.234915,2.816e-28,3,6,1265,1175
740.246886,1.26e-29,3,6,1265,1175
740.255497,1.351e-28,3,6,1265,1175
740.2593,1.994e-29,3,6,1265,1175
740.27129,5.509e-26,4,6,1265,1175
740.286918,3.762e-27,4,7,1265,1175
740.295742,1.097e-26,3,6,1265,1175
740.297846,2.417e-26,4,6,1265,1175
740.314894,4.267e-26,4,6,1265,1175
740.316608,3.514e-28,4,7,1265,1175
740.319104,1.811e-28,4,7,1265,1175
740.320506,6.71e-28,4,7,1265,1175
740.325376,2.876e-29,3,6,1265,1175
740.328528,9.183e-29,4,7,1265,1175
740.329284,4.827e-23,3,7,1265,1175
740.330285,1.26e-27,4,7,1265,1175
740.336528,1.606e-26,4,7,1265,1175
740.336969,1.264e-26,3,6,1265,1175
740.345435,4.58e-29,4,7,1265,1175
740.345449,2.329e-27,4,7,1265,1175
740.35335,3.106e-28,3,6,1265,1175
740.354632,3.86e-27,3,6,1265,1175
740.357931,6.141e-29,3,6,1265,1175
740.362662,3.245e-26,4,6,1265,1175
740.365524,4.236e-27,4,7,1265,1175
740.370397,2.248e-29,3,7,1265,1175
740.383429,1.347e-29,3,6,1265,1175
740.383438,6.061e-29,3,6,1265,1175
740.390053,7.578e-27,4,7,1265,1175
740.390549,2.653e-30,3,7,1265,1175
740.40323,9.395e-30,3,6,1265,1175
740.404008,1.085e-29,3,7,1265,1175
740.414906,2.425e-26,4,6,1265,1175
740.4186,1.334e-26,4,7,1265,1175
740.446879,5.155e-30,3,7,1265,1175
740.450745,2.311e-26,4,7,1265,1175
740.462275,3.351e-28,3,6,1265,1175
740.471956,1.779e-26,4,6,1265,1175
740.473727,3.019e-28,4,6,1265,1175
740.475443,1.668e-30,3,6,1265,1175
740.475966,1.408e-30,3,6,1265,1175
740.484297,1.134e-30,3,6,1265,1175
740.484733,5.06e-28,3,6,1265,1175
740.48609,3.937e-26,4,7,1265,1175
740.489327,5.781e-23,3,7,1265,1175
740.49964,2.408e-30,3,7,1265,1175
740.501953,6.954e-30,3,6,1265,1175
740.503334,7.238e-29,3,6,1265,1175
740.524252,6.602e-26,4,7,1265,1175
740.534163,1.283e-26,4,6,1265,1175
740.536375,3.781e-29,3,6,1265,1175
740.5505,6.782e-29,3,6,1265,1175
740.561649,3.531e-28,3,6,1265,1175
740.562941,1.107e-30,3,7,1265,1175
740.564866,1.089e-25,4,7,1265,1175
740.576017,8.359e-30,3,6,1265,1175
740.586941,3.362e-29,3,6,1265,1175
740.596194,6.411e-30,3,6,1265,1175
740.6019,9.094e-27,4,6,1265,1175
740.607584,1.767e-25,4,7,1265,1175
740.61733,2.395e-30,3,6,1265,1175
740.621478,1.372e-30,3,6,1265,1175
740.639901,6.794e-23,3,7,1265,1175
740.651433,3.627e-28,3,6,1265,1175
740.652075,2.822e-25,4,7,1265,1175
740.654959,2.343e-24,4,6,1265,1175
740.671834,1.277e-30,3,6,1265,1175
740.67556,6.333e-27,4,6,1265,1175
740.675918,5.691e-27,3,6,1265,1175
740.691241,1.258e-30,3,6,1265,1175
740.698024,4.432e-25,4,7,1265,1175
740.724635,5.679e-24,3,7,1265,1175
740.729295,7.307e-29,3,6,1265,1175
740.731595,3.621e-28,3,6,1265,1175
740.745132,6.848e-25,4,7,1265,1175
740.745246,1.929e-28,4,7,1265,1175
740.753714,1.496e-28,3,6,1265,1175
740.755164,1.355e-29,3,6,1265,1175
740.755558,4.335e-27,4,6,1265,1175
740.766251,4.712e-29,3,6,1265,1175
740.780935,7.83e-23,3,7,1265,1175
740.788299,2.159e-28,3,6,1265,1175
740.793113,1.041e-24,4,7,1265,1175
740.802104,3.5e-28,3,6,1265,1175
740.802107,2.324e-21,3,7,1265,1175
740.802404,1.187e-25,4,6,1265,1175
740.838206,1.821e-29,3,6,1265,1175
740.840364,5.143e-27,3,6,1265,1175
740.841698,1.556e-24,4,7,1265,1175
740.842331,2.916e-27,4,6,1265,1175
740.847816,1.125e-30,3,6,1265,1175
740.862936,3.256e-28,3,6,1265,1175
740.890631,2.288e-24,4,7,1265,1175
740.912359,8.843e-23,3,7,1265,1175
740.91407,2.885e-28,3,6,1265,1175
740.919898,7.602e-29,3,6,1265,1175
740.920996,1.095e-30,3,6,1265,1175
740.925942,1.468e-30,3,6,1265,1175
740.933153,2.322e-28,4,6,1265,1175
740.936342,1.928e-27,4,6,1265,1175
740.93887,3.458e-28,4,6,1265,1175
740.93967,3.308e-24,4,7,1265,1175
740.955486,2.391e-28,3,6,1265,1175
740.978246,2.213e-27,3,6,1265,1175
740.987171,1.781e-28,3,6,1265,1175
740.988587,4.704e-24,4,7,1265,1175
741.009114,1.046e-28,3,6,1265,1175
741.015034,5.596e-29,3,6,1265,1175
741.027284,6.038e-29,3,6,1265,1175
741.034111,9.777e-23,4,7,1265,1175
741.035557,1.427e-28,3,6,1265,1175
741.037166,6.578e-24,4,7,1265,1175
741.038073,1.254e-27,4,6,1265,1175
741.048607,2.089e-28,3,6,1265,1175
741.053463,8.619e-30,3,6,1265,1175
741.066501,2.628e-28,3,6,1265,1175
741.076407,1.783e-29,3,6,1265,1175
741.085202,9.043e-24,3,7,1265,1175
741.08933,3.041e-28,3,6,1265,1175
741.095871,1.924e-29,3,6,1265,1175
741.111514,2.518e-26,4,6,1265,1175
741.116284,1.773e-30,3,6,1265,1175
741.117208,3.323e-28,3,6,1265,1175
741.122393,7.655e-29,3,6,1265,1175
741.124726,1.612e-28,3,6,1265,1175
741.132504,1.222e-23,3,7,1265,1175
741.134031,9.246e-30,3,6,1265,1175
741.142762,2.729e-26,4,6,1265,1175
741.146131,1.057e-22,3,7,1265,1175
741.148031,8.01e-28,4,6,1265,1175
741.150277,3.476e-28,3,6,1265,1175
741.161928,1.831e-29,3,6,1265,1175
741.168906,5.012e-30,3,6,1265,1175
741.178891,1.623e-23,3,7,1265,1175
741.188085,6.845e-29,3,6,1265,1175
741.188701,3.506e-28,3,6,1265,1175
741.224194,2.118e-23,3,7,1265,1175
741.232673,3.428e-28,3,6,1265,1175
741.246265,2.366e-30,3,6,1265,1175
741.248368,1.116e-22,3,7,1265,1175
741.266748,5.032e-28,4,6,1265,1175
741.268254,2.717e-23,4,7,1265,1175
741.270407,1.598e-28,3,6,1265,1175
741.281563,2.771e-27,4,7,1265,1175
741.282411,3.258e-28,3,6,1265,1175
741.282756,6.366e-29,3,6,1265,1175
741.284046,1.068e-29,3,6,1265,1175
741.295349,7.16e-30,3,6,1265,1175
741.303008,1.206e-30,3,6,1265,1175
741.304475,1.514e-30,3,6,1265,1175
741.310922,3.422e-23,4,7,1265,1175
741.334165,2.453e-30,3,6,1265,1175
741.335847,1.205e-25,4,6,1265,1175
741.336862,7.474e-29,3,6,1265,1175
741.338159,3.018e-28,3,6,1265,1175
741.340772,1.148e-22,4,7,1265,1175
741.35206,4.232e-23,4,7,1265,1175
741.377546,3.248e-29,3,6,1265,1175
741.380059,3.399e-25,3,7,1265,1175
741.387332,5.352e-28,3,6,1265,1175
741.391539,5.137e-23,3,7,1265,1175
741.394778,3.108e-28,4,6,1265,1175
741.400188,2.729e-28,3,6,1265,1175
741.423299,1.148e-22,3,7,1265,1175
741.425151,2.687e-29,3,6,1265,1175
741.429238,6.119e-23,3,7,1265,1175
741.457464,7.127e-30,3,6,1265,1175
741.46229,5.211e-29,3,6,1265,1175
741.465046,7.147e-23,3,7,1265,1175
741.468801,2.412e-28,3,6,1265,1175
741.471214,6.442e-30,3,6,1265,1175
741.474262,2.45e-24,4,6,1265,1175
741.492475,4.031e-30,3,6,1265,1175
741.495911,1.111e-22,3,7,1265,1175
741.49886,8.181e-23,3,7,1265,1175
741.530587,9.17e-23,3,7,1265,1175
741.532699,1.887e-28,4,6,1265,1175
741.544324,2.086e-28,3,6,1265,1175
741.558574,1.035e-22,4,7,1265,1175
741.560139,1.005e-22,4,7,1265,1175
741.563396,7.086e-29,3,6,1265,1175
741.569449,6.96e-29,3,6,1265,1175
741.581121,1.061e-30,3,6,1265,1175
741.587437,1.077e-22,3,7,1265,1175
741.590104,4.91e-25,4,7,1265,1175
741.590425,9.446e-29,3,6,1265,1175
741.611258,9.179e-23,4,7,1265,1175
741.612412,1.125e-22,4,7,1265,1175
741.617858,1.992e-28,3,6,1265,1175
741.618831,1.411e-28,4,7,1265,1175
741.623974,6.601e-30,3,6,1265,1175
741.627117,1.766e-28,3,6,1265,1175
741.634998,1.144e-22,3,7,1265,1175
741.642038,5.293e-27,3,6,1265,1175
741.653938,7.614e-23,4,7,1265,1175
741.653956,1.026e-30,3,6,1265,1175
741.655138,1.128e-22,4,7,1265,1175
741.665116,6.57e-27,4,6,1265,1175
741.672783,1.074e-22,3,7,1265,1175
741.681113,1.126e-28,4,6,1265,1175
741.686595,5.673e-23,4,7,1265,1175
741.68789,9.785e-23,4,7,1265,1175
741.700422,8.429e-23,3,7,1265,1175
741.709213,3.333e-23,4,7,1265,1175
741.710349,6.683e-23,4,7,1265,1175
741.717566,1.465e-28,3,6,1265,1175
741.717648,4.558e-23,3,7,1265,1175
741.721257,2.127e-29,3,6,1265,1175
741.722301,1.926e-23,4,7,1265,1175
741.722891,1.849e-30,3,6,1265,1175
741.725475,1.409e-26,4,7,1265,1175
741.742815,3.692e-29,3,6,1265,1175
741.771829,3.32e-27,4,7,1265,1175
741.775121,1.317e-24,4,6,1265,1175
741.802085,6.533e-29,3,6,1265,1175
741.811569,4.32e-30,3,6,1265,1175
741.816092,1.192e-28,3,6,1265,1175
741.833456,2.441e-27,3,6,1265,1175
741.836129,2.588e-26,4,7,1265,1175
741.840644,6.607e-29,4,6,1265,1175
741.86067,1.202e-26,3,6,1265,1175
741.865834,1.292e-26,4,7,1265,1175
741.873456,9.154e-30,3,6,1265,1175
741.875148,7.338e-29,3,6,1265,1175
741.878347,1.276e-30,3,6,1265,1175
741.91131,1.039e-26,3,6,1265,1175
741.923143,9.502e-29,3,6,1265,1175
741.94961,3.399e-28,3,6,1265,1175
741.970332,5.631e-28,3,6,1265,1175
741.986719,3.067e-26,4,6,1265,1175
741.992527,1.916e-28,3,6,1265,1175
741.993193,1.122e-30,3,6,1265,1175
742.003071,1.393e-29,3,6,1265,1175
742.010266,6.837e-26,4,7,1265,1175
742.011938,3.811e-29,4,6,1265,1175
742.015805,7.596e-29,3,6,1265,1175
742.022616,6.76e-30,3,6,1265,1175
742.036336,1.463e-30,3,6,1265,1175
742.0392,7.433e-29,3,6,1265,1175
742.048684,4.989e-29,3,6,1265,1175
742.053025,5.864e-29,3,6,1265,1175
742.058881,2.01e-27,4,7,1265,1175
742.101021,7.331e-30,3,6,1265,1175
742.120141,1.276e-30,3,6,1265,1175
742.132871,4.449e-27,3,6,1265,1175
742.148278,1.68e-29,3,6,1265,1175
742.161351,2.662e-29,3,6,1265,1175
742.164777,5.704e-29,3,6,1265,1175
742.166437,3.121e-29,3,6,1265,1175
742.195664,2.161e-29,4,6,1265,1175
742.198504,8.968e-29,3,6,1265,1175
742.19989,7.476e-29,3,6,1265,1175
742.238318,1.819e-28,4,6,1265,1175
742.2413,4.9e-30,3,6,1265,1175
742.267906,1.002e-28,3,6,1265,1175
742.280098,1.254e-30,3,6,1265,1175
742.282856,8.373e-27,4,6,1265,1175
742.288067,2.548e-24,4,6,1265,1175
742.295534,1.889e-30,3,6,1265,1175
742.300421,4.296e-29,3,6,1265,1175
742.310427,5.029e-24,4,7,1265,1175
742.31253,4.941e-30,3,6,1265,1175
742.316206,2.064e-21,3,7,1265,1175
742.316315,5.129e-29,3,6,1265,1175
742.342587,6.632e-29,3,6,1265,1175
742.367421,7.768e-30,4,6,1265,1175
742.372912,6.358e-27,3,6,1265,1175
742.381367,1.294e-30,3,7,1265,1175
742.38494,1.819e-28,3,6,1265,1175
742.39251,1.205e-29,4,6,1265,1175
742.401852,1.505e-30,3,6,1265,1175
742.416425,1.221e-25,4,6,1265,1175
742.446708,3.176e-29,3,6,1265,1175
742.448653,5.416e-27,3,6,1265,1175
742.501961,1.095e-30,3,6,1265,1175
742.524752,1.029e-28,4,7,1265,1175
742.543712,7.378e-29,3,6,1265,1175
742.592056,4.375e-29,3,6,1265,1175
742.602769,1.803e-26,4,6,1265,1175
742.603182,6.601e-30,4,6,1265,1175
742.603903,2.474e-29,3,6,1265,1175
742.60425,2.305e-29,3,6,1265,1175
742.624361,8.668e-29,3,6,1265,1175
742.64788,1.386e-28,4,6,1265,1175
742.661011,1.371e-29,3,6,1265,1175
742.672852,5.259e-28,4,6,1265,1175
742.692357,2.679e-27,3,6,1265,1175
742.707724,9.673e-30,3,6,1265,1175
742.720076,1.265e-28,3,6,1265,1175
742.74413,1.474e-30,3,6,1265,1175
742.75711,1.321e-30,3,6,1265,1175
742.768223,1.667e-29,3,6,1265,1175
742.773691,1.643e-29,3,6,1265,1175
742.826398,1.459e-29,3,6,1265,1175
742.828406,3.556e-30,4,6,1265,1175
742.828672,3.433e-26,4,6,1265,1175
742.834474,1.887e-30,3,6,1265,1175
742.843107,8.393e-29,3,6,1265,1175
742.858784,2.268e-28,3,6,1265,1175
742.88035,3.643e-29,3,6,1265,1175
742.893853,1.114e-28,3,6,1265,1175
742.895545,7.463e-30,3,6,1265,1175
742.903494,3.328e-30,3,6,1265,1175
742.906652,7.064e-29,3,6,1265,1175
742.911469,4.923e-30,3,6,1265,1175
742.913508,1.376e-29,4,6,1265,1175
742.918403,5.804e-28,3,6,1265,1175
742.930528,5.332e-29,3,6,1265,1175
742.935644,1.344e-30,3,6,1265,1175
742.953665,2.987e-29,3,6,1265,1175
742.955707,1.149e-29,3,6,1265,1175
742.986184,1.113e-30,3,6,1265,1175
742.997487,1.6e-30,3,3,1265,1176
743.01342,1.224e-25,4,6,1265,1175
743.057217,1.751e-25,3,7,1265,1175
743.059845,1.901e-30,3,6,1265,1175
743.068921,1.883e-30,4,6,1265,1175
743.072376,1.47e-27,4,7,1265,1175
743.076242,4.809e-30,3,6,1265,1175
743.083233,1.866e-26,4,6,1265,1175
743.103469,2.636e-24,3,6,1265,1175
743.132678,5.077e-27,4,6,1265,1175
743.150919,1.406e-28,3,6,1265,1175
743.151003,7.895e-30,3,6,1265,1175
743.153377,2.649e-30,3,6,1265,1175
743.157019,1.071e-29,3,6,1265,1175
743.168994,3.048e-25,4,7,1265,1175
743.181304,2.963e-29,3,6,1265,1175
743.18698,1.647e-28,3,6,1265,1175
743.214628,3.779e-30,3,6,1265,1175
743.222964,1.819e-30,3,6,1265,1175
743.249293,5.51e-27,3,6,1265,1175
743.28875,6.571e-29,3,6,1265,1175
743.312009,2.134e-24,3,6,1265,1175
743.339956,1.838e-30,3,6,1265,1175
743.341888,4.101e-26,4,7,1265,1175
743.358664,1.221e-29,3,6,1265,1175
743.360318,5.326e-30,3,6,1265,1175
743.362887,1.962e-27,4,7,1265,1175
743.381465,1.117e-26,3,6,1265,1175
743.381849,1.452e-30,3,6,1265,1175
743.39542,1.745e-28,3,6,1265,1175
743.397783,7.47e-29,4,7,1265,1175
743.433423,2.072e-30,3,6,1265,1175
743.445701,5.983e-28,3,6,1265,1175
743.44953,2.4e-29,4,6,1265,1175
743.456627,1.145e-28,3,6,1265,1175
743.483086,2.866e-29,3,6,1265,1175
743.495026,2.355e-29,3,6,1265,1175
743.526653,1.017e-29,3,6,1265,1175
743.532546,9.594e-27,3,6,1265,1175
743.532867,8.771e-27,4,7,1265,1175
743.543685,6.639e-27,4,7,1265,1175
743.543879,2.928e-27,3,6,1265,1175
743.584419,3.529e-30,3,6,1265,1175
743.597558,1.468e-30,3,6,1265,1175
743.627229,2.126e-28,3,6,1265,1175
743.628754,2.312e-30,3,6,1265,1175
743.630885,1.391e-29,3,6,1265,1175
743.668345,9.231e-29,3,6,1265,1175
743.66948,3.826e-26,4,6,1265,1175
743.68859,1.702e-30,3,6,1265,1175
743.690047,5.946e-29,3,6,1265,1175
743.697019,7.553e-30,3,6,1265,1175
743.703746,2.377e-28,3,6,1265,1175
743.723578,2.674e-28,3,6,1265,1175
743.7329,1.001e-30,3,6,1265,1175
743.739199,2.861e-29,3,6,1265,1175
743.749542,1.409e-30,3,6,1265,1175
743.778945,6.61e-29,3,6,1265,1175
743.801895,3.571e-30,3,6,1265,1175
743.808858,2.525e-30,3,6,1265,1175
743.812214,1.74e-30,3,6,1265,1175
743.821626,1.831e-29,3,6,1265,1175
743.824099,2.296e-30,3,6,1265,1175
743.82715,1.796e-21,3,7,1265,1175
743.828116,2.956e-26,4,6,1265,1175
743.833706,1.058e-27,4,7,1265,1175
743.846223,2.544e-28,3,6,1265,1175
743.848362,1.218e-30,3,6,1265,1175
743.862317,3.199e-30,3,6,1265,1175
743.868978,1.494e-30,3,6,1265,1175
743.87307,1.374e-30,3,6,1265,1175
743.873522,3.675e-26,4,7,1265,1175
743.88663,1.091e-28,3,6,1265,1175
743.898583,4.361e-24,4,7,1265,1175
743.914752,2.712e-24,4,6,1265,1175
743.926524,4.932e-27,3,6,1265,1175
743.957142,1.456e-30,3,6,1265,1175
743.967873,1.504e-28,3,6,1265,1175
743.973647,2.694e-30,3,6,1265,1175
743.975197,4.124e-29,4,6,1265,1175
744.009436,1.079e-28,4,6,1265,1175
744.024667,1.222e-25,4,6,1265,1175
744.052287,2.876e-30,3,6,1265,1175
744.05229,2.987e-28,3,6,1265,1175
744.052386,5.573e-27,3,6,1265,1175
744.057874,3.482e-29,3,6,1265,1175
744.058682,6.949e-27,3,6,1265,1175
744.059188,1.707e-30,3,6,1265,1175
744.059199,3.886e-24,3,7,1265,1175
744.074245,1.039e-30,3,6,1265,1175
744.080178,1.467e-30,3,6,1265,1175
744.089135,1.27e-26,3,6,1265,1175
744.105418,1.276e-29,3,6,1265,1175
744.110582,5.24e-29,3,6,1265,1175
744.123051,2.805e-30,3,6,1265,1175
744.154454,1.962e-30,3,6,1265,1175
744.161215,1.392e-29,3,6,1265,1175
744.161686,9.834e-29,3,6,1265,1175
744.168261,2.72e-29,3,6,1265,1175
744.242901,2.21e-30,3,6,1265,1175
744.245324,3.439e-28,3,6,1265,1175
744.248832,1.035e-29,3,6,1265,1175
744.251468,1.596e-30,3,6,1265,1175
744.257017,2.843e-30,3,6,1265,1175
744.308061,5.404e-29,4,7,1265,1175
744.324493,2.438e-30,3,6,1265,1175
744.354772,1.064e-29,3,6,1265,1175
744.361437,3.306e-29,3,6,1265,1175
744.364156,8.143e-29,4,6,1265,1175
744.371426,1.96e-29,3,6,1265,1175
744.375516,2.796e-30,3,6,1265,1175
744.378015,1.484e-29,3,6,1265,1175
744.388719,5.292e-29,3,6,1265,1175
744.397508,3.184e-27,3,6,1265,1175
744.399206,2.63e-30,3,6,1265,1175
744.405686,7.867e-28,4,6,1265,1175
744.425225,3.88e-28,3,6,1265,1175
744.43245,1.444e-30,3,6,1265,1175
744.446268,6.037e-28,3,6,1265,1175
744.451382,1.2e-30,3,6,1265,1175
744.460087,1.271e-30,3,6,1265,1175
744.467025,2.771e-30,3,6,1265,1175
744.478544,2.654e-30,3,6,1265,1175
744.490229,6.979e-29,4,6,1265,1175
744.491695,7.598e-30,3,6,1265,1175
744.492834,1.011e-28,3,6,1265,1175
744.508414,4.244e-26,4,6,1265,1175
744.513904,1.036e-29,3,6,1265,1175
744.523045,2.773e-29,3,6,1265,1175
744.527949,2.845e-30,3,6,1265,1175
744.550398,4.502e-29,3,6,1265,1175
744.555827,1.951e-30,3,6,1265,1175
744.561804,1.469e-30,3,6,1265,1175
744.566123,2.414e-30,3,6,1265,1175
744.581993,2.839e-30,3,6,1265,1175
744.586824,3.139e-28,3,6,1265,1175
744.591903,4.287e-28,3,6,1265,1175
744.597388,3.855e-27,4,6,1265,1175
744.611114,2.058e-30,3,6,1265,1175
744.61698,1.725e-30,3,6,1265,1175
744.629191,2.743e-30,3,6,1265,1175
744.638305,2.076e-30,3,6,1265,1175
744.645949,2.175e-30,3,6,1265,1175
744.653075,4.03e-26,4,6,1265,1175
744.657923,1.411e-30,3,6,1265,1175
744.6696,2.551e-30,3,6,1265,1175
744.674211,2.526e-30,3,6,1265,1175
744.675944,1.207e-25,4,6,1265,1175
744.680361,1.436e-29,3,6,1265,1175
744.692405,2.581e-30,3,6,1265,1175
744.695156,1.644e-30,3,6,1265,1175
744.703297,2.26e-30,3,6,1265,1175
744.726449,2.775e-24,3,6,1265,1175
744.730377,1.873e-30,3,6,1265,1175
744.73576,8.884e-26,3,7,1265,1175
744.736759,1.12e-30,3,6,1265,1175
744.745273,4.632e-28,3,6,1265,1175
744.746123,1.862e-25,4,7,1265,1175
744.750945,1.394e-30,3,6,1265,1175
744.758446,1.688e-30,3,6,1265,1175
744.77765,2.438e-30,3,6,1265,1175
744.782843,2.885e-30,3,6,1265,1175
744.786284,1.449e-30,3,6,1265,1175
744.814362,1.713e-30,3,6,1265,1175
744.839378,2.862e-24,3,6,1265,1175
744.850947,8.667e-24,3,7,1265,1175
744.851532,5.603e-27,3,6,1265,1175
744.853429,6.392e-26,4,7,1265,1175
744.868123,7.678e-28,4,7,1265,1175
744.879808,7.549e-30,3,6,1265,1175
744.88526,4.887e-28,3,6,1265,1175
744.899503,1.013e-26,3,6,1265,1175
744.903063,4.315e-29,3,6,1265,1175
744.910851,6.121e-28,3,6,1265,1175
744.933236,3.391e-30,3,6,1265,1175
744.947674,3.978e-30,3,6,1265,1175
744.95302,1.141e-27,4,7,1265,1175
744.962091,2.183e-30,3,6,1265,1175
744.994358,1.163e-28,4,6,1265,1175
745.009534,3.773e-29,3,6,1265,1175
745.011792,5.025e-28,3,6,1265,1175
745.031771,1.194e-30,3,6,1265,1175
745.054737,2.874e-30,3,6,1265,1175
745.056579,1.852e-30,3,6,1265,1175
745.057511,4.384e-30,3,6,1265,1175
745.063603,1.174e-30,3,6,1265,1175
745.064363,6.576e-30,3,6,1265,1175
745.074789,9.7e-30,3,6,1265,1175
745.083592,4.638e-30,3,6,1265,1175
745.088314,1.407e-29,3,6,1265,1175
745.104493,2.006e-29,3,6,1265,1175
745.105638,5.394e-30,3,6,1265,1175
745.122908,2.812e-29,3,6,1265,1175
745.124808,5.022e-28,3,6,1265,1175
745.143169,3.874e-29,3,6,1265,1175
745.15964,8.654e-27,3,6,1265,1175
745.159676,1.429e-30,3,6,1265,1175
745.16491,5.246e-29,3,6,1265,1175
745.171326,1.952e-30,3,6,1265,1175
745.171933,1.107e-29,3,6,1265,1175
745.180185,3.893e-29,4,7,1265,1175
745.187791,6.981e-29,3,6,1265,1175
745.211494,9.127e-29,3,6,1265,1175
745.220525,1.095e-30,3,6,1265,1175
745.222839,3.361e-27,4,7,1265,1175
745.224251,4.858e-28,3,6,1265,1175
745.228577,6.237e-30,3,6,1265,1175
745.235725,1.172e-28,3,6,1265,1175
745.236668,3.797e-29,3,6,1265,1175
745.245122,3.448e-27,3,6,1265,1175
745.25676,7.191e-30,3,6,1265,1175
745.25904,5.388e-30,3,6,1265,1175
745.260211,1.479e-28,3,6,1265,1175
745.267131,1.349e-29,3,6,1265,1175
745.26992,2.202e-30,3,6,1265,1175
745.284698,1.831e-28,3,6,1265,1175
745.286715,4.288e-29,3,6,1265,1175
745.289796,7.596e-30,3,6,1265,1175
745.303072,1.362e-28,3,6,1265,1175
745.308953,2.225e-28,3,6,1265,1175
745.310072,4.522e-28,3,6,1265,1175
745.315517,1.102e-28,3,6,1265,1175
745.327387,1.442e-30,3,6,1265,1175
745.332761,2.653e-28,3,6,1265,1175
745.335033,1.532e-21,3,7,1265,1175
745.342677,5.376e-27,4,7,1265,1175
745.346064,4.688e-26,4,6,1265,1175
745.355922,3.102e-28,3,6,1265,1175
745.364057,5.099e-26,4,6,1265,1175
745.368062,8.246e-30,3,6,1265,1175
745.37244,1.525e-30,3,6,1265,1175
745.378258,3.554e-28,3,6,1265,1175
745.38223,4.01e-28,3,6,1265,1175
745.399602,3.987e-28,3,6,1265,1175
745.401061,9.426e-30,3,6,1265,1175
745.419803,4.375e-28,3,6,1265,1175
745.438728,4.69e-28,3,6,1265,1175
745.440688,3.326e-28,3,6,1265,1175
745.448577,3.67e-28,3,6,1265,1175
745.456253,4.903e-28,3,6,1265,1175
745.458834,1.636e-28,3,6,1265,1175
745.459264,1.279e-30,3,6,1265,1175
745.47227,4.987e-28,3,6,1265,1175
745.485419,2.477e-28,3,6,1265,1175
745.486684,4.919e-28,3,6,1265,1175
745.487327,1.908e-28,4,6,1265,1175
745.488034,3.087e-29,3,6,1265,1175
745.488193,2.233e-30,3,6,1265,1175
745.489247,3.706e-24,4,7,1265,1175
745.499409,4.683e-28,3,6,1265,1175
745.50192,1.072e-29,3,6,1265,1175
745.510375,4.269e-28,3,6,1265,1175
745.5164,1.455e-28,3,6,1265,1175
745.51952,3.678e-28,3,6,1265,1175
745.526795,2.917e-28,3,6,1265,1175
745.53216,1.989e-28,3,6,1265,1175
745.534995,2.822e-24,3,6,1265,1175
745.535588,8.408e-29,3,6,1265,1175
745.538558,1.214e-29,3,6,1265,1175
745.567639,1.303e-28,3,6,1265,1175
745.570372,8.793e-27,3,6,1265,1175
745.58466,1.858e-30,3,6,1265,1175
745.594922,7.508e-29,3,6,1265,1175
745.603194,1.371e-23,3,7,1265,1175
745.611251,5.479e-28,4,7,1265,1175
745.627062,1.186e-25,4,6,1265,1175
745.630037,1.369e-29,3,6,1265,1175
745.642309,2.066e-30,3,6,1265,1175
745.651488,5.597e-27,3,6,1265,1175
745.651714,3.767e-30,3,6,1265,1175
745.657283,1.042e-30,3,6,1265,1175
745.669264,1.537e-29,3,6,1265,1175
745.733217,7.418e-27,3,6,1265,1175
745.73565,5.275e-27,3,6,1265,1175
745.740344,1.945e-26,4,7,1265,1175
745.74756,5.873e-29,3,6,1265,1175
745.750496,1.205e-30,3,6,1265,1175
745.752301,1.717e-29,3,6,1265,1175
745.787181,6.3e-29,4,6,1265,1175
745.79319,1.911e-29,3,6,1265,1175
745.795178,1.648e-30,3,6,1265,1175
745.836884,5.109e-29,3,6,1265,1175
745.840111,7.685e-30,3,6,1265,1175
745.868609,2.116e-29,3,6,1265,1175
745.910341,2.333e-29,3,6,1265,1175
745.918832,2.587e-29,3,6,1265,1175
745.948261,4.458e-29,3,6,1265,1175
745.968887,3.082e-28,4,6,1265,1175
745.970955,6.064e-28,3,6,1265,1175
745.978866,2.559e-29,3,6,1265,1175
745.985936,2.468e-29,3,6,1265,1175
745.99165,1.293e-29,3,6,1265,1175
745.994511,1.145e-29,3,6,1265,1175
746.020723,2.796e-29,3,6,1265,1175
746.057943,2.581e-30,3,6,1265,1175
746.059411,2.878e-27,4,6,1265,1175
746.062262,3.757e-30,3,6,1265,1175
746.078247,9.492e-30,3,6,1265,1175
746.081774,4.711e-29,4,6,1265,1175
746.082982,3.038e-29,3,6,1265,1175
746.083877,7.546e-30,3,6,1265,1175
746.093616,3.714e-27,3,6,1265,1175
746.095134,2.795e-29,4,7,1265,1175
746.110727,4.342e-29,3,6,1265,1175
746.111589,1.098e-30,3,6,1265,1175
746.124338,3.287e-29,3,6,1265,1175
746.136921,1.157e-27,4,6,1265,1175
746.137221,1.196e-28,3,6,1265,1175
746.180871,3.537e-29,3,6,1265,1175
746.18143,1.575e-30,3,6,1265,1175
746.181929,5.155e-26,4,6,1265,1175
746.194012,1.744e-29,3,6,1265,1175
746.221184,3.788e-29,3,6,1265,1175
746.224229,6.073e-26,4,6,1265,1175
746.272458,4.036e-29,3,6,1265,1175
746.308775,4.274e-28,3,6,1265,1175
746.311262,4.278e-29,3,6,1265,1175
746.321297,1.12e-25,4,7,1265,1175
746.323385,1.154e-25,4,6,1265,1175
746.343134,2.854e-24,3,6,1265,1175
746.356035,2.538e-30,3,6,1265,1175
746.357222,3.472e-24,3,6,1265,1175
746.357669,4.51e-29,3,6,1265,1175
746.365798,6.064e-28,3,6,1265,1175
746.37039,9.799e-26,4,7,1265,1175
746.388219,1.12e-30,3,6,1265,1175
746.394567,4.728e-29,3,6,1265,1175
746.396437,1.399e-30,3,6,1265,1175
746.410233,1.872e-23,3,7,1265,1175
746.414945,9.001e-27,3,6,1265,1175
746.415632,4.438e-26,3,7,1265,1175
746.43644,4.929e-29,3,6,1265,1175
746.437703,7.455e-29,3,6,1265,1175
746.4388,4.903e-28,4,6,1265,1175
746.448792,5.556e-27,3,6,1265,1175
746.471097,5.108e-29,3,6,1265,1175
746.475158,1.091e-30,3,6,1265,1175
746.476776,1.333e-30,3,6,1265,1175
746.477841,1.734e-30,3,6,1265,1175
746.503282,1.928e-29,3,6,1265,1175
746.508709,5.262e-29,3,6,1265,1175
746.512588,1.087e-30,3,6,1265,1175
746.524646,2.519e-30,3,6,1265,1175
746.540846,5.386e-29,3,6,1265,1175
746.542119,6.531e-28,4,7,1265,1175
746.574422,5.477e-29,3,6,1265,1175
746.603811,5.53e-29,3,6,1265,1175
746.618434,1.092e-30,3,6,1265,1175
746.63353,5.543e-29,3,6,1265,1175
746.659985,5.511e-29,3,6,1265,1175
746.668851,3.95e-28,4,7,1265,1175
746.685988,5.434e-29,3,6,1265,1175
746.709365,5.307e-29,3,6,1265,1175
746.713609,1.241e-30,3,6,1265,1175
746.722745,1.353e-30,3,6,1265,1175
746.731759,5.13e-29,3,6,1265,1175
746.751944,4.9e-29,3,6,1265,1175
746.770807,4.618e-29,3,6,1265,1175
746.777156,1.357e-30,3,6,1265,1175
746.787718,4.282e-29,3,6,1265,1175
746.791099,2.737e-29,3,6,1265,1175
746.792801,7.634e-27,3,6,1265,1175
746.803106,3.891e-29,3,6,1265,1175
746.809328,1.179e-29,3,6,1265,1175
746.816684,3.446e-29,3,6,1265,1175
746.828631,2.943e-29,3,6,1265,1175
746.836732,6.312e-30,3,6,1265,1175
746.838838,2.377e-29,3,6,1265,1175
746.839956,1.282e-21,3,7,1265,1175
746.847364,1.734e-29,3,6,1265,1175
746.854177,9.779e-30,3,6,1265,1175
746.879191,7.448e-30,3,6,1265,1175
746.890683,7.047e-26,4,6,1265,1175
746.896836,7.678e-28,4,6,1265,1175
746.903237,1.675e-27,4,7,1265,1175
746.911518,1.142e-30,3,6,1265,1175
746.912104,1.273e-29,3,6,1265,1175
746.937142,3.983e-27,3,6,1265,1175
746.949672,2.581e-30,3,6,1265,1175
746.956857,1.259e-30,3,6,1265,1175
746.957289,1.292e-28,3,6,1265,1175
746.965956,1.998e-29,4,7,1265,1175
746.981928,4.945e-29,3,6,1265,1175
746.988778,1.618e-30,3,6,1265,1175
747.016405,5.644e-26,4,6,1265,1175
747.019453,5.631e-29,3,6,1265,1175
747.028781,1.276e-30,3,6,1265,1175
747.040111,1.473e-29,3,6,1265,1175
747.046234,5.988e-27,3,6,1265,1175
747.082579,3.088e-24,4,7,1265,1175
747.129817,1.589e-28,3,6,1265,1175
747.137083,2.362e-23,3,7,1265,1175
747.148774,2.869e-24,4,6,1265,1175
747.154437,3.244e-27,4,7,1265,1175
747.167452,4.955e-28,3,6,1265,1175
747.214195,1.108e-28,3,6,1265,1175
747.223551,1.114e-25,4,6,1265,1175
747.241459,1.526e-28,3,6,1265,1175
747.245889,5.48e-27,3,6,1265,1175
747.275045,4.812e-29,3,6,1265,1175
747.277066,2.878e-30,3,6,1265,1175
747.33155,8.848e-29,3,6,1265,1175
747.342775,1.184e-27,4,6,1265,1175
747.391373,2.795e-28,4,7,1265,1175
747.396504,7.723e-27,3,6,1265,1175
747.405451,3.059e-30,3,6,1265,1175
747.435102,5.606e-30,3,6,1265,1175
747.46833,3.355e-29,3,6,1265,1175
747.492498,5.908e-28,3,6,1265,1175
747.518922,2.112e-27,4,6,1265,1175
747.560313,5.455e-27,3,6,1265,1175
747.565858,1.129e-30,3,6,1265,1175
747.571645,3.623e-29,4,6,1265,1175
747.57735,1.111e-30,3,6,1265,1175
747.592974,1.045e-29,3,6,1265,1175
747.596461,1.102e-29,3,6,1265,1175
747.609491,1.103e-29,3,6,1265,1175
747.610428,1.014e-26,4,7,1265,1175
747.62685,1.206e-29,3,6,1265,1175
747.648753,1.822e-30,3,6,1265,1175
747.672123,7.302e-30,3,6,1265,1175
747.697996,1.982e-29,3,6,1265,1175
747.776222,1.389e-28,3,6,1265,1175
747.776408,1.796e-27,4,6,1265,1175
747.780606,4.25e-27,3,6,1265,1175
747.794468,1.654e-30,3,6,1265,1175
747.7967,7.848e-26,4,6,1265,1175
747.800515,2.683e-29,4,6,1265,1175
747.80076,1.436e-30,3,6,1265,1175
747.810561,5.838e-28,3,6,1265,1175
747.831932,5.587e-29,3,6,1265,1175
747.849158,6.15e-26,4,6,1265,1175
747.851694,5.608e-29,3,6,1265,1175
747.865008,1.698e-29,3,6,1265,1175
747.865536,3.944e-24,3,6,1265,1175
747.866121,1.675e-27,4,6,1265,1175
747.885932,1.424e-29,3,7,1265,1175
747.892413,1.478e-25,4,7,1265,1175
747.894311,6.628e-26,4,7,1265,1175
747.927973,7.829e-27,3,6,1265,1175
747.953462,2.865e-24,4,6,1265,1175
747.955713,1.064e-25,4,6,1265,1175
747.962616,1.032e-28,3,6,1265,1175
747.966812,2.821e-23,3,7,1265,1175
748.024566,5.722e-28,3,6,1265,1175
748.0411,5.368e-27,3,6,1265,1175
748.044335,1.469e-30,3,6,1265,1175
748.06695,6.913e-30,3,6,1265,1175
748.096774,2.184e-26,3,7,1265,1175
748.130074,3.681e-28,4,7,1265,1175
748.144705,3.244e-30,3,6,1265,1175
748.17237,8.064e-30,3,6,1265,1175
748.197531,2.682e-27,4,6,1265,1175
748.218375,1.247e-30,3,6,1265,1175
748.284713,3.699e-30,3,6,1265,1175
748.286824,1.25e-30,3,6,1265,1175
748.291982,1.719e-29,3,6,1265,1175
748.330658,1.702e-29,3,6,1265,1175
748.342032,1.052e-21,5,7,1265,1175
748.408007,8.691e-26,4,6,1265,1175
748.432259,6.592e-27,3,6,1265,1175
748.434941,4.149e-29,3,6,1265,1175
748.438865,1.228e-29,3,6,1265,1175
748.465035,7.111e-30,3,6,1265,1175
748.474611,2.002e-28,4,7,1265,1175
748.510533,1.159e-30,3,6,1265,1175
748.516463,4.011e-27,3,6,1265,1175
748.566136,1.171e-29,3,6,1265,1175
748.57806,1.129e-30,3,6,1265,1175
748.58482,8.224e-28,4,7,1265,1175
748.593631,1.487e-28,3,6,1265,1175
748.5985,1.681e-30,3,6,1265,1175
748.605951,3.942e-27,4,6,1265,1175
748.619891,4.513e-27,3,6,1265,1175
748.643202,1.632e-30,3,6,1265,1175
748.660855,3.26e-23,3,7,1265,1175
748.663621,3.787e-29,3,6,1265,1175
748.678749,2.524e-24,4,7,1265,1175
748.680443,6.672e-26,4,6,1265,1175
748.703234,4.427e-29,3,6,1265,1175
748.717002,3.353e-30,3,6,1265,1175
748.718797,6.332e-29,3,6,1265,1175
748.755019,1.01e-29,3,7,1265,1175
748.756067,2.844e-24,3,6,1265,1175
748.767873,5.78e-30,3,6,1265,1175
748.787938,1.065e-30,3,6,1265,1175
748.814078,1.006e-25,4,6,1265,1175
748.835526,5.224e-27,3,6,1265,1175
748.880135,6.579e-28,3,6,1265,1175
748.908024,1.754e-28,3,6,1265,1175
748.92024,1.143e-28,3,6,1265,1175
748.936917,1.815e-28,3,6,1265,1175
748.967662,1.928e-27,4,7,1265,1175
748.969126,7.386e-29,3,6,1265,1175
748.976106,1.524e-27,4,6,1265,1175
748.985638,2.168e-30,3,6,1265,1175
749.001482,5.702e-27,4,6,1265,1175
749.010941,5.603e-28,3,6,1265,1175
749.019645,4.273e-29,3,6,1265,1175
749.034072,4.02e-30,3,6,1265,1175
749.04853,7.822e-27,3,6,1265,1175
749.049474,2.731e-29,3,6,1265,1175
749.049769,1.579e-30,3,6,1265,1175
749.055116,3.646e-30,3,6,1265,1175
749.162426,4.455e-30,3,6,1265,1175
749.173922,1.404e-28,4,7,1265,1175
749.19235,2.145e-29,3,6,1265,1175
749.219092,1.071e-30,3,6,1265,1175
749.231915,9.229e-30,3,6,1265,1175
749.245168,5.478e-28,3,6,1265,1175
749.251706,1.242e-29,3,6,1265,1175
749.254202,2.937e-30,3,6,1265,1175
749.256423,6.882e-30,3,6,1265,1175
749.346296,2.115e-30,3,6,1265,1175
749.362915,2.052e-29,4,6,1265,1175
749.364326,4.268e-24,3,6,1265,1175
749.370499,9.27e-26,4,6,1265,1175
749.383004,4.058e-30,3,6,1265,1175
749.383948,8.115e-27,4,6,1265,1175
749.399721,5.993e-29,3,6,1265,1175
749.400581,5.466e-27,3,6,1265,1175
749.400865,1.701e-30,3,6,1265,1175
749.409803,1.584e-28,3,6,1265,1175
749.419154,2.191e-25,4,7,1265,1175
749.438782,6.675e-27,3,6,1265,1175
749.443395,1.173e-30,3,6,1265,1175
749.458406,4.768e-27,3,6,1265,1175
749.458688,5.378e-30,3,6,1265,1175
749.464958,3.861e-26,4,7,1265,1175
749.477853,1.275e-28,3,6,1265,1175
749.483453,5.211e-27,4,7,1265,1175
749.484253,1.847e-30,3,6,1265,1175
749.510043,7.205e-26,4,6,1265,1175
749.520157,1.504e-29,4,6,1265,1175
749.520682,3.647e-23,3,7,1265,1175
749.541053,2.709e-30,3,6,1265,1175
749.557379,2.804e-24,4,6,1265,1175
749.572897,9.403e-26,4,6,1265,1175
749.584259,7.119e-29,3,6,1265,1175
749.589659,2.149e-30,3,6,1265,1175
749.592861,2.383e-27,4,6,1265,1175
749.628472,5.051e-27,3,6,1265,1175
749.651144,1.121e-30,3,6,1265,1175
749.662698,9.69e-30,4,6,1265,1175
749.680382,3.05e-30,3,6,1265,1175
749.680421,7.142e-30,3,7,1265,1175
749.708333,6.85e-29,3,6,1265,1175
749.716775,2.042e-28,4,7,1265,1175
749.734128,7.534e-28,3,6,1265,1175
749.749135,4.315e-29,3,6,1265,1175
749.753178,1.136e-26,4,6,1265,1175
749.779128,1.058e-26,3,7,1265,1175
749.789243,1.063e-29,3,6,1265,1175
749.819698,1.244e-30,3,6,1265,1175
749.841037,3.005e-29,3,6,1265,1175
749.841381,8.48e-22,5,7,1265,1175
749.85198,1.127e-30,3,6,1265,1175
749.865737,1.718e-29,4,6,1265,1175
749.916049,9.966e-26,4,6,1265,1175
749.921792,4.074e-30,3,6,1265,1175
749.949436,4.245e-30,3,6,1265,1175
749.962342,1.411e-30,3,6,1265,1175
749.980795,2.642e-27,3,6,1265,1175
750.017794,2.792e-30,3,6,1265,1175
750.038578,5.344e-30,3,6,1265,1175
750.047154,6.622e-30,3,6,1265,1175
750.060562,1.249e-29,3,6,1265,1175
750.06734,2.999e-29,4,6,1265,1175
750.07171,4.931e-30,3,6,1265,1175
750.078263,5.576e-27,3,6,1265,1175
750.103111,2.479e-30,3,6,1265,1175
750.109012,1.565e-26,4,6,1265,1175
750.121487,3.985e-29,3,6,1265,1175
750.174503,4.015e-23,3,7,1265,1175
750.201558,1.711e-30,3,6,1265,1175
750.223914,8.181e-29,3,6,1265,1175
750.224517,1.679e-28,3,6,1265,1175
750.229594,1.052e-29,3,6,1265,1175
750.267073,5.151e-29,4,6,1265,1175
750.26753,3.976e-28,4,7,1265,1175
750.277944,2.025e-24,3,7,1265,1175
750.285453,9.99e-29,4,7,1265,1175
750.293324,5.013e-27,3,6,1265,1175
750.298589,8.258e-30,3,6,1265,1175
750.32385,2.08e-30,3,6,1265,1175
750.338118,7.745e-26,4,6,1265,1175
750.356849,2.747e-24,3,6,1265,1175
750.37184,1.175e-30,3,6,1265,1175
750.398593,8.686e-26,4,6,1265,1175
750.420345,4.857e-27,3,6,1265,1175
750.429373,6.712e-29,3,6,1265,1175
750.431157,1.082e-27,4,6,1265,1175
750.447204,7.969e-29,3,6,1265,1175
750.451295,2.12e-26,4,6,1265,1175
750.464531,8.707e-29,4,6,1265,1175
750.473429,4.281e-30,3,6,1265,1175
750.513646,1.349e-28,3,6,1265,1175
750.526329,5.182e-28,3,6,1265,1175
750.527828,1.077e-30,3,6,1265,1175
750.547288,5.027e-30,3,7,1265,1175
750.56727,1.974e-28,3,6,1265,1175
750.572514,5.344e-29,3,6,1265,1175
750.586557,8.59e-28,3,6,1265,1175
750.637301,1.582e-29,3,6,1265,1175
750.637304,2.833e-30,3,6,1265,1175
750.659338,1.448e-28,4,6,1265,1175
750.66965,5.019e-28,3,6,1265,1175
750.672274,1.882e-30,3,6,1265,1175
750.674374,4.187e-30,3,6,1265,1175
750.677123,2.233e-29,3,6,1265,1175
750.68928,7.682e-27,3,6,1265,1175
750.722901,4.846e-29,3,6,1265,1175
750.724425,2.032e-28,3,6,1265,1175
750.732537,3.343e-30,3,6,1265,1175
750.779881,2.824e-26,4,6,1265,1175
750.781845,1.128e-27,4,7,1265,1175
750.818446,1.853e-30,3,6,1265,1175
750.822252,4.538e-30,3,6,1265,1175
750.836733,6.348e-30,3,6,1265,1175
750.851142,2.371e-28,4,6,1265,1175
750.853601,4.441e-24,3,6,1265,1175
750.858895,3.596e-30,3,6,1265,1175
750.859312,7.568e-30,3,6,1265,1175
750.869004,1.248e-29,3,6,1265,1175
750.913163,6.384e-30,3,6,1265,1175
750.920619,1.033e-28,3,6,1265,1175
750.945643,1.029e-25,4,6,1265,1175
750.947585,5.581e-27,3,6,1265,1175
750.950277,3.194e-25,4,7,1265,1175
750.958743,6.949e-29,4,7,1265,1175
750.965761,2.985e-29,3,6,1265,1175
750.983486,1.466e-28,3,6,1265,1175
751.000573,1.713e-30,3,6,1265,1175
751.033026,2.214e-26,4,7,1265,1175
751.037932,1.771e-28,3,6,1265,1175
751.039621,3.819e-28,4,6,1265,1175
751.071846,4.31e-23,3,7,1265,1175
751.075314,1.476e-30,3,6,1265,1175
751.08994,1.028e-28,3,6,1265,1175
751.09463,3.699e-26,4,6,1265,1175
751.095919,3.139e-30,3,6,1265,1175
751.126948,5.242e-27,3,6,1265,1175
751.154831,2.672e-24,3,6,1265,1175
751.161067,1.144e-29,4,6,1265,1175
751.162035,2.334e-30,3,6,1265,1175
751.164529,8.286e-26,4,6,1265,1175
751.174909,7.927e-26,4,6,1265,1175
751.210917,4.652e-27,3,6,1265,1175
751.224476,6.053e-28,4,6,1265,1175
751.237387,2.138e-29,3,6,1265,1175
751.240472,8.306e-30,4,6,1265,1175
751.256528,5.316e-27,3,6,1265,1175
751.282764,6.465e-30,3,6,1265,1175
751.284168,5.546e-29,4,6,1265,1175
751.287298,2.948e-30,3,6,1265,1175
751.289884,1.16e-30,3,6,1265,1175
751.302113,1.115e-28,4,7,1265,1175
751.30835,8.882e-29,3,6,1265,1175
751.316727,3.334e-27,4,6,1265,1175
751.327492,5.536e-30,3,6,1265,1175
751.338133,6.711e-22,5,7,1265,1175
751.346469,1.245e-30,3,6,1265,1175
751.359084,2.637e-27,4,7,1265,1175
751.360617,5.235e-30,3,6,1265,1175
751.395412,4.762e-26,4,6,1265,1175
751.40543,9.44e-28,4,6,1265,1175
751.414843,1.084e-25,4,6,1265,1175
751.426922,3.961e-30,3,6,1265,1175
751.437396,9.753e-28,3,6,1265,1175
751.438956,1.712e-27,3,6,1265,1175
751.462633,5.049e-27,3,7,1265,1175
751.478568,3.528e-30,3,7,1265,1175
751.499821,5.796e-30,3,6,1265,1175
751.501032,5.481e-30,3,6,1265,1175
751.529848,3.513e-29,3,6,1265,1175
751.576936,8.21e-29,3,6,1265,1175
751.582233,1.449e-27,4,6,1265,1175
751.592724,1.015e-28,4,6,1265,1175
751.607252,3.306e-30,3,6,1265,1175
751.612921,8.593e-30,3,6,1265,1175
751.625383,6.088e-30,3,6,1265,1175
751.674431,1.239e-29,3,6,1265,1175
751.678023,4.596e-23,3,7,1265,1175
751.682099,6.025e-26,4,6,1265,1175
751.687256,5.026e-30,3,6,1265,1175
751.712488,1.122e-29,3,6,1265,1175
751.730605,1.549e-28,3,6,1265,1175
751.731083,4.623e-27,3,6,1265,1175
751.754652,2.187e-27,4,6,1265,1175
751.782212,1.234e-28,3,6,1265,1175
751.786171,7.595e-30,3,6,1265,1175
751.797904,1.707e-30,3,6,1265,1175
751.84993,1.86e-28,3,6,1265,1175
751.85322,1.388e-29,3,6,1265,1175
751.880362,1.594e-24,4,7,1265,1175
751.88428,7.55e-28,4,6,1265,1175
751.891631,1.828e-28,4,6,1265,1175
751.90288,9.233e-30,3,6,1265,1175
751.922476,3.249e-27,4,6,1265,1175
751.924919,2.138e-29,3,6,1265,1175
751.951095,2.583e-24,3,6,1265,1175
751.951307,1.893e-28,4,7,1265,1175
751.954576,7.488e-26,4,6,1265,1175
751.957396,5.453e-27,3,6,1265,1175
751.977052,7.176e-26,4,6,1265,1175
751.989372,8.823e-26,4,6,1265,1175
751.998768,2.607e-30,3,6,1265,1175
752.000296,4.459e-27,3,6,1265,1175
752.03872,4.682e-28,3,6,1265,1175
752.081907,2.208e-29,3,6,1265,1175
752.084045,4.497e-28,3,6,1265,1175
752.085515,4.747e-27,4,6,1265,1175
752.09271,3.446e-30,3,6,1265,1175
752.101433,4.911e-29,4,7,1265,1175
752.111794,1.497e-28,3,6,1265,1175
752.126687,6.559e-29,3,6,1265,1175
752.136753,4.012e-29,4,6,1265,1175
752.152375,2.249e-29,3,6,1265,1175
752.167081,9.856e-29,3,6,1265,1175
752.181092,3.241e-28,4,6,1265,1175
752.202291,1.13e-30,3,6,1265,1175
752.21273,9.14e-26,4,6,1265,1175
752.219064,5.369e-30,3,6,1265,1175
752.219135,2.176e-28,3,6,1265,1175
752.243595,6.823e-27,4,6,1265,1175
752.245096,1.963e-30,3,6,1265,1175
752.260604,1.372e-30,3,6,1265,1175
752.267769,7.674e-30,3,6,1265,1175
752.286651,1.103e-27,3,6,1265,1175
752.299379,3.456e-29,3,6,1265,1175
752.305254,1.993e-30,3,6,1265,1175
752.318736,7.279e-27,3,6,1265,1175
752.333376,4.47e-24,3,6,1265,1175
752.342678,2.465e-30,3,7,1265,1175
752.34729,4.773e-30,3,6,1265,1175
752.347644,7.41e-29,4,6,1265,1175
752.351157,2.298e-28,3,6,1265,1175
752.37475,2.352e-30,3,6,1265,1175
752.381679,7.191e-30,3,6,1265,1175
752.396559,9.646e-27,4,6,1265,1175
752.412989,5.909e-30,3,6,1265,1175
752.427699,1.427e-28,3,6,1265,1175
752.454614,4.579e-27,3,6,1265,1175
752.456457,1.095e-25,4,6,1265,1175
752.461308,5.66e-28,4,6,1265,1175
752.474771,3.129e-29,3,6,1265,1175
752.475291,1.058e-30,3,6,1265,1175
752.478675,1.222e-29,3,6,1265,1175
752.479605,1.599e-28,3,6,1265,1175
752.485456,4.579e-25,4,7,1265,1175
752.49015,3.967e-30,3,6,1265,1175
752.492091,6.087e-30,3,6,1265,1175
752.492393,2.225e-28,3,6,1265,1175
752.506029,5.323e-29,3,6,1265,1175
752.522158,1.091e-25,4,6,1265,1175
752.544267,1.341e-26,4,6,1265,1175
752.55726,1.347e-28,4,6,1265,1175
752.578377,5.547e-30,3,6,1265,1175
752.593546,1.692e-30,3,6,1265,1175
752.596464,6.499e-28,4,7,1265,1175
752.598293,1.249e-26,4,7,1265,1175
752.606379,6.584e-30,3,6,1265,1175
752.620317,4.789e-23,3,7,1265,1175
752.62364,1.495e-29,3,6,1265,1175
752.657594,9e-30,3,6,1265,1175
752.660593,1.944e-28,3,6,1265,1175
752.685659,1.288e-25,4,6,1265,1175
752.686594,1.834e-26,4,6,1265,1175
752.70225,8.068e-29,3,6,1265,1175
752.723032,1.075e-29,3,6,1265,1175
752.732475,9.729e-28,4,6,1265,1175
752.745675,3.387e-29,4,7,1265,1175
752.745772,2.483e-24,4,6,1265,1175
752.761719,6.552e-26,4,6,1265,1175
752.765284,2.412e-28,4,6,1265,1175
752.772424,3.87e-30,3,6,1265,1175
752.786169,5.642e-27,3,6,1265,1175
752.788432,4.325e-27,3,6,1265,1175
752.812562,9.351e-26,4,6,1265,1175
752.823428,2.465e-26,4,6,1265,1175
752.832426,5.217e-22,5,7,1265,1175
752.834074,2.899e-30,3,6,1265,1175
752.83973,1.728e-29,3,6,1265,1175
752.885977,5.998e-29,4,7,1265,1175
752.888423,1.203e-28,3,6,1265,1175
752.890668,1.091e-27,3,6,1265,1175
752.900244,1.484e-25,4,6,1265,1175
752.90443,1.132e-25,4,6,1265,1175
752.928366,3.035e-29,3,6,1265,1175
752.951399,3.356e-28,3,6,1265,1175
752.954669,3.257e-26,4,6,1265,1175
752.95611,2.732e-29,3,6,1265,1175
752.961222,4.515e-30,3,6,1265,1175
752.966167,6.285e-30,3,6,1265,1175
752.971415,4.25e-28,4,6,1265,1175
752.985673,9.067e-30,3,6,1265,1175
752.994782,1.646e-27,4,6,1265,1175
753.023894,1.089e-28,3,6,1265,1175
753.03285,9.834e-30,3,6,1265,1175
753.037318,4.587e-27,4,6,1265,1175
753.064926,1.765e-28,3,6,1265,1175
753.071831,4.249e-29,3,6,1265,1175
753.080231,4.231e-26,4,6,1265,1175
753.090429,3.733e-30,3,6,1265,1175
753.100128,1.677e-25,4,6,1265,1175
753.105296,1.082e-30,3,6,1265,1175
753.128228,5.024e-27,3,6,1265,1175
753.134303,1.241e-27,3,6,1265,1175
753.14723,2.373e-27,3,7,1265,1175
753.171418,4.99e-23,3,7,1265,1175
753.175363,7.372e-28,4,6,1265,1175
753.18657,6.503e-29,3,6,1265,1175
753.200038,5.401e-26,4,6,1265,1175
753.232121,2.548e-28,3,6,1265,1175
753.236971,1.314e-27,4,7,1265,1175
753.248413,2.743e-27,4,6,1265,1175
753.280342,1.717e-30,3,7,1265,1175
753.280475,1.197e-29,3,6,1265,1175
753.285231,1.855e-25,4,6,1265,1175
753.300021,9.791e-29,3,6,1265,1175
753.305891,5.698e-30,3,6,1265,1175
753.314023,6.772e-26,4,6,1265,1175
753.335693,5.184e-28,4,6,1265,1175
753.338521,1.595e-28,3,6,1265,1175
753.35512,1.227e-30,3,6,1265,1175
753.376852,1.259e-27,4,6,1265,1175
753.387493,1.67e-30,3,6,1265,1175
753.390359,3.617e-28,3,6,1265,1175
753.391009,3.759e-27,3,6,1265,1175
753.411897,1.45e-28,3,6,1265,1175
753.422129,8.341e-26,4,6,1265,1175
753.437236,9.616e-29,3,6,1265,1175
753.441058,6.089e-30,3,6,1265,1175
753.455482,2.006e-25,4,6,1265,1175
753.469863,2.021e-28,3,6,1265,1175
753.486218,1.233e-24,4,7,1265,1175
753.488397,3.944e-28,3,6,1265,1175
753.493545,4.497e-27,4,6,1265,1175
753.521925,2.112e-28,3,6,1265,1175
753.524307,1.009e-25,4,6,1265,1175
753.527424,1.062e-29,3,6,1265,1175
753.531149,4.821e-28,3,6,1265,1175
753.538782,2.378e-24,3,6,1265,1175
753.539978,5.049e-28,3,6,1265,1175
753.548173,4.138e-28,3,6,1265,1175
753.572086,1.262e-30,3,6,1265,1175
753.575619,2.115e-27,4,6,1265,1175
753.586434,7.932e-30,3,6,1265,1175
753.610814,2.119e-25,4,6,1265,1175
753.612061,5.806e-27,3,6,1265,1175
753.618181,2.2e-29,3,6,1265,1175
753.620514,1.197e-25,4,6,1265,1175
753.62985,3.027e-28,3,6,1265,1175
753.634151,9.862e-26,4,6,1265,1175
753.63609,8.877e-29,4,7,1265,1175
753.667925,3.211e-30,3,6,1265,1175
753.681301,6.932e-28,3,6,1265,1175
753.681923,7.899e-29,3,6,1265,1175
753.696957,1.676e-30,3,6,1265,1175
753.710716,1.393e-25,4,6,1265,1175
753.714717,1.585e-28,3,6,1265,1175
753.730344,7.259e-27,4,6,1265,1175
753.735429,4.264e-28,3,6,1265,1175
753.751166,2.181e-25,4,6,1265,1175
753.771412,3.499e-27,4,6,1265,1175
753.794883,1.589e-25,4,6,1265,1175
753.796095,1.19e-29,3,6,1265,1175
753.803674,4.372e-24,3,6,1265,1175
753.811366,1.056e-30,3,6,1265,1175
753.8114,5.655e-30,3,6,1265,1175
753.81223,2.186e-30,3,6,1265,1175
753.814632,9.356e-28,3,6,1265,1175
753.838435,5.908e-28,3,6,1265,1175
753.857759,1.338e-30,3,6,1265,1175
753.863562,2.347e-28,3,6,1265,1175
753.872991,1.776e-25,4,6,1265,1175
753.876486,2.181e-25,4,6,1265,1175
753.878363,1.197e-28,3,6,1265,1175
753.907317,1.08e-30,3,6,1265,1175
753.918467,2.803e-30,3,6,1265,1175
753.920968,1.759e-28,3,6,1265,1175
753.922607,2.378e-29,4,7,1265,1175
753.93688,6.606e-27,3,6,1265,1175
753.938655,8.047e-28,3,6,1265,1175
753.940261,1.241e-27,3,6,1265,1175
753.94502,1.942e-25,4,6,1265,1175
753.954012,6.612e-30,3,6,1265,1175
753.95897,1.153e-26,4,6,1265,1175
753.960117,3.688e-27,3,6,1265,1175
753.963991,5.697e-27,4,6,1265,1175
753.966324,1.673e-28,3,6,1265,1175
753.96961,1.448e-30,3,6,1265,1175
753.980353,1.392e-27,3,6,1265,1175
753.986724,2.111e-25,4,6,1265,1175
753.999447,1.028e-29,3,6,1265,1175
754.010954,2.075e-25,4,6,1265,1175
754.016215,3.53e-30,3,6,1265,1175
754.024376,6.452e-25,4,7,1265,1175
754.031044,1.908e-30,3,6,1265,1175
754.035886,1.077e-27,3,6,1265,1175
754.058463,1.619e-27,3,6,1265,1175
754.070779,2.163e-25,4,6,1265,1175
754.080656,1.165e-29,3,6,1265,1175
754.081838,1.967e-25,4,6,1265,1175
754.090242,6.815e-28,3,6,1265,1175
754.091335,2.471e-30,3,6,1265,1175
754.100079,1.112e-25,4,6,1265,1175
754.105993,4.365e-30,3,6,1265,1175
754.107545,1.126e-29,3,6,1265,1175
754.124487,2.194e-25,4,6,1265,1175
754.129942,1.418e-27,3,6,1265,1175
754.130128,2.361e-30,3,6,1265,1175
754.130679,4.804e-30,3,6,1265,1175
754.1411,1.19e-30,3,7,1265,1175
754.150218,3.142e-30,3,6,1265,1175
754.153127,9.127e-27,4,6,1265,1175
754.160534,6.942e-27,4,7,1265,1175
754.161792,1.745e-25,4,6,1265,1175
754.166111,5.079e-23,3,7,1265,1175
754.169492,2.074e-27,3,6,1265,1175
754.172069,2.159e-25,4,6,1265,1175
754.179572,1.803e-26,4,6,1265,1175
754.179741,1.643e-30,3,6,1265,1175
754.183132,1.021e-30,3,6,1265,1175
754.188298,5.299e-30,3,6,1265,1175
754.207454,3.924e-30,3,6,1265,1175
754.21352,2.051e-25,4,6,1265,1175
754.220644,1.833e-27,3,6,1265,1175
754.22397,1.988e-29,3,6,1265,1175
754.226555,1.447e-25,4,6,1265,1175
754.232913,1.417e-30,3,6,1265,1175
754.240869,2.38e-28,3,6,1265,1175
754.248835,1.867e-25,4,6,1265,1175
754.258102,2.28e-30,3,6,1265,1175
754.262824,4.811e-30,3,6,1265,1175
754.263601,6.31e-30,3,6,1265,1175
754.273588,2.61e-27,3,6,1265,1175
754.276104,1.079e-25,4,6,1265,1175
754.277781,2.09e-28,3,6,1265,1175
754.278012,1.606e-25,4,6,1265,1175
754.301048,1.272e-25,4,6,1265,1175
754.307826,2.329e-27,3,6,1265,1175
754.310419,6.338e-26,4,6,1265,1175
754.316129,5.787e-30,3,6,1265,1175
754.317099,2.573e-29,3,6,1265,1175
754.317942,8.671e-26,4,6,1265,1175
754.3234,6.658e-30,3,6,1265,1175
754.324409,3.985e-22,5,7,1265,1175
754.328693,3.662e-26,4,6,1265,1175
754.330159,2.279e-24,4,6,1265,1175
754.332341,7.368e-30,3,6,1265,1175
754.335645,6.845e-28,3,6,1265,1175
754.338603,1.439e-26,4,6,1265,1175
754.354668,1.05e-30,3,6,1265,1175
754.367188,6.827e-30,3,6,1265,1175
754.370975,3.226e-27,3,6,1265,1175
754.384862,1.141e-25,4,6,1265,1175
754.391336,2.905e-27,3,6,1265,1175
754.392288,2.773e-26,4,6,1265,1175
754.39493,8.431e-30,3,6,1265,1175
754.395652,1.248e-29,3,6,1265,1175
754.410977,3.688e-28,4,7,1265,1175
754.415837,7.895e-30,3,6,1265,1175
754.436009,5.941e-27,3,6,1265,1175
754.451747,9.446e-30,3,6,1265,1175
754.454089,1.035e-25,4,6,1265,1175
754.461858,3.913e-27,3,6,1265,1175
754.461928,8.942e-30,3,6,1265,1175
754.468256,3.175e-29,3,7,1265,1175
754.471027,3.558e-27,3,6,1265,1175
754.500335,3.54e-30,3,6,1265,1175
754.503137,1.035e-29,3,6,1265,1175
754.505323,9.911e-30,3,6,1265,1175
754.507852,1.05e-30,3,6,1265,1175
754.52021,2.233e-26,4,6,1265,1175
754.534555,1.626e-29,3,7,1265,1175
754.545895,1.074e-29,3,6,1265,1175
754.54643,4.657e-27,3,6,1265,1175
754.546766,4.276e-27,3,6,1265,1175
754.549412,1.108e-29,3,6,1265,1175
754.552574,3.82e-30,3,6,1265,1175
754.557787,1.384e-29,3,6,1265,1175
754.583524,1.135e-29,3,6,1265,1175
754.590843,1.155e-29,3,6,1265,1175
754.59725,4.199e-26,4,6,1265,1175
754.618091,1.168e-29,3,6,1265,1175
754.618427,5.041e-27,3,6,1265,1175
754.624865,5.435e-27,3,6,1265,1175
754.627663,1.172e-29,3,6,1265,1175
754.628525,9.478e-28,3,6,1265,1175
754.642617,1.016e-30,3,6,1265,1175
754.649474,1.167e-29,3,6,1265,1175
754.654695,5.196e-23,3,7,1265,1175
754.654937,1.367e-29,3,6,1265,1175
754.660059,1.151e-29,3,6,1265,1175
754.677547,1.126e-29,3,6,1265,1175
754.682167,2.417e-30,3,6,1265,1175
754.685897,5.825e-27,3,6,1265,1175
754.688174,1.089e-29,3,6,1265,1175
754.697324,6.216e-27,3,6,1265,1175
754.69775,3.41e-26,4,6,1265,1175
754.702175,1.041e-29,3,6,1265,1175
754.712102,9.823e-30,3,6,1265,1175
754.723214,9.116e-30,3,6,1265,1175
754.730822,1.311e-28,3,6,1265,1175
754.731896,8.292e-30,3,6,1265,1175
754.740371,1.124e-30,3,6,1265,1175
754.740513,7.349e-30,3,6,1265,1175
754.747565,6.281e-30,3,6,1265,1175
754.749067,6.593e-27,3,6,1265,1175
754.753924,5.076e-30,3,6,1265,1175
754.754246,6.202e-27,4,6,1265,1175
754.754455,3.141e-30,3,6,1265,1175
754.759095,3.705e-30,3,6,1265,1175
754.763309,2.09e-30,3,6,1265,1175
754.763956,6.96e-27,3,6,1265,1175
754.778262,3.4e-30,3,6,1265,1175
754.785622,3.501e-28,4,6,1265,1175
754.794578,6.254e-26,4,6,1265,1175
754.807841,7.303e-27,3,6,1265,1175
754.824785,1.553e-27,3,6,1265,1175
754.824891,7.622e-27,3,6,1265,1175
754.832859,1.098e-27,3,7,1265,1175
754.842191,1.038e-30,3,6,1265,1175
754.862129,7.905e-27,3,6,1265,1175
754.871036,5.122e-26,4,6,1265,1175
754.878694,1.127e-29,3,6,1265,1175
754.880252,8.151e-27,3,6,1265,1175
754.882757,3.39e-28,3,6,1265,1175
754.887949,1.053e-30,3,6,1265,1175
754.892859,1.885e-28,3,6,1265,1175
754.911849,8.35e-27,3,6,1265,1175
754.928539,1.037e-30,3,6,1265,1175
754.930146,8.498e-27,3,6,1265,1175
754.956929,8.587e-27,3,6,1265,1175
754.970285,1.614e-30,3,6,1265,1175
754.974668,8.613e-27,3,6,1265,1175
754.984383,9.165e-26,4,6,1265,1175
754.997303,8.57e-27,3,6,1265,1175
755.013903,8.455e-27,3,6,1265,1175
755.015762,4.621e-27,3,6,1265,1175
755.032913,8.262e-27,3,6,1265,1175
755.039888,7.571e-26,4,6,1265,1175
755.047926,7.991e-27,3,6,1265,1175
755.054759,3.582e-28,3,6,1265,1175
755.058353,2.997e-27,3,6,1265,1175
755.063709,7.637e-27,3,6,1265,1175
755.074627,2.097e-29,3,6,1265,1175
755.076798,7.2e-27,3,6,1265,1175
755.084324,2.152e-28,3,6,1265,1175
755.089646,6.679e-27,3,6,1265,1175
755.095739,9.364e-25,4,7,1265,1175
755.100574,6.073e-27,3,6,1265,1175
755.108674,1.629e-30,3,6,1265,1175
755.110689,5.38e-27,3,6,1265,1175
755.116749,6.455e-28,4,7,1265,1175
755.119297,4.596e-27,3,6,1265,1175
755.119884,2.21e-24,3,6,1265,1175
755.126808,3.713e-27,3,6,1265,1175
755.133,2.709e-27,3,6,1265,1175
755.137982,1.528e-27,3,6,1265,1175
755.145859,1.297e-27,3,6,1265,1175
755.166767,1.321e-25,4,6,1265,1175
755.177496,8.062e-30,3,6,1265,1175
755.183162,7.242e-30,3,6,1265,1175
755.204136,1.101e-25,4,6,1265,1175
755.237997,9.328e-29,3,6,1265,1175
755.251125,6.239e-30,3,6,1265,1175
755.257274,6.044e-27,3,6,1265,1175
755.26227,1.461e-29,3,6,1265,1175
755.263365,1.174e-30,3,6,1265,1175
755.264522,4.164e-24,3,6,1265,1175
755.272403,1.081e-25,4,6,1265,1175
755.280731,6.671e-30,3,6,1265,1175
755.288754,1.1e-28,3,6,1265,1175
755.317493,1.562e-29,3,6,1265,1175
755.321819,4.1e-29,4,7,1265,1175
755.322455,1.614e-28,3,6,1265,1175
755.331287,3.885e-30,3,6,1265,1175
755.341824,1.874e-25,4,6,1265,1175
755.363619,1.574e-25,4,6,1265,1175
755.364479,6.948e-30,3,6,1265,1175
755.400439,2.015e-28,3,6,1265,1175
755.443777,1.692e-28,3,6,1265,1175
755.464359,2.916e-27,3,6,1265,1175
755.500496,2.473e-28,3,6,1265,1175
755.509639,2.613e-25,4,6,1265,1175
755.518183,2.214e-25,4,6,1265,1175
755.543692,5.668e-27,3,6,1265,1175
755.566732,8.938e-25,4,7,1265,1175
755.580984,1.429e-28,3,6,1265,1175
755.642115,1.744e-27,3,6,1265,1175
755.667598,1.726e-27,3,6,1265,1175
755.667684,3.063e-25,4,6,1265,1175
755.670288,3.583e-25,4,6,1265,1175
755.674893,1.083e-29,3,6,1265,1175
755.678373,7.994e-30,3,6,1265,1175
755.679445,1.098e-25,4,6,1265,1175
755.696111,2.139e-29,3,6,1265,1175
755.709252,5.184e-23,3,7,1265,1175
755.719521,3.797e-27,4,7,1265,1175
755.739676,1.323e-30,3,6,1265,1175
755.749031,1.134e-29,3,7,1265,1175
755.75912,1.588e-30,3,6,1265,1175
755.773594,4.223e-28,3,6,1265,1175
755.775523,3.721e-30,3,6,1265,1175
755.811984,4.166e-25,4,6,1265,1175
755.814241,2.991e-22,5,7,1265,1175
755.82384,4.832e-25,4,6,1265,1175
755.851964,1.635e-29,3,6,1265,1175
755.856202,1.117e-25,4,6,1265,1175
755.889511,2.203e-28,3,6,1265,1175
755.950954,5.571e-25,4,6,1265,1175
755.969715,1.244e-29,3,6,1265,1175
755.969895,2.486e-28,3,6,1265,1175
755.970357,6.405e-25,4,6,1265,1175
755.982383,1.866e-30,3,6,1265,1175
755.993608,3.634e-30,3,6,1265,1175
756.04884,1.655e-29,3,7,1265,1175
756.057227,7.845e-30,3,6,1265,1175
756.07584,1.721e-29,3,6,1265,1175
756.076412,6.112e-27,3,6,1265,1175
756.084471,7.322e-25,4,6,1265,1175
756.089061,1.123e-25,4,6,1265,1175
756.109896,8.344e-25,4,6,1265,1175
756.117178,2.307e-27,3,6,1265,1175
756.127269,1.703e-29,3,6,1265,1175
756.127865,5.226e-23,3,7,1265,1175
756.160786,4.246e-30,3,6,1265,1175
756.184138,1.586e-30,3,6,1265,1175
756.21242,9.457e-25,4,6,1265,1175
756.224828,2.06e-28,4,7,1265,1175
756.234307,2.327e-28,4,6,1265,1175
756.242503,1.068e-24,4,6,1265,1175
756.248689,1.22e-30,3,6,1265,1175
756.267183,2.857e-28,3,6,1265,1175
756.325212,7.685e-30,3,7,1265,1175
756.334693,1.2e-24,3,6,1265,1175
756.335303,1.923e-29,3,6,1265,1175
756.368224,1.343e-24,3,6,1265,1175
756.403057,1.274e-30,3,6,1265,1175
756.429066,1.55e-28,3,6,1265,1175
756.445251,2.095e-28,3,6,1265,1175
756.451187,1.495e-24,3,6,1265,1175
756.467136,8.243e-27,4,6,1265,1175
756.46908,1.038e-29,3,6,1265,1175
756.487094,1.658e-24,3,6,1265,1175
756.50878,1.91e-27,3,6,1265,1175
756.519459,5.008e-28,3,7,1265,1175
756.521815,1.95e-29,3,6,1265,1175
756.546242,1.577e-30,3,6,1265,1175
756.558551,3.038e-28,3,6,1265,1175
756.561806,1.83e-24,3,6,1265,1175
756.570942,3e-27,3,6,1265,1175
756.59738,1.811e-30,3,6,1265,1175
756.599149,2.01e-24,3,6,1265,1175
756.604293,1.057e-30,3,6,1265,1175
756.66206,7.387e-27,4,6,1265,1175
756.66635,6.534e-30,3,6,1265,1175
756.666463,2.197e-24,3,6,1265,1175
756.693337,2.244e-28,3,6,1265,1175
756.699605,1.246e-30,3,6,1265,1175
756.701198,1.18e-30,3,6,1265,1175
756.704415,2.391e-24,3,6,1265,1175
756.709167,6.986e-25,4,7,1265,1175
756.715957,3.872e-24,4,6,1265,1175
756.718437,4.615e-30,3,6,1265,1175
756.733443,2.346e-27,3,6,1265,1175
756.765073,2.588e-24,3,6,1265,1175
756.79087,1.294e-30,3,6,1265,1175
756.794691,1.079e-28,3,6,1265,1175
756.802918,2.788e-24,3,6,1265,1175
756.831939,1.86e-29,3,6,1265,1175
756.854039,2.128e-30,3,6,1265,1175
756.85756,2.988e-24,3,6,1265,1175
756.866134,2.19e-28,3,6,1265,1175
756.892993,6.144e-27,3,6,1265,1175
756.894678,3.187e-24,3,6,1265,1175
756.896919,1.41e-30,3,6,1265,1175
756.904076,1.161e-25,4,6,1265,1175
756.912119,1.662e-28,3,6,1265,1175
756.913533,8.453e-30,3,6,1265,1175
756.919212,4.139e-27,3,6,1265,1175
756.93506,1.591e-28,3,6,1265,1175
756.943851,3.38e-24,3,6,1265,1175
756.967628,2.265e-27,3,6,1265,1175
756.979714,3.566e-24,3,6,1265,1175
756.986283,5.497e-30,3,6,1265,1175
756.988821,4.62e-30,3,6,1265,1175
756.990642,1.977e-29,3,6,1265,1175
756.991991,1.511e-30,3,6,1265,1175
756.998038,3.123e-28,4,7,1265,1175
757.003311,3.835e-27,3,6,1265,1175
757.008433,1.865e-29,4,7,1265,1175
757.023882,3.742e-24,3,6,1265,1175
757.04128,1.122e-29,3,6,1265,1175
757.05804,3.903e-24,4,6,1265,1175
757.065475,1.747e-29,3,6,1265,1175
757.097592,4.048e-24,4,6,1265,1175
757.107608,1.613e-30,3,6,1265,1175
757.112228,1.217e-24,4,7,1265,1175
757.129668,4.173e-24,4,6,1265,1175
757.129883,2.542e-28,3,6,1265,1175
757.131036,1.227e-28,3,6,1265,1175
757.139148,4.492e-27,3,6,1265,1175
757.164926,4.274e-24,3,6,1265,1175
757.168059,4.867e-30,3,6,1265,1175
757.19461,4.348e-24,3,6,1265,1175
757.204221,2.564e-28,3,6,1265,1175
757.207642,1.693e-30,3,6,1265,1175
757.225834,4.393e-24,3,6,1265,1175
757.249771,5.122e-23,4,7,1265,1175
757.252873,4.405e-24,4,6,1265,1175
757.260304,1.053e-25,4,6,1265,1175
757.261336,9.949e-30,3,6,1265,1175
757.274881,1.675e-28,3,6,1265,1175
757.275016,2.044e-27,4,7,1265,1175
757.280272,4.383e-24,3,6,1265,1175
757.302089,2.207e-22,5,7,1265,1175
757.304464,4.323e-24,4,6,1265,1175
757.318524,1.063e-25,4,6,1265,1175
757.3282,4.224e-24,3,6,1265,1175
757.333306,1.773e-30,3,6,1265,1175
757.348327,2.104e-27,3,6,1265,1175
757.349389,4.084e-24,3,6,1265,1175
757.369583,3.903e-24,3,6,1265,1175
757.387653,3.679e-24,3,6,1265,1175
757.392241,9.483e-30,3,6,1265,1175
757.404393,3.413e-24,3,6,1265,1175
757.41344,3.249e-30,3,6,1265,1175
757.414198,4.816e-27,3,6,1265,1175
757.419257,3.103e-24,3,6,1265,1175
757.427089,2.829e-30,3,6,1265,1175
757.432604,2.748e-24,3,6,1265,1175
757.437809,1.826e-30,3,6,1265,1175
757.444206,2.348e-24,3,6,1265,1175
757.453452,1.648e-26,4,6,1265,1175
757.454195,1.897e-24,3,6,1265,1175
757.4625,1.384e-24,3,6,1265,1175
757.469153,7.804e-25,3,6,1265,1175
757.495814,2.274e-28,3,6,1265,1175
757.574056,1.878e-30,3,6,1265,1175
757.580764,5.327e-30,3,7,1265,1175
757.587012,1.979e-29,3,6,1265,1175
757.590947,5.1e-23,3,7,1265,1175
757.614933,2.227e-29,3,6,1265,1175
757.627621,8.496e-30,3,7,1265,1175
757.641738,2.363e-28,3,6,1265,1175
757.67951,2.529e-28,3,6,1265,1175
757.681996,1.521e-28,4,6,1265,1175
757.68248,1.901e-30,3,6,1265,1175
757.707325,6.138e-27,3,6,1265,1175
757.711209,7.656e-30,3,6,1265,1175
757.717429,1.195e-25,4,6,1265,1175
757.723628,2.416e-30,3,6,1265,1175
757.750137,1.27e-30,3,6,1265,1175
757.779767,9.069e-30,3,6,1265,1175
757.803525,5.94e-27,3,6,1265,1175
757.815392,5.004e-30,3,6,1265,1175
757.829903,1.923e-30,3,6,1265,1175
757.85238,2.286e-29,3,6,1265,1175
757.941644,1.915e-30,3,6,1265,1175
757.959861,1.773e-29,3,6,1265,1175
757.991337,1.144e-30,3,6,1265,1175
757.995735,2.222e-28,3,6,1265,1175
758.026793,2.551e-29,3,6,1265,1175
758.037445,1.134e-28,4,7,1265,1175
758.051621,9.651e-30,3,6,1265,1175
758.056938,6.564e-30,3,6,1265,1175
758.059633,2.527e-28,3,6,1265,1175
758.061081,3.014e-30,3,6,1265,1175
758.100894,1.906e-30,3,6,1265,1175
758.117471,3.579e-30,3,7,1265,1175
758.118564,1.8e-28,3,6,1265,1175
758.120014,1.273e-30,3,6,1265,1175
758.158019,3.519e-24,3,6,1265,1175
758.171222,7.195e-27,3,6,1265,1175
758.175625,1.077e-26,4,6,1265,1175
758.186228,2.308e-27,3,6,1265,1175
758.195233,1.569e-30,3,6,1265,1175
758.195453,2.604e-26,4,6,1265,1175
758.206968,2.249e-28,3,7,1265,1175
758.215294,1.869e-30,3,6,1265,1175
758.254911,1.044e-30,3,6,1265,1175
758.270686,2.21e-28,3,6,1265,1175
758.273363,1.34e-30,3,6,1265,1175
758.296947,2.293e-28,3,6,1265,1175
758.318085,2.283e-28,3,6,1265,1175
758.326762,5.122e-25,4,7,1265,1175
758.339412,2.075e-29,3,6,1265,1175
758.351805,1.223e-28,3,6,1265,1175
758.371531,1.588e-28,3,6,1265,1175
758.387077,1.834e-30,3,6,1265,1175
758.388959,2.116e-30,3,6,1265,1175
758.416632,1.802e-27,3,6,1265,1175
758.425269,1.401e-29,3,6,1265,1175
758.442277,1.823e-30,3,6,1265,1175
758.470227,1.728e-27,3,6,1265,1175
758.503424,1.772e-30,3,6,1265,1175
758.517226,8.552e-27,3,6,1265,1175
758.519177,6.093e-27,3,6,1265,1175
758.529123,1.222e-25,4,6,1265,1175
758.552587,1.523e-28,3,6,1265,1175
758.572765,2.804e-30,3,6,1265,1175
758.591144,2.732e-30,3,6,1265,1175
758.605217,2.438e-30,3,6,1265,1175
758.627226,1.531e-28,3,6,1265,1175
758.632139,9.678e-30,3,6,1265,1175
758.640493,5.396e-30,3,6,1265,1175
758.66058,1.628e-24,3,7,1265,1175
758.688503,1.714e-30,3,6,1265,1175
758.69587,8.354e-30,3,7,1265,1175
758.703636,4.44e-30,3,6,1265,1175
758.712476,2.632e-29,3,6,1265,1175
758.723225,3.117e-27,3,6,1265,1175
758.746883,3.653e-30,3,6,1265,1175
758.751674,2.544e-28,3,6,1265,1175
758.761998,3.204e-30,3,6,1265,1175
758.771914,9.883e-26,4,6,1265,1175
758.772252,1.044e-30,3,6,1265,1175
758.787704,4.917e-23,4,7,1265,1175
758.788131,1.601e-22,5,7,1265,1175
758.806032,1.633e-30,3,6,1265,1175
758.811966,2.74e-30,3,6,1265,1175
758.826688,1.14e-30,3,6,1265,1175
758.82678,1.083e-27,4,7,1265,1175
758.838663,3.615e-27,3,6,1265,1175
758.841482,9.972e-27,3,6,1265,1175
758.842713,9.833e-26,4,6,1265,1175
758.879299,1.239e-30,3,6,1265,1175
758.880443,1.488e-28,4,7,1265,1175
758.896792,1.534e-29,3,6,1265,1175
758.911523,4.675e-30,3,6,1265,1175
758.912445,4.138e-30,3,6,1265,1175
758.930429,1.34e-30,3,6,1265,1175
758.959995,1.926e-28,3,6,1265,1175
758.963648,1.335e-28,3,6,1265,1175
758.979785,1.442e-30,3,6,1265,1175
759.004254,3.56e-26,4,6,1265,1175
759.005224,1.558e-30,3,6,1265,1175
759.006495,1.918e-28,3,6,1265,1175
759.022478,2.521e-27,3,6,1265,1175
759.027595,1.544e-30,3,6,1265,1175
759.043963,4.843e-23,3,7,1265,1175
759.048892,5.24e-28,3,6,1265,1175
759.056394,5.25e-30,3,6,1265,1175
759.066879,5.878e-30,3,6,1265,1175
759.073664,1.645e-30,3,6,1265,1175
759.085868,2.112e-30,3,6,1265,1175
759.091308,2.15e-29,3,6,1265,1175
759.095707,1.103e-29,3,6,1265,1175
759.096746,2.299e-28,3,6,1265,1175
759.118139,1.743e-30,3,6,1265,1175
759.123119,1.465e-30,3,6,1265,1175
759.128952,9.785e-29,4,6,1265,1175
759.143938,1.14e-26,3,6,1265,1175
759.160894,1.837e-30,3,6,1265,1175
759.193693,6.543e-30,3,6,1265,1175
759.202019,1.924e-30,3,6,1265,1175
759.204489,4.293e-30,3,7,1265,1175
759.213124,7.258e-30,3,6,1265,1175
759.241436,2.005e-30,3,6,1265,1175
759.244685,1.276e-30,3,6,1265,1175
759.279195,2.076e-30,3,6,1265,1175
759.315251,2.136e-30,3,6,1265,1175
759.324202,8.005e-30,3,6,1265,1175
759.3287,6.008e-27,3,6,1265,1175
759.337292,1.38e-30,3,6,1265,1175
759.339146,1.244e-25,4,6,1265,1175
759.34963,2.183e-30,3,6,1265,1175
759.350418,8.796e-30,3,6,1265,1175
759.369746,2.5e-28,3,6,1265,1175
759.382306,2.217e-30,3,6,1265,1175
759.388894,1.578e-29,3,6,1265,1175
759.39227,1.935e-30,3,6,1265,1175
759.39645,2.868e-29,3,6,1265,1175
759.413291,2.234e-30,3,6,1265,1175
759.417858,2.465e-30,3,7,1265,1175
759.422735,6.366e-30,3,6,1265,1175
759.424551,1.276e-26,3,6,1265,1175
759.44257,2.234e-30,3,6,1265,1175
759.447641,4.638e-30,3,6,1265,1175
759.447788,9.612e-30,3,6,1265,1175
759.454335,1.178e-30,3,6,1265,1175
759.454692,1.28e-30,3,6,1265,1175
759.456577,3.076e-30,3,6,1265,1175
759.464121,5.792e-30,3,6,1265,1175
759.470147,2.215e-30,3,6,1265,1175
759.478904,1.046e-29,3,6,1265,1175
759.49093,1.028e-29,3,6,1265,1175
759.496015,2.175e-30,3,6,1265,1175
759.520173,2.115e-30,3,6,1265,1175
759.524541,1.259e-30,3,6,1265,1175
759.542616,2.032e-30,3,6,1265,1175
759.544354,2.268e-28,3,6,1265,1175
759.546795,7.415e-30,3,6,1265,1175
759.558093,2.062e-28,3,6,1265,1175
759.563344,1.926e-30,3,6,1265,1175
759.56433,1.132e-29,3,6,1265,1175
759.570921,3.017e-29,3,6,1265,1175
759.582145,1.551e-30,3,6,1265,1175
759.582352,1.796e-30,3,6,1265,1175
759.590759,3.131e-24,3,6,1265,1175
759.598711,1.22e-29,3,6,1265,1175
759.59964,1.641e-30,3,6,1265,1175
759.615204,1.461e-30,3,6,1265,1175
759.629044,1.252e-30,3,6,1265,1175
759.641157,1.013e-30,3,6,1265,1175
759.673717,1.307e-29,3,6,1265,1175
759.683282,1.398e-26,3,6,1265,1175
759.684762,1.191e-30,3,6,1265,1175
759.709956,1.394e-29,3,6,1265,1175
759.713525,4.484e-26,4,6,1265,1175
759.729435,3.212e-29,3,6,1265,1175
759.756332,2.299e-28,3,6,1265,1175
759.775584,1.104e-29,3,6,1265,1175
759.775845,1.478e-29,3,6,1265,1175
759.799253,2.051e-28,3,6,1265,1175
759.800762,1.091e-30,3,6,1265,1175
759.81274,1.56e-29,3,6,1265,1175
759.822215,1.482e-28,3,6,1265,1175
759.825761,8.595e-28,3,6,1265,1175
759.83989,2.204e-29,3,6,1265,1175
759.848244,6.141e-29,4,7,1265,1175
759.857069,2.741e-27,3,6,1265,1175
759.87062,1.636e-29,3,6,1265,1175
759.879363,1.381e-26,4,6,1265,1175
759.895219,2.294e-28,3,6,1265,1175
759.895325,9.947e-29,3,7,1265,1175
759.907157,1.707e-29,3,6,1265,1175
759.909147,1.355e-28,3,6,1265,1175
759.911151,1.641e-30,3,7,1265,1175
759.920095,1.497e-26,3,6,1265,1175
759.948796,3.69e-25,4,7,1265,1175
759.957956,1.77e-29,3,6,1265,1175
759.97248,1.296e-27,3,6,1265,1175
759.993287,1.825e-29,3,6,1265,1175
760.037775,1.869e-29,3,6,1265,1175
760.042311,8.997e-29,3,6,1265,1175
760.047687,1.003e-30,3,6,1265,1175
760.071204,1.901e-29,3,6,1265,1175
760.108286,1.358e-27,3,6,1265,1175
760.110006,1.921e-29,3,6,1265,1175
760.134962,1.565e-26,3,6,1265,1175
760.135783,5.885e-27,3,6,1265,1175
760.140969,1.926e-29,3,6,1265,1175
760.147498,1.26e-25,4,6,1265,1175
760.158154,2.394e-30,3,6,1265,1175
760.174588,1.916e-29,3,6,1265,1175
760.175104,1.421e-28,3,6,1265,1175
760.187968,1.251e-30,3,6,1265,1175
760.189073,2.177e-30,3,6,1265,1175
760.202637,1.89e-29,3,6,1265,1175
760.211514,2.139e-24,4,7,1265,1175
760.21647,8.976e-26,4,6,1265,1175
760.231464,1.847e-29,3,6,1265,1175
760.231656,1.65e-30,3,6,1265,1175
760.256255,1.786e-29,3,6,1265,1175
760.272555,1.141e-22,5,7,1265,1175
760.280587,1.706e-29,3,6,1265,1175
760.286269,6.189e-30,3,6,1265,1175
760.295893,1.597e-27,3,6,1265,1175
760.301862,1.608e-29,3,6,1265,1175
760.319919,3.448e-30,3,6,1265,1175
760.321916,1.492e-29,3,6,1265,1175
760.323095,4.599e-23,3,7,1265,1175
760.327856,1.592e-26,3,6,1265,1175
760.338948,1.086e-29,3,6,1265,1175
760.339492,1.356e-29,3,6,1265,1175
760.355417,1.201e-29,3,6,1265,1175
760.361533,1.529e-28,3,6,1265,1175
760.365821,2.47e-28,3,6,1265,1175
760.369171,1.026e-29,3,6,1265,1175
760.374568,5.653e-28,4,7,1265,1175
760.381061,8.29e-30,3,6,1265,1175
760.384069,3.686e-30,3,7,1265,1175
760.390919,6.048e-30,3,6,1265,1175
760.398828,3.411e-30,3,6,1265,1175
760.426734,8.962e-26,4,6,1265,1175
760.427707,3.445e-29,3,6,1265,1175
760.433369,3.515e-30,3,6,1265,1175
760.48694,4.486e-23,3,7,1265,1175
760.498755,1.571e-26,3,6,1265,1175
760.548854,5.367e-26,4,6,1265,1175
760.559406,2.148e-30,3,6,1265,1175
760.575448,6.194e-29,4,6,1265,1175
760.588741,2.236e-29,3,6,1265,1175
760.601494,1.127e-25,4,6,1265,1175
760.601514,1.204e-27,3,6,1265,1175
760.636265,2.174e-28,3,6,1265,1175
760.64764,1.499e-26,3,6,1265,1175
760.678145,1.631e-30,3,6,1265,1175
760.689994,2.967e-27,3,6,1265,1175
760.692378,2.278e-28,3,6,1265,1175
760.712048,1.221e-30,3,6,1265,1175
760.717624,3.638e-30,3,6,1265,1175
760.732325,1.245e-30,3,6,1265,1175
760.743591,2.064e-29,3,6,1265,1175
760.752371,1.549e-30,3,6,1265,1175
760.763556,6.99e-29,4,7,1265,1175
760.76357,5.983e-30,3,6,1265,1175
760.774202,3.081e-27,3,6,1265,1175
760.774495,1.373e-26,3,6,1265,1175
760.779338,2.136e-30,3,7,1265,1175
760.786182,1.414e-28,3,6,1265,1175
760.788853,1.258e-29,3,6,1265,1175
760.809059,1.376e-29,3,6,1265,1175
760.879306,1.194e-26,3,6,1265,1175
760.913153,1.21e-30,3,6,1265,1175
760.919868,3.63e-30,3,6,1265,1175
760.940491,5.726e-27,3,6,1265,1175
760.95417,1.269e-25,4,6,1265,1175
760.962063,9.66e-27,3,6,1265,1175
761.003293,2.781e-30,3,6,1265,1175
761.007374,2.115e-30,3,6,1265,1175
761.014232,2.728e-24,3,6,1265,1175
761.022758,6.97e-27,3,6,1265,1175
761.040628,2.394e-28,3,6,1265,1175
761.054028,1.652e-28,3,6,1265,1175
761.061385,3.976e-27,3,6,1265,1175
761.091165,2.241e-28,3,6,1265,1175
761.106937,6.583e-30,3,6,1265,1175
761.116513,8.547e-30,3,6,1265,1175
761.178192,2.765e-30,3,6,1265,1175
761.180925,2.246e-28,3,6,1265,1175
761.181161,3.849e-30,3,6,1265,1175
761.19063,1.142e-29,3,6,1265,1175
761.196514,3.517e-29,3,6,1265,1175
761.20286,1.061e-30,3,6,1265,1175
761.216252,6.184e-26,4,6,1265,1175
761.260355,5.442e-30,3,6,1265,1175
761.260366,1.124e-30,3,7,1265,1175
761.264398,1.351e-28,3,6,1265,1175
761.269535,6.038e-30,3,6,1265,1175
761.282827,3.917e-29,3,6,1265,1175
761.322234,4.665e-30,3,6,1265,1175
761.33335,2.249e-29,3,6,1265,1175
761.375737,1.543e-27,3,6,1265,1175
761.377913,2.673e-25,4,6,1265,1175
761.443261,3.862e-29,3,6,1265,1175
761.449176,5.203e-29,3,6,1265,1175
761.466538,1.467e-28,3,6,1265,1175
761.471075,2.293e-28,3,6,1265,1175
761.474732,9.546e-28,3,6,1265,1175
761.488234,2.253e-28,3,6,1265,1175
761.521246,3.197e-27,3,6,1265,1175
761.544632,1.621e-30,3,6,1265,1175
761.575558,2.613e-25,4,7,1265,1175
761.578016,1.74e-26,4,6,1265,1175
761.584467,4.334e-29,3,7,1265,1175
761.608575,9.887e-30,3,6,1265,1175
761.63471,7.704e-30,3,6,1265,1175
761.6523,7.978e-26,4,6,1265,1175
761.65663,3.276e-29,3,7,1265,1175
761.706942,1.197e-28,3,6,1265,1175
761.742775,5.536e-27,3,6,1265,1175
761.75556,8.004e-23,4,7,1265,1175
761.759158,1.272e-25,4,6,1265,1175
761.764766,2.76e-24,4,7,1265,1175
761.782987,2.561e-30,3,6,1265,1175
761.786159,8.011e-30,3,6,1265,1175
761.802684,1.292e-28,3,6,1265,1175
761.80879,1.006e-27,3,6,1265,1175
761.855994,4.198e-23,3,7,1265,1175
761.891366,1.111e-29,3,6,1265,1175
761.918132,2.904e-28,4,7,1265,1175
761.919912,4.061e-23,3,7,1265,1175
761.926117,6.969e-30,3,6,1265,1175
761.937141,1.594e-29,3,6,1265,1175
761.940475,1.252e-29,3,6,1265,1175
761.972278,2.319e-28,3,6,1265,1175
762.012437,7.984e-26,4,6,1265,1175
762.021769,3.858e-29,4,6,1265,1175
762.03393,1.195e-29,3,6,1265,1175
762.040296,4.278e-30,3,6,1265,1175
762.053818,1.096e-30,3,6,1265,1175
762.072966,1.602e-30,3,7,1265,1175
762.079253,5.465e-30,3,6,1265,1175
762.079328,2.243e-29,3,6,1265,1175
762.087242,6.94e-26,4,6,1265,1175
762.136273,4.434e-29,3,6,1265,1175
762.149121,1.869e-27,3,6,1265,1175
762.152629,4.383e-25,4,6,1265,1175
762.176095,2.73e-30,3,6,1265,1175
762.213072,1.182e-30,3,6,1265,1175
762.22052,1.176e-29,3,6,1265,1175
762.239298,2.003e-29,3,6,1265,1175
762.255373,2.528e-29,3,6,1265,1175
762.282797,2.22e-28,3,6,1265,1175
762.285839,1.133e-30,3,6,1265,1175
762.294854,1.16e-29,3,6,1265,1175
762.300336,1.203e-30,3,6,1265,1175
762.303636,2.407e-28,3,6,1265,1175
762.350819,3.429e-27,3,6,1265,1175
762.352061,1.047e-30,3,7,1265,1175
762.427136,1.116e-30,3,6,1265,1175
762.428503,2.331e-24,3,6,1265,1175
762.448161,6.505e-30,3,6,1265,1175
762.471754,1.404e-29,3,6,1265,1175
762.518286,1.299e-30,3,6,1265,1175
762.530961,3.154e-29,3,6,1265,1175
762.542657,5.322e-27,3,6,1265,1175
762.54754,1.3e-28,3,6,1265,1175
762.556126,2.979e-30,3,6,1265,1175
762.562458,1.268e-25,4,6,1265,1175
762.563394,3.947e-29,3,6,1265,1175
762.581244,2.728e-29,3,6,1265,1175
762.591924,2.136e-28,3,6,1265,1175
762.598252,1.457e-28,3,6,1265,1175
762.633441,8.059e-28,3,6,1265,1175
762.63623,2.152e-28,3,6,1265,1175
762.646954,3.234e-29,4,7,1265,1175
762.692174,2.209e-28,3,6,1265,1175
762.698335,1.206e-28,3,6,1265,1175
762.70361,7.605e-26,4,6,1265,1175
762.725918,2.564e-27,3,6,1265,1175
762.743807,7.345e-30,3,6,1265,1175
762.746545,1.404e-30,3,6,1265,1175
762.786267,1.654e-29,3,6,1265,1175
762.815258,4.887e-29,3,6,1265,1175
762.819772,2.22e-29,3,6,1265,1175
762.847525,2.96e-29,3,6,1265,1175
762.861315,6.064e-29,3,6,1265,1175
762.878507,1.119e-30,3,6,1265,1175
762.878784,1.243e-29,3,6,1265,1175
762.897315,4.735e-30,3,6,1265,1175
762.902035,1.623e-30,3,6,1265,1175
762.920556,2.174e-27,3,6,1265,1175
762.925714,6.137e-25,4,6,1265,1175
762.951215,1.496e-30,3,6,1265,1175
762.962469,1.272e-30,3,6,1265,1175
762.977347,6.914e-28,3,6,1265,1175
762.988037,4.999e-29,3,6,1265,1175
763.015129,4.126e-29,3,6,1265,1175
763.023813,1.549e-28,3,6,1265,1175
763.042817,9.216e-29,3,6,1265,1175
763.076079,2.184e-28,3,6,1265,1175
763.07953,6.946e-26,4,6,1265,1175
763.091995,7.452e-29,3,6,1265,1175
763.133972,2.514e-28,3,6,1265,1175
763.149236,9.169e-29,3,6,1265,1175
763.161718,1.591e-30,3,6,1265,1175
763.168307,4.453e-29,3,6,1265,1175
763.178706,3.661e-27,3,6,1265,1175
763.187081,1.388e-30,3,6,1265,1175
763.207353,1.818e-25,4,7,1265,1175
763.237356,5.52e-23,4,7,1265,1175
763.260235,2.319e-29,3,6,1265,1175
763.271262,2.153e-26,4,6,1265,1175
763.274332,1.86e-29,3,7,1265,1175
763.320084,3.498e-24,3,7,1265,1175
763.330401,3.363e-30,3,6,1265,1175
763.340116,5.097e-27,3,6,1265,1175
763.342921,3.596e-23,3,7,1265,1175
763.352675,1.668e-30,3,6,1265,1175
763.36099,1.118e-28,3,6,1265,1175
763.364063,1.258e-25,4,6,1265,1175
763.369575,4.861e-30,3,6,1265,1175
763.386459,3.746e-23,3,7,1265,1175
763.427241,1.364e-28,3,6,1265,1175
763.435408,1.149e-28,3,6,1265,1175
763.457219,1.469e-28,4,7,1265,1175
763.461999,1.721e-29,3,7,1265,1175
763.468215,2.365e-29,3,6,1265,1175
763.518543,7.313e-28,3,6,1265,1175
763.545862,1.742e-30,3,6,1265,1175
763.560003,7.704e-30,3,6,1265,1175
763.563091,2.18e-29,3,6,1265,1175
763.571004,2.094e-28,3,6,1265,1175
763.5999,6.96e-26,4,6,1265,1175
763.619414,8.204e-26,4,6,1265,1175
763.622072,1.65e-28,3,6,1265,1175
763.623454,9.854e-30,3,6,1265,1175
763.642597,1.035e-30,3,6,1265,1175
763.686959,1.094e-30,3,6,1265,1175
763.691715,2.453e-27,3,6,1265,1175
763.695405,1.997e-28,3,6,1265,1175
763.69703,7.866e-25,4,6,1265,1175
763.716599,3.199e-29,3,6,1265,1175
763.717056,1.287e-29,3,6,1265,1175
763.722729,1.794e-30,3,6,1265,1175
763.75221,5.217e-30,3,6,1265,1175
763.77064,4.868e-30,3,6,1265,1175
763.833644,1.953e-24,3,6,1265,1175
763.838113,5.613e-29,3,6,1265,1175
763.868089,2.153e-28,3,6,1265,1175
763.875081,2.396e-28,3,6,1265,1175
763.898977,1.836e-30,3,6,1265,1175
763.932453,2.08e-30,3,6,1265,1175
763.953792,2.875e-28,3,6,1265,1175
763.962054,2.612e-28,3,6,1265,1175
763.9894,1.981e-28,3,6,1265,1175
764.004899,3.892e-27,3,6,1265,1175
764.03874,1.004e-28,3,6,1265,1175
764.061426,1.851e-30,3,6,1265,1175
764.100553,3.707e-30,3,6,1265,1175
764.119866,3.423e-28,3,6,1265,1175
764.124306,1.055e-28,3,6,1265,1175
764.135157,4.884e-27,3,6,1265,1175
764.14448,1.533e-29,3,6,1265,1175
764.155213,4.339e-29,3,6,1265,1175
764.16397,1.243e-25,4,6,1265,1175
764.175576,8.693e-26,4,6,1265,1175
764.177454,2.387e-27,3,6,1265,1175
764.179624,2.012e-28,3,6,1265,1175
764.20245,1.636e-29,3,6,1265,1175
764.202454,4.072e-28,3,6,1265,1175
764.221055,1.849e-30,3,6,1265,1175
764.237066,1.657e-29,3,6,1265,1175
764.299135,2.127e-29,3,6,1265,1175
764.3029,1.17e-30,3,6,1265,1175
764.324394,1.954e-28,3,6,1265,1175
764.35273,1.103e-30,3,6,1265,1175
764.356288,4.81e-28,3,6,1265,1175
764.368803,1.818e-30,3,6,1265,1175
764.369264,6.972e-29,3,6,1265,1175
764.374699,8.044e-30,3,6,1265,1175
764.399491,1.458e-28,3,6,1265,1175
764.406931,1.509e-30,3,6,1265,1175
764.409328,3.544e-29,3,6,1265,1175
764.441437,5.673e-28,3,6,1265,1175
764.460147,2.704e-27,3,6,1265,1175
764.466801,9.523e-25,4,6,1265,1175
764.48071,4.923e-28,3,6,1265,1175
764.498296,5.928e-26,4,6,1265,1175
764.512072,1.766e-30,3,6,1265,1175
764.530204,1.474e-29,4,7,1265,1175
764.555311,1.324e-29,3,6,1265,1175
764.575933,5.787e-29,3,6,1265,1175
764.580818,1.59e-28,3,6,1265,1175
764.584215,6.647e-28,3,6,1265,1175
764.598671,1.4e-30,3,6,1265,1175
764.604973,5.723e-30,3,6,1265,1175
764.618532,2.055e-30,3,6,1265,1175
764.634309,4.216e-30,3,6,1265,1175
764.644879,1.685e-30,3,6,1265,1175
764.649867,2.574e-30,3,6,1265,1175
764.658838,2.141e-28,3,6,1265,1175
764.670774,7.772e-28,3,6,1265,1175
764.682214,2.788e-30,3,6,1265,1175
764.686492,6.275e-29,3,6,1265,1175
764.693902,2.085e-27,3,6,1265,1175
764.707341,1.497e-30,3,6,1265,1175
764.718162,3.744e-23,4,7,1265,1175
764.756011,3.119e-23,3,7,1265,1175
764.771992,1.581e-30,3,6,1265,1175
764.787891,2.701e-28,3,6,1265,1175
764.803524,9.031e-28,3,6,1265,1175
764.829394,4.118e-27,3,6,1265,1175
764.844503,1.244e-25,4,7,1265,1175
764.852299,4.65e-29,3,6,1265,1175
764.874026,4.008e-30,3,6,1265,1175
764.877225,4.352e-24,3,7,1265,1175
764.87961,3.767e-30,3,6,1265,1175
764.889237,2.172e-30,3,6,1265,1175
764.88965,1.452e-30,3,6,1265,1175
764.890495,1.047e-27,3,6,1265,1175
764.904614,4.941e-29,3,6,1265,1175
764.914551,3.271e-23,3,7,1265,1175
764.915095,1.427e-29,3,6,1265,1175
764.927771,4.736e-27,3,6,1265,1175
764.951124,5.072e-30,3,6,1265,1175
764.958792,2.614e-26,4,6,1265,1175
764.962173,1.224e-25,4,6,1265,1175
764.964856,7.863e-30,3,7,1265,1175
764.978628,7.589e-29,3,6,1265,1175
764.991576,7.313e-29,4,7,1265,1175
765.000757,1.304e-30,3,6,1265,1175
765.014103,1.206e-27,3,6,1265,1175
765.018058,8.106e-30,3,6,1265,1175
765.040057,2.06e-29,3,6,1265,1175
765.073367,9.995e-29,3,6,1265,1175
765.075339,1.919e-30,3,6,1265,1175
765.084069,3.583e-30,3,6,1265,1175
765.100619,1.386e-27,3,6,1265,1175
765.10309,1.14e-30,3,6,1265,1175
765.129064,1.221e-30,3,6,1265,1175
765.135838,6.8e-30,4,6,1265,1175
765.145372,9.119e-26,4,6,1265,1175
765.161957,1.807e-28,3,6,1265,1175
765.169604,3.316e-30,3,6,1265,1175
765.179063,1.519e-30,3,6,1265,1175
765.187892,8.359e-30,3,6,1265,1175
765.189209,5.941e-26,4,6,1265,1175
765.21373,9.084e-30,4,6,1265,1175
765.215845,1.584e-27,3,6,1265,1175
765.229307,2.924e-27,3,6,1265,1175
765.229737,1.607e-24,4,6,1265,1175
765.234667,1.107e-24,4,6,1265,1175
765.237952,5.222e-28,3,6,1265,1175
765.263742,8.906e-30,3,7,1265,1175
765.297683,1.882e-30,3,6,1265,1175
765.301161,1.804e-27,3,6,1265,1175
765.351891,2.323e-30,3,6,1265,1175
765.363169,9.782e-29,3,6,1265,1175
765.373436,1.796e-28,3,6,1265,1175
765.387099,1.208e-29,4,6,1265,1175
765.388296,1.355e-29,3,6,1265,1175
765.408651,2.044e-27,3,6,1265,1175
765.439714,4.98e-30,3,6,1265,1175
765.455596,6.251e-30,3,6,1265,1175
765.461181,2.855e-30,3,6,1265,1175
765.470084,1.602e-29,4,6,1265,1175
765.492128,2.308e-27,3,6,1265,1175
765.518414,3.494e-30,3,6,1265,1175
765.527744,7.624e-29,3,6,1265,1175
765.533167,6.985e-29,3,6,1265,1175
765.542618,9.048e-29,3,6,1265,1175
765.592432,2.592e-27,3,6,1265,1175
765.611465,2.779e-28,3,6,1265,1175
765.617518,9.132e-30,3,6,1265,1175
765.619496,4.26e-30,3,6,1265,1175
765.632129,9.423e-26,4,6,1265,1175
765.633281,2.114e-29,4,6,1265,1175
765.640587,4.264e-30,3,6,1265,1175
765.652183,4.337e-27,3,6,1265,1175
765.673524,2.9e-27,3,6,1265,1175
765.678741,5.172e-30,3,6,1265,1175
765.686399,5.186e-29,3,6,1265,1175
765.699533,7.36e-30,3,6,1265,1175
765.703111,1.554e-30,3,6,1265,1175
765.709946,3.868e-27,3,6,1265,1175
765.720231,2.78e-29,4,6,1265,1175
765.721431,1.836e-28,3,6,1265,1175
765.729438,1.239e-28,3,6,1265,1175
765.758669,1.203e-25,4,6,1265,1175
765.767104,3.227e-27,3,6,1265,1175
765.771415,1.984e-29,3,6,1265,1175
765.772569,6.254e-30,3,6,1265,1175
765.807091,1.636e-29,3,6,1265,1175
765.832967,7.53e-30,3,6,1265,1175
765.845349,3.578e-27,3,6,1265,1175
765.845893,2.689e-30,3,6,1265,1175
765.87321,3.568e-30,3,6,1265,1175
765.874278,3.641e-29,4,6,1265,1175
765.908749,4.964e-26,4,6,1265,1175
765.920347,9.03e-30,3,6,1265,1175
765.932588,3.946e-27,3,6,1265,1175
765.937292,1.649e-28,3,6,1265,1175
765.949054,1.07e-29,3,6,1265,1175
765.9642,4.75e-29,4,6,1265,1175
765.981169,1.078e-29,3,6,1265,1175
765.98523,3.446e-28,3,6,1265,1175
765.994431,3.111e-27,3,6,1265,1175
765.999579,8.645e-30,3,6,1265,1175
766.001169,1.25e-24,4,6,1265,1175
766.007596,4.333e-27,3,6,1265,1175
766.062783,1.282e-29,3,6,1265,1175
766.077322,1.542e-28,3,6,1265,1175
766.088813,4.735e-27,3,6,1265,1175
766.109989,6.172e-29,4,6,1265,1175
766.121541,4.699e-30,3,6,1265,1175
766.123413,1.519e-29,3,6,1265,1175
766.137412,1.583e-28,3,6,1265,1175
766.159236,2.651e-23,3,7,1265,1175
766.16026,5.15e-27,3,6,1265,1175
766.188292,1.531e-29,3,6,1265,1175
766.189555,1.416e-28,3,6,1265,1175
766.198209,2.498e-23,4,7,1265,1175
766.19983,1.791e-29,3,6,1265,1175
766.202014,7.989e-29,4,6,1265,1175
766.220136,1.379e-29,3,6,1265,1175
766.227431,4.525e-29,3,6,1265,1175
766.235716,5.573e-27,3,6,1265,1175
766.259754,2.103e-29,3,6,1265,1175
766.303328,6.003e-27,3,6,1265,1175
766.304072,6.796e-30,3,6,1265,1175
766.331448,2.46e-29,3,6,1265,1175
766.340318,1.03e-28,4,6,1265,1175
766.362733,8.469e-30,3,6,1265,1175
766.373235,6.431e-27,3,6,1265,1175
766.37813,7.742e-29,3,6,1265,1175
766.38857,2.593e-30,3,6,1265,1175
766.390235,2.864e-29,3,6,1265,1175
766.404547,6.547e-30,3,6,1265,1175
766.406716,1.884e-28,3,6,1265,1175
766.412859,6.622e-30,3,7,1265,1175
766.413988,4.473e-30,3,6,1265,1175
766.41728,2.153e-29,3,6,1265,1175
766.432779,2.844e-28,3,6,1265,1175
766.433685,1.323e-28,4,6,1265,1175
766.435958,5.311e-24,4,7,1265,1175
766.436789,6.856e-27,3,6,1265,1175
766.437933,1.727e-30,3,6,1265,1175
766.440343,2.798e-23,3,7,1265,1175
766.457599,3.32e-29,3,6,1265,1175
766.47326,4.546e-27,3,6,1265,1175
766.480698,2.368e-29,3,6,1265,1175
766.487345,8.367e-26,4,7,1265,1175
766.501317,7.27e-27,3,6,1265,1175
766.510261,1.898e-29,3,6,1265,1175
766.514891,3.833e-29,3,6,1265,1175
766.520946,3.585e-29,4,7,1265,1175
766.553453,1.185e-25,4,6,1265,1175
766.560629,7.668e-27,3,6,1265,1175
766.565173,1.691e-28,4,6,1265,1175
766.578244,4.406e-29,3,6,1265,1175
766.614253,3.447e-30,3,6,1265,1175
766.61687,1.297e-24,4,6,1265,1175
766.619912,8.043e-27,3,6,1265,1175
766.633748,5.042e-29,3,6,1265,1175
766.636073,2.98e-29,3,6,1265,1175
766.640314,3.113e-26,4,6,1265,1175
766.652228,5.292e-29,3,6,1265,1175
766.655976,3.274e-30,3,7,1265,1175
766.659217,2.155e-28,4,6,1265,1175
766.665126,9.674e-26,4,6,1265,1175
766.674833,8.389e-27,3,6,1265,1175
766.678246,1.658e-27,3,6,1265,1175
766.693351,5.745e-29,3,6,1265,1175
766.708027,5.048e-29,3,6,1265,1175
766.716658,8.512e-29,3,6,1265,1175
766.717519,2.26e-28,3,6,1265,1175
766.728976,8.697e-27,3,6,1265,1175
766.744127,1.592e-28,3,6,1265,1175
766.745098,1.493e-28,3,6,1265,1175
766.746825,6.517e-29,3,6,1265,1175
766.761914,3.263e-27,3,6,1265,1175
766.76551,1.377e-24,4,6,1265,1175
766.779385,8.963e-27,3,6,1265,1175
766.780455,4.971e-26,4,6,1265,1175
766.784466,2.734e-28,4,6,1265,1175
766.802886,7.361e-29,3,6,1265,1175
766.809754,8.9e-30,3,6,1265,1175
766.828468,9.178e-27,3,6,1265,1175
766.844739,4.055e-29,3,6,1265,1175
766.854134,8.275e-29,3,6,1265,1175
766.874271,9.336e-27,3,6,1265,1175
766.878609,3.456e-28,4,6,1265,1175
766.906818,9.262e-29,3,6,1265,1175
766.918354,9.43e-27,3,6,1265,1175
766.953608,7.613e-29,3,6,1265,1175
766.955682,1.032e-28,3,6,1265,1175
766.959474,9.455e-27,3,6,1265,1175
766.967434,3.663e-28,3,6,1265,1175
766.988608,4.951e-30,3,6,1265,1175
766.994347,3.793e-29,3,6,1265,1175
766.998114,4.35e-28,4,6,1265,1175
766.998601,9.405e-27,3,6,1265,1175
767.005119,1.144e-28,3,6,1265,1175
767.00964,2.659e-28,3,6,1265,1175
767.014677,5.688e-29,3,6,1265,1175
767.03498,9.275e-27,3,6,1265,1175
767.043362,5.427e-29,3,6,1265,1175
767.047622,1.395e-29,3,6,1265,1175
767.05147,1.263e-28,3,6,1265,1175
767.061245,4.537e-30,3,7,1265,1175
767.069182,9.061e-27,3,6,1265,1175
767.073249,9.795e-26,4,6,1265,1175
767.086016,2.949e-30,3,6,1265,1175
767.091852,5.454e-28,4,6,1265,1175
767.097759,1.388e-28,3,6,1265,1175
767.100775,8.761e-27,3,6,1265,1175
767.130073,8.371e-27,3,6,1265,1175
767.141497,1.517e-28,3,6,1265,1175
767.150393,7.357e-30,3,6,1265,1175
767.156846,7.89e-27,3,6,1265,1175
767.176116,4.636e-30,3,6,1265,1175
767.181253,7.317e-27,3,6,1265,1175
767.184713,1.651e-28,3,6,1265,1175
767.203183,6.652e-27,3,6,1265,1175
767.206036,6.81e-28,4,6,1265,1175
767.221376,8.545e-29,3,6,1265,1175
767.222706,5.891e-27,3,6,1265,1175
767.225759,1.787e-28,3,6,1265,1175
767.230877,5.187e-27,3,6,1265,1175
767.232038,7.14e-29,3,6,1265,1175
767.23659,1.806e-29,3,6,1265,1175
767.239776,5.032e-27,3,6,1265,1175
767.251822,2.895e-28,3,6,1265,1175
767.254418,4.065e-27,3,6,1265,1175
767.261743,1.638e-28,3,6,1265,1175
767.265957,1.925e-28,3,6,1265,1175
767.266617,2.965e-27,3,6,1265,1175
767.276379,1.672e-27,3,6,1265,1175
767.282993,3.069e-28,3,6,1265,1175
767.292619,4.743e-27,3,6,1265,1175
767.298932,8.471e-28,4,6,1265,1175
767.30425,2.063e-28,3,6,1265,1175
767.311057,4.079e-26,4,6,1265,1175
767.341471,2.2e-28,3,6,1265,1175
767.346521,1.178e-25,4,6,1265,1175
767.376966,2.333e-28,3,6,1265,1175
767.380933,4.174e-30,3,6,1265,1175
767.408156,1.049e-27,4,6,1265,1175
767.410874,9.234e-29,3,6,1265,1175
767.411238,2.46e-28,3,6,1265,1175
767.443902,2.58e-28,3,6,1265,1175
767.459641,1.702e-29,3,6,1265,1175
767.475249,2.69e-28,3,6,1265,1175
767.488759,1.14e-30,3,6,1265,1175
767.491336,2.372e-28,3,6,1265,1175
767.499832,1.294e-27,4,6,1265,1175
767.505061,2.788e-28,3,6,1265,1175
767.523319,3.382e-27,3,6,1265,1175
767.528815,1.488e-24,3,6,1265,1175
767.530861,1.363e-28,3,6,1265,1175
767.5335,2.872e-28,3,6,1265,1175
767.537496,3.47e-28,3,6,1265,1175
767.541004,1.048e-30,3,6,1265,1175
767.552655,2.21e-23,3,7,1265,1175
767.560452,2.938e-28,3,6,1265,1175
767.579984,1.174e-28,3,6,1265,1175
767.586001,2.985e-28,3,6,1265,1175
767.601658,8.441e-30,3,6,1265,1175
767.6044,1.59e-27,4,6,1265,1175
767.610095,3.011e-28,3,6,1265,1175
767.618414,9.12e-30,3,6,1265,1175
767.632776,3.014e-28,3,6,1265,1175
767.654025,2.99e-28,3,6,1265,1175
767.673864,2.94e-28,3,6,1265,1175
767.67774,1.639e-23,4,7,1265,1175
767.684273,1.846e-30,3,6,1265,1175
767.692293,2.861e-28,3,6,1265,1175
767.693466,1.521e-28,3,6,1265,1175
767.694528,1.946e-27,4,6,1265,1175
767.709326,2.751e-28,3,6,1265,1175
767.724972,2.61e-28,3,6,1265,1175
767.739242,2.436e-28,3,6,1265,1175
767.739489,1.466e-28,3,6,1265,1175
767.752151,2.228e-28,3,6,1265,1175
767.763712,1.984e-28,3,6,1265,1175
767.773077,3.841e-28,3,6,1265,1175
767.77394,1.702e-28,3,6,1265,1175
767.782848,1.378e-28,3,6,1265,1175
767.783154,5.192e-30,3,6,1265,1175
767.790452,1.002e-28,3,6,1265,1175
767.794697,2.372e-27,4,6,1265,1175
767.796764,5.574e-29,3,6,1265,1175
767.811465,4.948e-30,3,6,1265,1175
767.873188,1.402e-29,3,6,1265,1175
767.882996,2.879e-27,4,6,1265,1175
767.889515,1.798e-28,3,6,1265,1175
767.950405,4.753e-30,3,6,1265,1175
767.963909,2.346e-23,3,7,1265,1175
767.968123,1.33e-28,3,6,1265,1175
767.973739,1.708e-29,3,6,1265,1175
767.97898,3.48e-27,4,6,1265,1175
767.989667,4.157e-28,3,6,1265,1175
767.994551,7.928e-30,3,6,1265,1175
767.995142,1.029e-24,4,6,1265,1175
767.996064,6.356e-24,4,7,1265,1175
768.030191,2.166e-28,3,6,1265,1175
768.035152,5.674e-29,3,6,1265,1175
768.045073,1.73e-29,4,7,1265,1175
768.060192,1.21e-30,3,6,1265,1175
768.062897,9.39e-29,3,6,1265,1175
768.065207,4.19e-27,4,6,1265,1175
768.06859,2.932e-28,3,6,1265,1175
768.10158,1.383e-28,3,6,1265,1175
768.110255,4.926e-27,3,6,1265,1175
768.136232,5.533e-26,4,7,1265,1175
768.145104,4.855e-30,3,6,1265,1175
768.154673,1.953e-30,3,6,1265,1175
768.157185,5.023e-27,4,6,1265,1175
768.161648,2.561e-28,3,6,1265,1175
768.178686,9.88e-26,4,6,1265,1175
768.187204,4.394e-28,3,6,1265,1175
768.24113,5.997e-27,4,6,1265,1175
768.272445,2.381e-30,3,6,1265,1175
768.284016,2.971e-28,3,6,1265,1175
768.28953,1.583e-24,3,6,1265,1175
768.289559,3.466e-27,3,6,1265,1175
768.293243,2.729e-29,3,6,1265,1175
768.294463,2.931e-30,3,7,1265,1175
768.315548,3.635e-26,4,6,1265,1175
768.329248,7.131e-27,4,6,1265,1175
768.347628,1.343e-30,3,7,1265,1175
768.35008,2.642e-30,3,6,1265,1175
768.357642,6.288e-29,3,6,1265,1175
768.365386,7.104e-29,3,6,1265,1175
768.365632,4.525e-28,3,6,1265,1175
768.373739,4.078e-26,4,6,1265,1175
768.397425,3.378e-28,3,6,1265,1175
768.404217,1.203e-30,3,6,1265,1175
768.410733,8.443e-27,4,6,1265,1175
768.411198,5.483e-29,3,6,1265,1175
768.425555,9.302e-30,3,6,1265,1175
768.49511,9.955e-27,4,6,1265,1175
768.498918,9.832e-26,4,6,1265,1175
768.49967,4.171e-29,3,6,1265,1175
768.502,3.764e-28,3,6,1265,1175
768.5249,4.528e-28,3,6,1265,1175
768.573983,1.169e-26,4,6,1265,1175
768.582323,5.295e-29,3,6,1265,1175
768.597863,4.104e-28,3,6,1265,1175
768.654715,1.366e-26,4,6,1265,1175
768.664964,4.386e-28,3,6,1265,1175
768.679042,1.289e-27,3,6,1265,1175
768.68513,4.373e-28,3,6,1265,1175
768.694636,1.607e-29,3,6,1265,1175
768.695006,1.401e-29,3,6,1265,1175
768.705401,3.292e-26,4,6,1265,1175
768.706982,4.825e-30,3,6,1265,1175
768.707399,2.524e-28,3,6,1265,1175
768.726731,3.369e-29,3,6,1265,1175
768.730843,1.591e-26,4,6,1265,1175
768.740208,6.292e-27,3,6,1265,1175
768.763913,4.547e-28,3,6,1265,1175
768.785785,4.086e-28,3,6,1265,1175
768.800663,1.43e-28,3,6,1265,1175
768.808006,1.844e-26,4,6,1265,1175
768.834313,4.603e-28,3,6,1265,1175
768.836541,8.505e-30,3,6,1265,1175
768.853895,2.276e-30,3,7,1265,1175
768.881279,2.129e-26,4,6,1265,1175
768.883075,2.953e-28,3,6,1265,1175
768.887328,3.626e-28,3,6,1265,1175
768.896426,4.521e-28,3,6,1265,1175
768.902685,1.028e-28,3,6,1265,1175
768.908019,5.481e-30,3,6,1265,1175
768.926161,5.091e-27,3,6,1265,1175
768.936336,1.808e-23,3,7,1265,1175
768.950338,4.288e-28,3,6,1265,1175
768.954932,2.446e-26,4,6,1265,1175
768.969566,3.009e-28,3,6,1265,1175
768.971303,1.293e-30,3,6,1265,1175
768.996123,3.897e-28,3,6,1265,1175
768.99948,1.606e-28,3,6,1265,1175
769.025255,2.799e-26,4,6,1265,1175
769.032475,2.243e-28,3,6,1265,1175
769.033849,3.349e-28,3,6,1265,1175
769.046711,3.518e-27,3,6,1265,1175
769.049741,1.66e-24,3,6,1265,1175
769.06357,2.65e-28,3,6,1265,1175
769.076038,1.318e-28,3,6,1265,1175
769.08533,1.805e-28,3,6,1265,1175
769.089781,1.492e-29,3,6,1265,1175
769.095443,3.189e-26,4,6,1265,1175
769.099162,7.62e-29,3,6,1265,1175
769.102173,1.723e-29,3,6,1265,1175
769.154133,4.046e-30,3,6,1265,1175
769.157009,1.058e-23,4,7,1265,1175
769.162735,3.617e-26,4,6,1265,1175
769.229491,4.085e-26,4,6,1265,1175
769.231173,9.446e-30,3,6,1265,1175
769.248864,1.399e-28,3,6,1265,1175
769.261641,2.845e-30,3,6,1265,1175
769.265675,1.376e-30,3,6,1265,1175
769.293684,4.592e-26,4,6,1265,1175
769.327905,2.239e-30,3,6,1265,1175
769.35703,5.139e-26,4,6,1265,1175
769.364662,8.016e-25,4,6,1265,1175
769.418066,5.724e-26,4,6,1265,1175
769.430537,1.503e-29,3,6,1265,1175
769.432199,1.879e-30,3,6,1265,1175
769.445917,1.178e-28,3,6,1265,1175
769.478018,6.347e-26,4,6,1265,1175
769.483384,4.853e-30,3,6,1265,1175
769.485335,1.929e-23,3,7,1265,1175
769.514399,1.391e-29,3,6,1265,1175
769.535846,7.006e-26,4,6,1265,1175
769.557334,7.456e-24,3,7,1265,1175
769.5637,8.223e-30,3,7,1265,1175
769.583235,1.931e-29,3,6,1265,1175
769.592413,7.695e-26,4,6,1265,1175
769.646992,8.413e-26,4,6,1265,1175
769.658023,1.183e-30,3,6,1265,1175
769.667838,6.042e-30,3,6,1265,1175
769.676354,9.082e-30,3,6,1265,1175
769.686074,9.767e-26,4,6,1265,1175
769.695275,2.96e-28,3,6,1265,1175
769.700177,9.152e-26,4,6,1265,1175
769.701695,1.388e-30,3,6,1265,1175
769.73489,1.206e-28,3,6,1265,1175
769.740331,5.238e-27,3,6,1265,1175
769.740735,1.119e-28,3,6,1265,1175
769.751472,9.908e-26,4,6,1265,1175
769.755117,5.1e-29,3,6,1265,1175
769.791535,3.597e-26,4,7,1265,1175
769.801274,1.067e-25,4,6,1265,1175
769.806696,1.72e-24,3,6,1265,1175
769.812273,3.538e-27,3,6,1265,1175
769.832104,6.987e-29,3,6,1265,1175
769.849253,1.144e-25,4,6,1265,1175
769.857957,2.162e-30,3,6,1265,1175
769.895669,1.219e-25,4,6,1265,1175
769.909118,9.572e-26,4,6,1265,1175
769.940306,1.293e-25,4,6,1265,1175
769.969167,3.282e-26,4,6,1265,1175
769.982861,3.007e-29,3,6,1265,1175
769.98333,1.363e-25,4,6,1265,1175
769.984231,4.157e-26,4,6,1265,1175
770.019664,5.812e-29,3,6,1265,1175
770.024603,1.429e-25,4,6,1265,1175
770.035264,9.551e-30,3,6,1265,1175
770.064228,1.49e-25,4,6,1265,1175
770.091981,2.61e-26,4,6,1265,1175
770.102119,1.544e-25,4,6,1265,1175
770.12537,1.566e-30,3,6,1265,1175
770.138335,1.59e-25,4,6,1265,1175
770.14553,1.399e-29,3,6,1265,1175
770.172827,1.626e-25,4,6,1265,1175
770.17455,1.278e-30,3,7,1265,1175
770.181577,5.506e-29,3,6,1265,1175
770.205626,1.652e-25,4,6,1265,1175
770.232982,4.842e-30,3,6,1265,1175
770.236705,1.665e-25,4,6,1265,1175
770.237897,7.147e-27,3,6,1265,1175
770.266079,1.666e-25,4,6,1265,1175
770.293733,1.653e-25,4,6,1265,1175
770.310353,1.453e-23,3,7,1265,1175
770.319674,1.624e-25,4,6,1265,1175
770.330419,1.372e-29,3,6,1265,1175
770.338304,1.223e-28,3,6,1265,1175
770.343892,1.579e-25,4,6,1265,1175
770.366391,1.518e-25,4,6,1265,1175
770.387165,1.439e-25,4,6,1265,1175
770.406215,1.343e-25,4,6,1265,1175
770.40784,2.416e-28,3,6,1265,1175
770.423538,1.227e-25,4,6,1265,1175
770.427156,6.532e-30,3,6,1265,1175
770.439133,1.093e-25,4,6,1265,1175
770.452998,9.37e-26,4,6,1265,1175
770.458247,1.708e-28,3,6,1265,1175
770.465133,7.58e-26,4,6,1265,1175
770.475194,5.377e-29,3,6,1265,1175
770.475536,5.512e-26,4,6,1265,1175
770.484207,3.064e-26,4,6,1265,1175
770.505182,2.951e-28,3,6,1265,1175
770.510138,1.069e-28,3,6,1265,1175
770.513983,9.654e-30,3,6,1265,1175
770.51776,3.098e-30,3,6,1265,1175
770.552761,5.364e-27,3,6,1265,1175
770.563955,1.763e-24,3,6,1265,1175
770.564498,3.529e-27,3,6,1265,1175
770.564961,1.45e-30,3,6,1265,1175
770.577038,1.214e-28,3,6,1265,1175
770.585486,2.596e-29,3,6,1265,1175
770.602103,4.079e-30,3,6,1265,1175
770.636281,6.722e-24,4,7,1265,1175
770.64108,1.124e-30,3,7,1265,1175
770.696383,9.81e-28,3,6,1265,1175
770.713625,1.61e-30,3,6,1265,1175
770.725548,6.137e-25,4,6,1265,1175
770.734726,1.691e-29,3,6,1265,1175
770.777272,9.838e-29,3,6,1265,1175
770.803503,1.217e-28,3,6,1265,1175
770.837824,9.621e-30,3,6,1265,1175
770.86448,1.345e-29,3,6,1265,1175
770.880705,1.294e-29,3,6,1265,1175
770.941148,4.712e-29,3,6,1265,1175
770.983297,1.776e-30,3,6,1265,1175
771.00471,1.556e-23,3,7,1265,1175
771.013024,4.791e-30,3,6,1265,1175
771.076572,3.848e-30,3,7,1265,1175
771.119569,8.566e-24,3,7,1265,1175
771.128418,1.725e-30,3,6,1265,1175
771.143708,1.344e-29,3,6,1265,1175
771.146462,4.064e-29,3,6,1265,1175
771.180919,5.726e-28,3,6,1265,1175
771.182395,6.95e-30,3,6,1265,1175
771.187314,9.382e-26,4,6,1265,1175
771.303838,9.067e-26,4,6,1265,1175
771.312791,2.928e-28,3,6,1265,1175
771.316975,1.788e-24,3,6,1265,1175
771.330096,3.492e-27,3,6,1265,1175
771.349422,1.022e-29,3,6,1265,1175
771.363445,5.468e-27,3,6,1265,1175
771.41159,1.312e-28,3,6,1265,1175
771.430102,1.536e-29,3,6,1265,1175
771.45364,2.3e-26,4,7,1265,1175
771.464396,2.132e-29,3,6,1265,1175
771.471013,2.033e-26,4,6,1265,1175
771.489573,1.053e-28,3,6,1265,1175
771.548147,2.34e-30,3,6,1265,1175
771.566853,2.593e-26,4,6,1265,1175
771.577957,1.104e-30,3,6,1265,1175
771.589244,1.192e-29,3,6,1265,1175
771.617914,8.445e-29,3,6,1265,1175
771.638849,9.658e-30,3,6,1265,1175
771.646114,4.654e-26,4,6,1265,1175
771.670396,1.093e-30,3,6,1265,1175
771.674789,1.146e-23,3,7,1265,1175
771.67961,4.665e-29,3,6,1265,1175
771.719126,6.287e-30,3,6,1265,1175
771.723898,7.732e-27,3,6,1265,1175
771.753869,4.709e-30,3,6,1265,1175
771.839447,2.005e-30,3,6,1265,1175
771.874331,2.331e-30,3,6,1265,1175
771.874789,1.025e-28,3,6,1265,1175
771.882916,7.314e-30,3,6,1265,1175
771.938359,7.291e-30,3,6,1265,1175
771.951538,9.39e-28,3,6,1265,1175
771.953834,1.308e-29,3,6,1265,1175
771.963423,5.369e-29,3,6,1265,1175
772.023807,6.997e-29,3,6,1265,1175
772.071469,1.798e-24,4,6,1265,1175
772.076557,3.43e-27,3,6,1265,1175
772.077929,4.619e-25,4,6,1265,1175
772.088355,4.445e-29,3,6,1265,1175
772.095797,8.064e-29,3,6,1265,1175
772.115834,4.201e-24,4,7,1265,1175
772.118098,2.893e-28,3,6,1265,1175
772.13715,9.213e-30,3,6,1265,1175
772.172378,5.549e-27,3,6,1265,1175
772.182663,1.076e-29,3,6,1265,1175
772.220348,1.136e-28,3,6,1265,1175
772.224077,3.428e-29,3,6,1265,1175
772.244382,1.41e-28,3,6,1265,1175
772.324299,1.093e-29,3,6,1265,1175
772.357292,9.775e-29,3,6,1265,1175
772.357325,1.602e-29,3,6,1265,1175
772.386649,5.295e-29,3,6,1265,1175
772.414638,1.301e-30,3,6,1265,1175
772.438336,9.672e-30,3,6,1265,1175
772.497221,1.546e-29,3,6,1265,1175
772.522132,1.233e-23,3,7,1265,1175
772.532139,3.183e-29,3,6,1265,1175
772.539422,4.592e-30,3,6,1265,1175
772.583437,1.773e-30,3,7,1265,1175
772.606033,2.475e-30,3,6,1265,1175
772.663823,1.655e-30,3,6,1265,1175
772.682437,8.78e-26,4,6,1265,1175
772.682585,9.629e-24,3,7,1265,1175
772.683066,8.377e-26,4,6,1265,1175
772.688707,7.556e-30,3,6,1265,1175
772.693815,2.254e-30,3,6,1265,1175
772.719707,1.315e-27,3,6,1265,1175
772.730361,7.308e-28,3,6,1265,1175
772.761059,1.264e-29,3,6,1265,1175
772.820332,1.793e-24,3,6,1265,1175
772.842733,1.556e-26,4,6,1265,1175
772.843072,3.345e-27,3,6,1265,1175
772.921098,2.848e-28,3,6,1265,1175
772.934164,2.004e-30,3,6,1265,1175
772.944427,1.486e-29,3,6,1265,1175
772.955848,5.41e-29,3,6,1265,1175
772.979554,5.607e-27,3,6,1265,1175
773.013701,1.128e-29,3,6,1265,1175
773.025751,9.966e-30,3,6,1265,1175
773.029735,8.882e-24,3,7,1265,1175
773.07541,1.51e-28,3,6,1265,1175
773.12295,1.446e-26,4,7,1265,1175
773.12452,6.475e-29,3,6,1265,1175
773.166918,2.011e-26,4,6,1265,1175
773.170473,1.291e-29,3,6,1265,1175
773.198167,8.045e-27,3,6,1265,1175
773.224168,1.724e-30,3,6,1265,1175
773.225577,2.474e-30,3,6,1265,1175
773.225645,2.319e-30,3,6,1265,1175
773.231908,8.82e-29,3,6,1265,1175
773.23628,9.676e-30,3,6,1265,1175
773.269354,4.453e-30,3,6,1265,1175
773.273991,2.598e-29,3,6,1265,1175
773.290878,1.762e-30,3,6,1265,1175
773.300962,5.094e-26,4,6,1265,1175
773.345354,3.674e-29,3,6,1265,1175
773.392223,1.001e-28,3,6,1265,1175
773.401426,6.212e-30,3,6,1265,1175
773.40166,6.49e-29,3,6,1265,1175
773.410249,8.424e-29,3,6,1265,1175
773.421943,3.417e-25,4,6,1265,1175
773.441647,7.745e-30,3,6,1265,1175
773.450365,1.414e-30,3,6,1265,1175
773.485398,1.685e-27,3,6,1265,1175
773.538244,2.576e-30,3,6,1265,1175
773.541012,4.505e-29,3,6,1265,1175
773.546393,2.523e-30,3,6,1265,1175
773.56522,1.215e-29,3,6,1265,1175
773.572301,1.774e-24,3,6,1265,1175
773.582756,3.242e-27,3,6,1265,1175
773.595959,2.583e-24,4,7,1265,1175
773.59798,7.488e-29,3,6,1265,1175
773.721389,1.025e-30,3,6,1265,1175
773.721785,2.8e-28,3,6,1265,1175
773.756796,5.089e-29,3,6,1265,1175
773.761379,9.042e-30,3,6,1265,1175
773.771651,7.405e-29,3,6,1265,1175
773.784969,5.645e-27,3,6,1265,1175
773.84253,1.177e-29,3,6,1265,1175
773.856013,1.285e-30,3,6,1265,1175
773.871938,2.754e-30,3,6,1265,1175
773.904666,1.609e-28,3,6,1265,1175
773.910152,6.874e-29,3,6,1265,1175
773.912642,2.45e-29,3,6,1265,1175
773.969991,1.453e-29,3,6,1265,1175
773.994011,7.422e-29,3,6,1265,1175
774.00526,1.604e-30,3,6,1265,1175
774.032679,9.695e-30,3,6,1265,1175
774.037704,9.586e-24,3,7,1265,1175
774.04655,1.974e-30,3,6,1265,1175
774.046796,7.56e-26,4,6,1265,1175
774.049418,3.699e-29,3,6,1265,1175
774.062671,4.286e-30,3,6,1265,1175
774.090456,3.49e-30,3,6,1265,1175
774.13735,1.994e-30,3,6,1265,1175
774.17148,8.021e-26,4,6,1265,1175
774.186699,7.861e-30,3,6,1265,1175
774.207396,1.171e-26,4,6,1265,1175
774.226697,2.844e-30,3,6,1265,1175
774.246205,1.058e-23,3,7,1265,1175
774.248653,2.04e-27,3,6,1265,1175
774.280997,2.469e-30,3,6,1265,1175
774.316701,5.066e-29,3,6,1265,1175
774.316734,1.742e-24,4,6,1265,1175
774.351255,3.12e-27,3,6,1265,1175
774.3664,1.164e-29,3,6,1265,1175
774.375291,6.765e-24,4,7,1265,1175
774.397175,2.813e-30,3,6,1265,1175
774.40629,3.451e-27,4,6,1265,1175
774.410266,3.044e-30,3,6,1265,1175
774.423114,1.019e-29,3,6,1265,1175
774.45502,8.169e-30,3,6,1265,1175
774.462131,9.307e-29,3,6,1265,1175
774.464892,2.245e-29,3,6,1265,1175
774.520155,2.758e-28,3,6,1265,1175
774.548522,3.739e-30,3,6,1265,1175
774.567615,1.254e-30,3,6,1265,1175
774.588617,5.663e-27,3,6,1265,1175
774.602487,2.841e-30,3,6,1265,1175
774.6127,1.109e-30,3,6,1265,1175
774.618508,2.712e-30,3,6,1265,1175
774.657505,4.122e-30,3,6,1265,1175
774.660655,8.098e-27,3,6,1265,1175
774.669141,1.222e-29,3,6,1265,1175
774.67472,4.574e-30,3,6,1265,1175
774.695046,5.131e-29,3,6,1265,1175
774.732144,1.708e-28,3,6,1265,1175
774.757744,2.486e-25,4,6,1265,1175
774.769492,1.532e-26,4,6,1265,1175
774.779112,4.105e-30,3,6,1265,1175
774.781067,5.332e-28,3,6,1265,1175
774.799883,8.937e-27,4,7,1265,1175
774.807759,5.573e-30,3,6,1265,1175
774.821521,1.31e-30,3,6,1265,1175
774.823485,4.796e-29,3,6,1265,1175
774.827528,9.772e-30,3,6,1265,1175
774.890545,2.551e-30,3,6,1265,1175
774.905645,1.531e-30,3,6,1265,1175
774.930669,6.762e-30,3,6,1265,1175
774.937046,7.906e-30,3,6,1265,1175
774.944827,6.794e-29,3,6,1265,1175
774.948558,5.443e-26,4,6,1265,1175
774.96165,7.057e-29,3,6,1265,1175
774.99927,2.751e-30,3,6,1265,1175
775.00431,2.766e-30,3,6,1265,1175
775.009399,2.372e-27,3,6,1265,1175
775.017027,2.84e-29,3,6,1265,1175
775.058635,8.172e-30,3,6,1265,1175
775.062301,2.853e-29,3,6,1265,1175
775.066473,1.698e-24,3,6,1265,1175
775.076956,1.562e-24,4,7,1265,1175
775.08295,2.986e-27,3,6,1265,1175
775.100943,1.793e-30,3,6,1265,1175
775.113962,1.241e-28,3,6,1265,1175
775.154686,1.165e-28,3,6,1265,1175
775.16455,1.115e-29,3,6,1265,1175
775.166219,3.663e-30,3,6,1265,1175
775.178068,9.834e-30,3,6,1265,1175
775.182,8.489e-27,4,6,1265,1175
775.186807,2.079e-30,3,6,1265,1175
775.192016,7.341e-30,3,6,1265,1175
775.246154,3.124e-30,3,6,1265,1175
775.27739,8.744e-29,3,6,1265,1175
775.288499,1.853e-29,3,6,1265,1175
775.301081,1.179e-29,3,6,1265,1175
775.311241,1.116e-28,3,6,1265,1175
775.316204,2.741e-28,3,6,1265,1175
775.369056,2.413e-30,3,6,1265,1175
775.390494,5.667e-27,3,6,1265,1175
775.395024,6.674e-26,4,6,1265,1175
775.416872,1.407e-29,3,6,1265,1175
775.417002,2.587e-30,3,6,1265,1175
775.456124,2.776e-30,3,6,1265,1175
775.46202,3.571e-29,3,6,1265,1175
775.49353,1.263e-29,3,6,1265,1175
775.53503,1.672e-29,3,6,1265,1175
775.551537,7.323e-24,4,7,1265,1175
775.557839,1.804e-28,3,6,1265,1175
775.561761,4.696e-29,3,6,1265,1175
775.565276,8.67e-27,4,6,1265,1175
775.572732,1.246e-29,3,6,1265,1175
775.58129,4.837e-30,3,6,1265,1175
775.582867,3.903e-30,3,6,1265,1175
775.596174,5.855e-29,3,6,1265,1175
775.625841,3.193e-30,3,6,1265,1175
775.647035,1.979e-29,3,6,1265,1175
775.654486,7.163e-26,4,6,1265,1175
775.67629,7.886e-30,3,6,1265,1175
775.68967,4.864e-30,3,6,1265,1175
775.711565,5.065e-24,3,7,1265,1175
775.713538,3.643e-30,3,6,1265,1175
775.760417,2.333e-29,3,6,1265,1175
775.766286,3.84e-29,3,6,1265,1175
775.767742,2.676e-27,3,6,1265,1175
775.779443,4.762e-29,3,6,1265,1175
775.806143,1.645e-24,4,6,1265,1175
775.810267,1.134e-23,3,7,1265,1175
775.854706,2.839e-27,3,6,1265,1175
775.85563,2.364e-30,3,6,1265,1175
775.868512,2.738e-29,3,6,1265,1175
775.871271,4.152e-30,3,6,1265,1175
775.877019,6.571e-30,3,6,1265,1175
775.900624,6.871e-30,3,6,1265,1175
775.905598,2.692e-30,3,6,1265,1175
775.948898,1.282e-28,3,6,1265,1175
775.955958,1.426e-26,4,6,1265,1175
775.959002,4.698e-30,3,6,1265,1175
775.959685,1.082e-29,3,6,1265,1175
775.976159,3.985e-29,3,6,1265,1175
775.97718,3.2e-29,3,6,1265,1175
776.081258,3.725e-29,3,6,1265,1175
776.085493,1.778e-25,4,6,1265,1175
776.093323,3.453e-30,3,6,1265,1175
776.105314,5.306e-30,3,6,1265,1175
776.111313,7.919e-27,3,6,1265,1175
776.185259,4.317e-29,3,6,1265,1175
776.188857,6.348e-30,3,6,1265,1175
776.190596,5.666e-27,3,6,1265,1175
776.192474,5.953e-30,3,6,1265,1175
776.26536,4.714e-29,3,6,1265,1175
776.282782,3.695e-30,3,6,1265,1175
776.285227,4.981e-29,3,6,1265,1175
776.315097,2.102e-30,3,6,1265,1175
776.315691,1.3e-29,3,6,1265,1175
776.32793,6.662e-30,3,6,1265,1175
776.367468,6.849e-29,3,6,1265,1175
776.374709,1.146e-26,4,6,1265,1175
776.381744,1.898e-28,3,6,1265,1175
776.384598,5.723e-29,3,6,1265,1175
776.413919,7.408e-30,3,6,1265,1175
776.42459,7.803e-30,3,6,1265,1175
776.478675,5.378e-29,3,6,1265,1175
776.480374,6.548e-29,3,6,1265,1175
776.484873,5.432e-27,4,7,1265,1175
776.523522,2.948e-27,3,6,1265,1175
776.539078,8.215e-30,3,6,1265,1175
776.543322,2.558e-30,3,6,1265,1175
776.554012,1.583e-24,4,6,1265,1175
776.559143,9.299e-25,4,7,1265,1175
776.575142,7.458e-29,3,6,1265,1175
776.576981,2.686e-27,3,6,1265,1175
776.588244,1.777e-29,3,6,1265,1175
776.588699,5.665e-26,4,6,1265,1175
776.616282,5.85e-30,3,6,1265,1175
776.623307,9.053e-30,3,6,1265,1175
776.635912,2.024e-28,3,6,1265,1175
776.660273,1.379e-29,3,6,1265,1175
776.663782,8.142e-30,3,6,1265,1175
776.666657,8.457e-29,3,6,1265,1175
776.678573,5.363e-29,3,6,1265,1175
776.694772,2.156e-29,3,6,1265,1175
776.717797,4.274e-30,3,6,1265,1175
776.727753,5.769e-26,4,6,1265,1175
776.728161,2.031e-26,4,6,1265,1175
776.738709,9.944e-30,3,6,1265,1175
776.756839,9.547e-29,3,6,1265,1175
776.763208,1.041e-30,3,6,1265,1175
776.795337,1.822e-30,3,6,1265,1175
776.820614,1.086e-29,3,6,1265,1175
776.842824,1.444e-28,3,6,1265,1175
776.844031,1.073e-28,3,6,1265,1175
776.848593,3.811e-28,3,6,1265,1175
776.888943,1.364e-30,3,6,1265,1175
776.904977,1.327e-28,3,6,1265,1175
776.916668,6.311e-27,4,6,1265,1175
776.926774,1.181e-29,3,6,1265,1175
776.929639,1.201e-28,3,6,1265,1175
776.938677,3.802e-30,3,6,1265,1175
776.988918,5.674e-27,3,6,1265,1175
777.005821,1.277e-29,3,6,1265,1175
777.009391,1.575e-30,3,6,1265,1175
777.012457,1.337e-28,3,6,1265,1175
777.015568,1.781e-30,3,6,1265,1175
777.038678,3.728e-24,4,7,1265,1175
777.063749,5.496e-24,4,7,1265,1175
777.074756,6.468e-29,3,6,1265,1175
777.078145,6.588e-30,3,6,1265,1175
777.093496,1.482e-28,3,6,1265,1175
777.100113,3.473e-30,3,6,1265,1175
777.103223,1.376e-29,3,6,1265,1175
777.114453,1.026e-29,3,6,1265,1175
777.131505,6.26e-26,4,6,1265,1175
777.135617,1.331e-29,3,6,1265,1175
777.137351,7.762e-29,3,6,1265,1175
777.138563,2.316e-30,3,6,1265,1175
777.145928,1.731e-30,3,6,1265,1175
777.157389,7.665e-30,3,6,1265,1175
777.158966,1.034e-30,3,6,1265,1175
777.16555,9.871e-30,3,6,1265,1175
777.171894,1.636e-28,3,6,1265,1175
777.17891,1.473e-29,3,6,1265,1175
777.203854,1.988e-28,3,6,1265,1175
777.229092,1.199e-30,3,6,1265,1175
777.245221,3.043e-29,3,6,1265,1175
777.248365,1.796e-28,3,6,1265,1175
777.261922,2.999e-30,3,6,1265,1175
777.268002,1.571e-29,3,6,1265,1175
777.276963,3.187e-27,3,6,1265,1175
777.28852,1.514e-24,3,6,1265,1175
777.291713,5.189e-30,3,6,1265,1175
777.296275,1.539e-30,3,6,1265,1175
777.297839,1.385e-30,3,6,1265,1175
777.322303,1.963e-28,3,6,1265,1175
777.339871,1.665e-29,3,6,1265,1175
777.353494,2.525e-27,3,6,1265,1175
777.364895,1.592e-30,3,6,1265,1175
777.374618,1.184e-23,3,7,1265,1175
777.377131,4.558e-30,3,6,1265,1175
777.378384,4.222e-29,3,6,1265,1175
777.3821,3.869e-30,3,6,1265,1175
777.394203,2.136e-28,3,6,1265,1175
777.400276,1.16e-28,3,6,1265,1175
777.405366,1.251e-25,4,6,1265,1175
777.416087,1.573e-28,3,6,1265,1175
777.421058,1.756e-29,3,6,1265,1175
777.430518,1.822e-30,3,6,1265,1175
777.463648,2.312e-28,3,6,1265,1175
777.488695,1.841e-29,3,6,1265,1175
777.494496,2.077e-30,3,6,1265,1175
777.498607,2.634e-26,4,6,1265,1175
777.502218,4.971e-30,3,6,1265,1175
777.530972,2.489e-28,3,6,1265,1175
777.540882,1.269e-29,3,6,1265,1175
777.550093,7.543e-27,3,6,1265,1175
777.557003,2.356e-30,3,6,1265,1175
777.56234,1.92e-29,3,6,1265,1175
777.576657,3.001e-29,3,6,1265,1175
777.595894,2.667e-28,3,6,1265,1175
777.617896,2.661e-30,3,6,1265,1175
777.619512,6.362e-30,3,6,1265,1175
777.625374,1.99e-29,3,6,1265,1175
777.658633,2.843e-28,3,6,1265,1175
777.677291,2.992e-30,3,6,1265,1175
777.691797,2.051e-29,3,6,1265,1175
777.719006,3.014e-28,3,6,1265,1175
777.735093,3.349e-30,3,6,1265,1175
777.736404,8.11e-30,3,6,1265,1175
777.749904,2.099e-29,3,6,1265,1175
777.777152,3.178e-28,3,6,1265,1175
777.779969,3.253e-30,3,6,1265,1175
777.781752,1.312e-30,3,6,1265,1175
777.782209,4.168e-30,3,6,1265,1175
777.785455,5.716e-27,3,6,1265,1175
777.789312,5.493e-29,3,6,1265,1175
777.791377,3.731e-30,3,6,1265,1175
777.796641,1.257e-28,3,6,1265,1175
777.809381,2.135e-29,3,6,1265,1175
777.809851,1.907e-28,3,6,1265,1175
777.817828,1.269e-30,3,6,1265,1175
777.828974,2.471e-28,3,6,1265,1175
777.832954,3.331e-28,3,6,1265,1175
777.846083,4.137e-30,3,6,1265,1175
777.850753,1.03e-29,3,6,1265,1175
777.854058,2.929e-28,3,6,1265,1175
777.862283,2.156e-29,3,6,1265,1175
777.885162,3.266e-28,3,6,1265,1175
777.886497,3.472e-28,3,6,1265,1175
777.899258,4.567e-30,3,6,1265,1175
777.904321,7.476e-30,3,6,1265,1175
777.905805,8.578e-29,3,6,1265,1175
777.915043,2.162e-29,3,6,1265,1175
777.922361,3.478e-28,3,6,1265,1175
777.937709,3.597e-28,3,6,1265,1175
777.943087,1.542e-29,3,6,1265,1175
777.950864,5.016e-30,3,6,1265,1175
777.953304,1.357e-29,3,6,1265,1175
777.96251,2.15e-29,3,6,1265,1175
777.964428,1.302e-29,3,6,1265,1175
777.965745,3.565e-28,3,6,1265,1175
777.982711,8.427e-27,4,6,1265,1175
777.986638,3.704e-28,3,6,1265,1175
778.000929,5.483e-30,3,6,1265,1175
778.008743,2.12e-29,3,6,1265,1175
778.011955,4.18e-29,3,6,1265,1175
778.015416,3.538e-28,3,6,1265,1175
778.024162,2.073e-28,3,6,1265,1175
778.02775,3.389e-27,3,6,1265,1175
778.028562,1.009e-29,3,6,1265,1175
778.033243,3.788e-28,3,6,1265,1175
778.03426,4.578e-30,3,6,1265,1175
778.034952,1.44e-24,4,6,1265,1175
778.042846,5.447e-25,4,7,1265,1175
778.043472,1.036e-30,3,6,1265,1175
778.044988,4.887e-26,4,6,1265,1175
778.04943,5.964e-30,3,6,1265,1175
778.050585,2.071e-29,3,6,1265,1175
778.064678,2.362e-27,3,6,1265,1175
778.071492,3.412e-28,3,6,1265,1175
778.075779,1.64e-29,3,6,1265,1175
778.077549,3.847e-28,3,6,1265,1175
778.09044,2.002e-29,3,6,1265,1175
778.096383,6.455e-30,3,6,1265,1175
778.11944,1.089e-29,3,6,1265,1175
778.119531,3.879e-28,3,6,1265,1175
778.126508,1.913e-29,3,6,1265,1175
778.134104,3.205e-28,3,6,1265,1175
778.141775,6.951e-30,3,6,1265,1175
778.159203,3.88e-28,3,6,1265,1175
778.160099,1.803e-29,3,6,1265,1175
778.163452,3.247e-28,3,6,1265,1175
778.178369,3.247e-27,4,7,1265,1175
778.184145,2.487e-30,3,6,1265,1175
778.185616,7.446e-30,3,6,1265,1175
778.186239,2.057e-29,3,6,1265,1175
778.19028,1.672e-29,3,6,1265,1175
778.196551,3.848e-28,3,6,1265,1175
778.203398,2.938e-28,3,6,1265,1175
778.217689,1.519e-29,3,6,1265,1175
778.221198,5.728e-26,4,6,1265,1175
778.227896,7.933e-30,3,6,1265,1175
778.23158,3.781e-28,3,6,1265,1175
778.232639,4.271e-29,3,6,1265,1175
778.241903,1.346e-29,3,6,1265,1175
778.261893,4.519e-27,4,6,1265,1175
778.263185,1.149e-29,3,6,1265,1175
778.264282,3.677e-28,3,6,1265,1175
778.265159,2.718e-30,3,6,1265,1175
778.267295,3.216e-26,4,6,1265,1175
778.26862,8.407e-30,3,6,1265,1175
778.279531,2.633e-28,3,6,1265,1175
778.281377,9.284e-30,3,6,1265,1175
778.294544,2.57e-29,3,6,1265,1175
778.294659,3.534e-28,3,6,1265,1175
778.296565,6.772e-30,3,6,1265,1175
778.307784,8.858e-30,3,6,1265,1175
778.308705,3.819e-30,3,6,1265,1175
778.321089,1.838e-29,3,6,1265,1175
778.322706,3.351e-28,3,6,1265,1175
778.34539,9.28e-30,3,6,1265,1175
778.348424,3.126e-28,3,6,1265,1175
778.356758,2.699e-24,3,7,1265,1175
778.359903,1.021e-30,3,6,1265,1175
778.362678,2.308e-28,3,6,1265,1175
778.366377,1.707e-28,3,6,1265,1175
778.371808,2.857e-28,3,6,1265,1175
778.378736,1.096e-30,3,6,1265,1175
778.378736,1.608e-29,3,6,1265,1175
778.381435,9.663e-30,3,6,1265,1175
778.382468,3.843e-29,3,6,1265,1175
778.390394,1.072e-28,3,6,1265,1175
778.392859,2.543e-28,3,6,1265,1175
778.401785,3.198e-29,3,6,1265,1175
778.411574,2.181e-28,3,6,1265,1175
778.41592,9.999e-30,3,6,1265,1175
778.427953,1.764e-28,3,6,1265,1175
778.4309,6.494e-30,3,6,1265,1175
778.441994,1.283e-28,3,6,1265,1175
778.448842,1.028e-29,3,6,1265,1175
778.453024,1.982e-28,3,6,1265,1175
778.453696,7.13e-29,3,6,1265,1175
778.480203,1.049e-29,3,6,1265,1175
778.502479,2.283e-29,3,6,1265,1175
778.507,3.964e-29,3,6,1265,1175
778.51,1.064e-29,3,6,1265,1175
778.538234,1.069e-29,3,6,1265,1175
778.550771,1.667e-28,3,6,1265,1175
778.564902,1.066e-29,3,6,1265,1175
778.574465,4.054e-24,3,7,1265,1175
778.580644,8.817e-30,3,6,1265,1175
778.590006,1.053e-29,3,6,1265,1175
778.602593,5.359e-26,4,6,1265,1175
778.611015,4.893e-29,3,6,1265,1175
778.613544,1.029e-29,3,6,1265,1175
778.61452,3.023e-30,3,6,1265,1175
778.623912,4.549e-30,3,6,1265,1175
778.629897,7.244e-30,3,6,1265,1175
778.635516,9.944e-30,3,6,1265,1175
778.642785,1.48e-28,3,6,1265,1175
778.655921,9.474e-30,3,6,1265,1175
778.656132,1.376e-28,3,6,1265,1175
778.672821,9.291e-29,3,6,1265,1175
778.674758,8.879e-30,3,6,1265,1175
778.67491,2.149e-29,3,6,1265,1175
778.692027,8.151e-30,3,6,1265,1175
778.699063,4.025e-30,3,6,1265,1175
778.707728,7.282e-30,3,6,1265,1175
778.713102,6.015e-29,3,6,1265,1175
778.717553,8.657e-26,4,6,1265,1175
778.72186,6.261e-30,3,6,1265,1175
778.734423,5.069e-30,3,6,1265,1175
778.745416,3.676e-30,3,6,1265,1175
778.748435,6.847e-30,3,6,1265,1175
778.75484,2.025e-30,3,6,1265,1175
778.763824,1.361e-24,4,6,1265,1175
778.768744,1.377e-29,3,6,1265,1175
778.769335,1.113e-28,3,6,1265,1175
778.776306,3.553e-27,3,6,1265,1175
778.813878,7.364e-29,3,6,1265,1175
778.842664,2.152e-28,3,6,1265,1175
778.847694,2.196e-27,3,6,1265,1175
778.852817,2.975e-30,3,6,1265,1175
778.863628,1.795e-28,3,6,1265,1175
778.89062,8.841e-29,3,6,1265,1175
778.9128,8.979e-29,3,6,1265,1175
778.933026,2.669e-28,3,6,1265,1175
778.935761,1.12e-30,3,6,1265,1175
778.93912,1.201e-23,3,7,1265,1175
778.976942,7.013e-27,3,6,1265,1175
779.004578,2.463e-29,3,6,1265,1175
779.010326,1.09e-28,3,6,1265,1175
779.020241,6.893e-29,3,6,1265,1175
779.034222,3.763e-26,4,6,1265,1175
779.10605,1.319e-28,3,6,1265,1175
779.106116,1.147e-30,3,6,1265,1175
779.107775,1.308e-30,3,6,1265,1175
779.110259,1.46e-30,3,6,1265,1175
779.113353,1.592e-30,3,6,1265,1175
779.116856,1.694e-30,3,6,1265,1175
779.120584,1.757e-30,3,6,1265,1175
779.124367,1.77e-30,3,6,1265,1175
779.128051,1.727e-30,3,6,1265,1175
779.131499,1.622e-30,3,6,1265,1175
779.134592,1.454e-30,3,6,1265,1175
779.137228,1.227e-30,3,6,1265,1175
779.158465,5.277e-29,3,6,1265,1175
779.197888,2.079e-30,3,6,1265,1175
779.200308,1.588e-28,3,6,1265,1175
779.206736,3.702e-29,3,6,1265,1175
779.270252,2.803e-30,3,6,1265,1175
779.292803,1.905e-28,3,6,1265,1175
779.305573,3.968e-29,3,6,1265,1175
779.310119,2.764e-29,3,6,1265,1175
779.33703,5.516e-29,3,6,1265,1175
779.346742,4.059e-26,4,6,1265,1175
779.376287,6.973e-30,3,6,1265,1175
779.383777,2.275e-28,3,6,1265,1175
779.385312,1.857e-29,3,6,1265,1175
779.393995,7.259e-30,3,6,1265,1175
779.438379,9.892e-29,3,6,1265,1175
779.446036,3.518e-30,3,6,1265,1175
779.461857,2.932e-29,3,6,1265,1175
779.463781,4.945e-30,3,6,1265,1175
779.473013,2.706e-28,3,6,1265,1175
779.493671,1.511e-28,3,6,1265,1175
779.50933,1.279e-24,4,6,1265,1175
779.522066,3.681e-27,3,6,1265,1175
779.528406,3.139e-25,4,7,1265,1175
779.531851,4.613e-30,3,6,1265,1175
779.54484,3.191e-29,3,6,1265,1175
779.545858,2.034e-27,3,6,1265,1175
779.560685,3.205e-28,3,6,1265,1175
779.581934,1.392e-29,3,6,1265,1175
779.591561,3.035e-29,3,6,1265,1175
779.593647,6.088e-27,4,6,1265,1175
779.60129,3.183e-27,4,6,1265,1175
779.627623,2.128e-29,3,6,1265,1175
779.646635,3.78e-28,3,6,1265,1175
779.656511,6.562e-30,3,6,1265,1175
779.659354,2.225e-28,3,6,1265,1175
779.665945,1.921e-24,4,7,1265,1175
779.696211,5.125e-28,3,6,1265,1175
779.713284,1.75e-28,3,6,1265,1175
779.730986,4.44e-28,3,6,1265,1175
779.7482,1.685e-29,3,6,1265,1175
779.799386,4.264e-26,4,6,1265,1175
779.803189,1.518e-29,3,6,1265,1175
779.813219,2.333e-30,3,6,1265,1175
779.813624,5.193e-28,3,6,1265,1175
779.816974,1.191e-30,3,6,1265,1175
779.845885,5.604e-26,4,6,1265,1175
779.848932,3.257e-29,3,6,1265,1175
779.880833,1.909e-27,4,7,1265,1175
779.881881,1.897e-28,3,6,1265,1175
779.894635,6.047e-28,3,6,1265,1175
779.973936,7.012e-28,3,6,1265,1175
779.988886,1.064e-29,3,6,1265,1175
780.022256,5.893e-26,4,6,1265,1175
780.051587,8.096e-28,3,6,1265,1175
780.067812,4.497e-26,4,6,1265,1175
780.069072,1.177e-29,3,6,1265,1175
780.073144,2.571e-29,3,6,1265,1175
780.08226,3.409e-29,3,6,1265,1175
780.083816,2.939e-24,4,7,1265,1175
780.088421,1.159e-29,3,6,1265,1175
780.093707,6.673e-30,3,6,1265,1175
780.099028,3.067e-30,3,6,1265,1175
780.126209,2.578e-30,3,6,1265,1175
780.127529,9.306e-28,3,6,1265,1175
780.143191,9.708e-30,3,6,1265,1175
780.181534,1.165e-30,3,6,1265,1175
780.185056,7.337e-30,3,6,1265,1175
780.2018,1.065e-27,3,6,1265,1175
780.202477,1.038e-28,3,6,1265,1175
780.21855,3.772e-29,3,6,1265,1175
780.232009,1.196e-24,4,6,1265,1175
780.265767,3.771e-27,3,6,1265,1175
780.27436,1.214e-27,3,6,1265,1175
780.291444,1.941e-28,3,6,1265,1175
780.291573,3.473e-29,3,6,1265,1175
780.301809,5.352e-30,3,6,1265,1175
780.32137,3.509e-30,3,6,1265,1175
780.32787,1.91e-30,3,6,1265,1175
780.337393,1.871e-27,3,6,1265,1175
780.345233,1.377e-27,3,6,1265,1175
780.359215,1.376e-30,3,6,1265,1175
780.367817,1.615e-28,3,6,1265,1175
780.391809,6.374e-27,3,6,1265,1175
780.392054,4.972e-30,3,6,1265,1175
780.392867,1.401e-29,3,6,1265,1175
780.41439,1.555e-27,3,6,1265,1175
780.474225,2.29e-28,3,6,1265,1175
780.476895,3.434e-29,3,6,1265,1175
780.481846,1.748e-27,3,6,1265,1175
780.503642,1.178e-23,3,7,1265,1175
780.534859,1.586e-30,3,6,1265,1175
780.54758,1.956e-27,3,6,1265,1175
780.562785,4.713e-26,4,6,1265,1175
780.610247,3.312e-30,3,6,1265,1175
780.6116,2.179e-27,3,6,1265,1175
780.619996,3.243e-30,3,6,1265,1175
780.633034,3.308e-26,4,6,1265,1175
780.638251,3.281e-29,3,6,1265,1175
780.673892,2.417e-27,3,6,1265,1175
780.70782,1.784e-30,3,6,1265,1175
780.718633,1.262e-30,3,6,1265,1175
780.734459,2.667e-27,3,6,1265,1175
780.753181,2.367e-30,3,6,1265,1175
780.757236,5.137e-30,3,6,1265,1175
780.775662,3.008e-29,3,6,1265,1175
780.79329,2.929e-27,3,6,1265,1175
780.80929,7.704e-30,3,6,1265,1175
780.840013,2.17e-30,3,6,1265,1175
780.840545,6.345e-30,3,6,1265,1175
780.850387,3.202e-27,3,6,1265,1175
780.851705,2.657e-30,3,6,1265,1175
780.877479,1.957e-30,3,6,1265,1175
780.885091,9.059e-29,3,6,1265,1175
780.889146,2.618e-29,3,6,1265,1175
780.905741,3.483e-27,3,6,1265,1175
780.935227,2.206e-27,4,6,1265,1175
780.959351,3.769e-27,3,6,1265,1175
780.96509,1.075e-28,3,6,1265,1175
780.96639,1.345e-24,4,7,1265,1175
780.97719,1.112e-24,4,6,1265,1175
780.978721,2.119e-29,3,6,1265,1175
780.982672,1.223e-29,3,6,1265,1175
781.006455,3.826e-27,3,6,1265,1175
781.011211,4.058e-27,3,6,1265,1175
781.016178,1.78e-25,4,7,1265,1175
781.020321,1.716e-27,3,6,1265,1175
781.034452,1.833e-28,3,6,1265,1175
781.043239,2.09e-30,3,6,1265,1175
781.043495,2.81e-28,3,6,1265,1175
781.044398,1.53e-29,3,6,1265,1175
781.046891,3.168e-29,3,6,1265,1175
781.061319,4.347e-27,3,6,1265,1175
781.077512,2.393e-29,3,6,1265,1175
781.081741,1.398e-30,3,6,1265,1175
781.086188,8.73e-30,3,6,1265,1175
781.109671,4.631e-27,3,6,1265,1175
781.13799,5.769e-30,3,6,1265,1175
781.156262,4.907e-27,3,6,1265,1175
781.200106,3.89e-30,3,6,1265,1175
781.20109,5.17e-27,3,6,1265,1175
781.201539,1.405e-29,3,6,1265,1175
781.204346,1.127e-29,3,6,1265,1175
781.204533,2.172e-30,3,6,1265,1175
781.207674,4.323e-27,4,6,1265,1175
781.23383,7.957e-28,3,6,1265,1175
781.244152,5.416e-27,3,6,1265,1175
781.285443,5.639e-27,3,6,1265,1175
781.287275,2.348e-28,3,6,1265,1175
781.319691,3.947e-26,4,6,1265,1175
781.324419,5.105e-26,4,6,1265,1175
781.324962,5.835e-27,3,6,1265,1175
781.360824,2.193e-30,3,6,1265,1175
781.362704,5.998e-27,3,6,1265,1175
781.389319,2.013e-28,3,6,1265,1175
781.398668,6.123e-27,3,6,1265,1175
781.43072,2.095e-30,3,6,1265,1175
781.432851,6.205e-27,3,6,1265,1175
781.462603,5.274e-26,4,6,1265,1175
781.465249,6.239e-27,3,6,1265,1175
781.491561,2.296e-30,3,6,1265,1175
781.495862,6.22e-27,3,6,1265,1175
781.511601,2.149e-30,3,6,1265,1175
781.524685,6.143e-27,3,6,1265,1175
781.527231,3.702e-26,4,6,1265,1175
781.548699,6.002e-30,3,6,1265,1175
781.551718,6.005e-27,3,6,1265,1175
781.55804,1.934e-28,3,6,1265,1175
781.576957,5.8e-27,3,6,1265,1175
781.59194,2.094e-24,4,7,1265,1175
781.592739,1.104e-27,4,7,1265,1175
781.600402,5.526e-27,3,6,1265,1175
781.601122,1.497e-29,3,6,1265,1175
781.604602,1.318e-30,3,6,1265,1175
781.622051,5.179e-27,3,6,1265,1175
781.635314,2.154e-30,3,6,1265,1175
781.641901,4.754e-27,3,6,1265,1175
781.656387,2.039e-30,3,6,1265,1175
781.659951,4.247e-27,3,6,1265,1175
781.6762,3.651e-27,3,6,1265,1175
781.690647,2.956e-27,3,6,1265,1175
781.693029,1.029e-24,4,6,1265,1175
781.699449,2.013e-28,3,6,1265,1175
781.703291,2.144e-27,3,6,1265,1175
781.71413,1.181e-27,3,6,1265,1175
781.726233,1.102e-28,3,6,1265,1175
781.745343,3.846e-27,3,6,1265,1175
781.75043,1.585e-29,3,6,1265,1175
781.765941,8.473e-30,3,6,1265,1175
781.794643,5.67e-27,3,6,1265,1175
781.794733,1.87e-30,3,6,1265,1175
781.802486,1.207e-30,3,6,1265,1175
781.822683,1.562e-27,3,6,1265,1175
781.854257,1.427e-29,3,6,1265,1175
781.903891,2.646e-26,4,6,1265,1175
781.926221,1.653e-30,3,6,1265,1175
781.972318,6.191e-30,3,6,1265,1175
782.007944,1.407e-29,3,6,1265,1175
782.048056,4.976e-30,3,6,1265,1175
782.050462,1.404e-30,3,6,1265,1175
782.068069,1.111e-23,3,7,1265,1175
782.079799,1.72e-28,3,6,1265,1175
782.084284,5.435e-26,4,6,1265,1175
782.097299,1.266e-29,3,6,1265,1175
782.098496,2.399e-28,3,6,1265,1175
782.11898,3.576e-30,3,6,1265,1175
782.167097,1.142e-30,3,6,1265,1175
782.206214,8.731e-30,3,6,1265,1175
782.211543,1.307e-30,3,6,1265,1175
782.223107,3.25e-29,3,6,1265,1175
782.22828,1.96e-30,3,6,1265,1175
782.251369,1.972e-30,3,6,1265,1175
782.258256,9.27e-25,4,7,1265,1175
782.264094,1.504e-27,4,6,1265,1175
782.297157,5.642e-30,3,6,1265,1175
782.375535,8.03e-30,3,6,1265,1175
782.381089,4.44e-28,3,6,1265,1175
782.432022,1.231e-28,3,6,1265,1175
782.438581,9.473e-25,4,6,1265,1175
782.480905,3.834e-27,3,6,1265,1175
782.48586,1.117e-28,3,6,1265,1175
782.487857,1.419e-27,3,6,1265,1175
782.488511,1.003e-30,3,6,1265,1175
782.50653,9.935e-26,4,7,1265,1175
782.516095,1.372e-30,3,6,1265,1175
782.610092,2.601e-26,4,6,1265,1175
782.610164,1.764e-29,3,6,1265,1175
782.662051,1.77e-30,3,6,1265,1175
782.694251,1.034e-30,3,6,1265,1175
782.750896,2.268e-30,3,6,1265,1175
782.775958,1.215e-27,3,6,1265,1175
782.804788,6.616e-30,3,6,1265,1175
782.812078,1.406e-29,3,6,1265,1175
782.824953,3.018e-27,4,6,1265,1175
782.842384,5.703e-26,4,6,1265,1175
782.876612,1.69e-30,3,6,1265,1175
782.877864,1.035e-30,3,6,1265,1175
782.888676,2.056e-28,3,6,1265,1175
782.898923,2.649e-29,3,6,1265,1175
782.907884,2.442e-28,3,6,1265,1175
782.979342,2.143e-30,3,6,1265,1175
782.980927,2.99e-26,4,6,1265,1175
782.994745,5.278e-30,3,6,1265,1175
783.031111,6.698e-30,3,6,1265,1175
783.036792,1.779e-30,3,6,1265,1175
783.039311,1.003e-30,3,6,1265,1175
783.071216,4.727e-26,4,6,1265,1175
783.087554,2.015e-28,3,6,1265,1175
783.098982,1.467e-24,4,7,1265,1175
783.116712,1.017e-30,3,6,1265,1175
783.118406,1.898e-29,3,6,1265,1175
783.141984,1.765e-30,3,6,1265,1175
783.146833,8.677e-25,4,6,1265,1175
783.148162,1.975e-29,3,6,1265,1175
783.152956,1.234e-28,3,6,1265,1175
783.159346,2.078e-26,4,6,1265,1175
783.185394,4.941e-27,3,6,1265,1175
783.198478,1.055e-30,3,6,1265,1175
783.215037,3.792e-27,3,6,1265,1175
783.244022,1.122e-28,3,6,1265,1175
783.271107,1.065e-30,3,6,1265,1175
783.303665,1.279e-27,3,6,1265,1175
783.314576,6.275e-28,4,7,1265,1175
783.334837,1.044e-30,3,6,1265,1175
783.395705,2.046e-29,3,6,1265,1175
783.406314,1.407e-30,3,6,1265,1175
783.414168,8.826e-30,3,6,1265,1175
783.419167,6.132e-30,3,6,1265,1175
783.469506,5.992e-30,3,6,1265,1175
783.479951,2.448e-30,3,6,1265,1175
783.482035,7.512e-30,3,6,1265,1175
783.541719,6.284e-25,4,7,1265,1175
783.563696,2.063e-29,3,6,1265,1175
783.58831,1.009e-27,4,6,1265,1175
783.593825,2.429e-28,3,6,1265,1175
783.598709,5.908e-26,4,6,1265,1175
783.613936,1.408e-29,3,6,1265,1175
783.632296,9.977e-24,3,7,1265,1175
783.635393,7.041e-30,3,6,1265,1175
783.645137,1.439e-30,3,6,1265,1175
783.695053,1.592e-30,3,6,1265,1175
783.715434,2.479e-28,3,6,1265,1175
783.726116,6.906e-28,3,6,1265,1175
783.744029,3e-30,3,6,1265,1175
783.746197,4.909e-30,3,6,1265,1175
783.778475,1.785e-28,3,6,1265,1175
783.893557,7.905e-25,4,6,1265,1175
783.893705,1.686e-26,4,6,1265,1175
783.918429,3.318e-29,3,6,1265,1175
783.945402,3.723e-27,3,6,1265,1175
783.948237,1.151e-27,3,6,1265,1175
783.977829,1.513e-28,3,6,1265,1175
783.999844,5.456e-26,4,7,1265,1175
784.000629,1.117e-28,3,6,1265,1175
784.142997,1.277e-29,3,6,1265,1175
784.209968,5.24e-30,3,6,1265,1175
784.246323,2.734e-29,3,6,1265,1175
784.254127,1.223e-30,3,6,1265,1175
784.309579,1.301e-30,3,6,1265,1175
784.322256,1.825e-27,3,6,1265,1175
784.328163,1.44e-30,3,6,1265,1175
784.342007,1.332e-30,3,6,1265,1175
784.353271,6.05e-26,4,6,1265,1175
784.379941,2.033e-28,3,6,1265,1175
784.399443,1.604e-26,4,6,1265,1175
784.413513,1.419e-29,3,6,1265,1175
784.428983,2.371e-26,4,6,1265,1175
784.431702,4.544e-30,3,6,1265,1175
784.445654,2.071e-27,4,6,1265,1175
784.455662,1.955e-28,3,6,1265,1175
784.464128,7.461e-30,3,6,1265,1175
784.505759,3.844e-30,3,6,1265,1175
784.521142,2.511e-28,3,6,1265,1175
784.56401,4.222e-27,3,6,1265,1175
784.593366,7.171e-25,4,6,1265,1175
784.605096,1.011e-24,4,7,1265,1175
784.621901,4.238e-30,3,6,1265,1175
784.631547,1.395e-30,3,6,1265,1175
784.639943,2.362e-29,3,6,1265,1175
784.646379,1.419e-30,3,6,1265,1175
784.671601,3.968e-26,4,6,1265,1175
784.674854,3.629e-27,3,6,1265,1175
784.686335,4.724e-29,3,6,1265,1175
784.704334,3.252e-29,3,6,1265,1175
784.713823,2.119e-30,3,6,1265,1175
784.755792,1.103e-28,3,6,1265,1175
784.762911,2.164e-29,3,6,1265,1175
784.780449,1.028e-27,3,6,1265,1175
784.816968,4.192e-25,4,7,1265,1175
784.840897,1.649e-30,3,6,1265,1175
784.858886,3.877e-30,3,6,1265,1175
784.90832,6.666e-28,4,6,1265,1175
784.921885,1.116e-29,3,6,1265,1175
785.033124,1.032e-30,3,6,1265,1175
785.04684,3.508e-28,4,7,1265,1175
785.064221,4.313e-30,3,6,1265,1175
785.078615,1.057e-27,3,6,1265,1175
785.086386,3.308e-30,3,6,1265,1175
785.10605,6.133e-26,4,6,1265,1175
785.152981,1.269e-30,3,6,1265,1175
785.170795,1.076e-26,4,6,1265,1175
785.179939,4.165e-30,3,6,1265,1175
785.187746,4.182e-30,3,6,1265,1175
785.196229,8.388e-24,3,7,1265,1175
785.222069,1.453e-30,3,6,1265,1175
785.264261,4.652e-30,3,6,1265,1175
785.271124,2.933e-29,3,6,1265,1175
785.288617,8.149e-29,3,6,1265,1175
785.290987,7.873e-30,3,6,1265,1175
785.325002,2.541e-28,3,6,1265,1175
785.34218,6.469e-25,4,6,1265,1175
785.399935,3.515e-27,3,6,1265,1175
785.40122,9.165e-28,3,6,1265,1175
785.451876,6.126e-29,3,6,1265,1175
785.45887,5.066e-30,3,6,1265,1175
785.463608,1.8e-28,3,6,1265,1175
785.496514,2.949e-26,4,7,1265,1175
785.509348,1.081e-28,3,6,1265,1175
785.522529,1.741e-28,3,6,1265,1175
785.60144,2.995e-28,3,6,1265,1175
785.624234,1.216e-26,4,6,1265,1175
785.676226,9.094e-30,3,6,1265,1175
785.747797,8.491e-30,3,6,1265,1175
785.79074,1.167e-30,3,6,1265,1175
785.80367,1.845e-28,3,6,1265,1175
785.807149,1.106e-30,3,6,1265,1175
785.814817,2.882e-30,3,6,1265,1175
785.830474,7.613e-30,3,6,1265,1175
785.857073,6.159e-26,4,6,1265,1175
785.859417,3.833e-30,3,6,1265,1175
785.863104,1.953e-28,3,6,1265,1175
785.871489,1.846e-26,4,6,1265,1175
785.872392,2.696e-27,3,6,1265,1175
785.913041,1.294e-30,3,6,1265,1175
785.930443,3.538e-27,3,6,1265,1175
786.016794,1.506e-30,3,6,1265,1175
786.01996,5.409e-30,3,6,1265,1175
786.023018,5.086e-29,3,6,1265,1175
786.032569,5.813e-25,4,6,1265,1175
786.069952,1.398e-27,4,6,1265,1175
786.084203,2.752e-25,4,7,1265,1175
786.11044,6.849e-25,4,7,1265,1175
786.115965,8.273e-30,3,6,1265,1175
786.118371,1.746e-30,3,6,1265,1175
786.124804,3.381e-27,3,6,1265,1175
786.127011,2.574e-28,3,6,1265,1175
786.148677,1.12e-30,3,6,1265,1175
786.154852,1.464e-30,3,6,1265,1175
786.165421,2.884e-29,3,6,1265,1175
786.200419,1.122e-29,3,6,1265,1175
786.202587,1.092e-30,3,6,1265,1175
786.21505,7.479e-29,3,6,1265,1175
786.217791,2.016e-30,3,6,1265,1175
786.224598,4.332e-28,4,6,1265,1175
786.253154,8.106e-28,3,6,1265,1175
786.261509,1.053e-28,3,6,1265,1175
786.263652,3.014e-26,4,6,1265,1175
786.288211,2.246e-29,3,6,1265,1175
786.315028,2.317e-30,3,6,1265,1175
786.367546,1.63e-29,3,6,1265,1175
786.410093,2.651e-30,3,6,1265,1175
786.428502,1.091e-28,3,6,1265,1175
786.438615,1.591e-27,3,6,1265,1175
786.441642,6.755e-27,4,6,1265,1175
786.502967,3.02e-30,3,6,1265,1175
786.561932,1.527e-30,3,6,1265,1175
786.567953,1.623e-29,3,6,1265,1175
786.593655,3.426e-30,3,6,1265,1175
786.606302,6.132e-26,4,6,1265,1175
786.621891,3.492e-30,3,6,1265,1175
786.638934,1.729e-29,3,6,1265,1175
786.668251,2.146e-30,3,6,1265,1175
786.682144,3.869e-30,3,6,1265,1175
786.700468,1.762e-30,3,6,1265,1175
786.759788,6.378e-24,3,7,1265,1175
786.768434,4.349e-30,3,6,1265,1175
786.772208,6.101e-30,3,6,1265,1175
786.784516,5.195e-25,4,6,1265,1175
786.790037,1.929e-28,4,7,1265,1175
786.833782,9.059e-27,4,6,1265,1175
786.84449,3.234e-27,3,6,1265,1175
786.846548,7.164e-28,3,6,1265,1175
786.852515,4.866e-30,3,6,1265,1175
786.897415,2.845e-30,3,6,1265,1175
786.927163,2.617e-28,3,6,1265,1175
786.932347,2.301e-29,3,6,1265,1175
786.934388,5.42e-30,3,6,1265,1175
786.939057,8.659e-30,3,6,1265,1175
786.975855,8.75e-29,3,6,1265,1175
786.976166,4.1e-29,3,6,1265,1175
786.99695,1.568e-26,4,7,1265,1175
786.998347,1.929e-30,3,6,1265,1175
787.011982,1.017e-28,3,6,1265,1175
787.014042,6.01e-30,3,6,1265,1175
787.051828,1.455e-30,3,6,1265,1175
787.066152,1.909e-28,3,6,1265,1175
787.091477,6.631e-30,3,6,1265,1175
787.131472,1.698e-28,3,6,1265,1175
787.134983,1.757e-28,3,6,1265,1175
787.166685,7.283e-30,3,6,1265,1175
787.203342,2.75e-28,3,6,1265,1175
787.210071,6.365e-30,3,6,1265,1175
787.239663,7.959e-30,3,6,1265,1175
787.275478,1.138e-29,3,6,1265,1175
787.277721,3.17e-30,3,6,1265,1175
787.284644,2.91e-27,3,6,1265,1175
787.2929,3.198e-29,3,6,1265,1175
787.308543,1.412e-26,4,6,1265,1175
787.310407,8.656e-30,3,6,1265,1175
787.331522,1.877e-30,3,6,1265,1175
787.33816,1.828e-28,3,6,1265,1175
787.343643,1.778e-25,4,7,1265,1175
787.351586,7.823e-29,3,6,1265,1175
787.353784,6.055e-26,4,6,1265,1175
787.378912,9.367e-30,3,6,1265,1175
787.426048,3.915e-27,3,6,1265,1175
787.441511,5.278e-29,3,6,1265,1175
787.445173,1.008e-29,3,6,1265,1175
787.464379,4.625e-25,4,6,1265,1175
787.509188,1.08e-29,3,6,1265,1175
787.521942,6.721e-30,3,6,1265,1175
787.537648,2.772e-28,4,6,1265,1175
787.564902,3.074e-27,3,6,1265,1175
787.570951,1.151e-29,3,6,1265,1175
787.581276,3.623e-28,3,6,1265,1175
787.615181,4.564e-25,4,7,1265,1175
787.63046,1.219e-29,3,6,1265,1175
787.648935,4.358e-29,3,6,1265,1175
787.687709,1.284e-29,3,6,1265,1175
787.694537,3.453e-29,3,6,1265,1175
787.698028,9.273e-28,4,6,1265,1175
787.706546,4.174e-27,4,6,1265,1175
787.721909,6.277e-28,3,6,1265,1175
787.73429,9.915e-29,3,6,1265,1175
787.742697,1.345e-29,3,6,1265,1175
787.760256,9.026e-30,3,6,1265,1175
787.761148,9.772e-29,3,6,1265,1175
787.79542,1.401e-29,3,6,1265,1175
787.806136,2.357e-27,3,6,1265,1175
787.818949,2.343e-29,3,6,1265,1175
787.845874,1.449e-29,3,6,1265,1175
787.84728,1.894e-26,4,6,1265,1175
787.894056,1.489e-29,3,6,1265,1175
787.939963,1.52e-29,3,6,1265,1175
787.976353,4.698e-28,3,6,1265,1175
787.983593,1.541e-29,3,6,1265,1175
787.996183,1.444e-30,3,6,1265,1175
787.999803,5.819e-29,3,6,1265,1175
788.024942,1.549e-29,3,6,1265,1175
788.028163,6.635e-27,4,6,1265,1175
788.048731,2.859e-30,3,6,1265,1175
788.064009,1.544e-29,3,6,1265,1175
788.099459,5.934e-26,4,6,1265,1175
788.099506,2.207e-30,3,6,1265,1175
788.10079,1.525e-29,3,6,1265,1175
788.135283,1.491e-29,3,6,1265,1175
788.167487,1.44e-29,3,6,1265,1175
788.172955,1.27e-30,3,6,1265,1175
788.196607,1.205e-30,3,6,1265,1175
788.197399,1.372e-29,3,6,1265,1175
788.220636,4.094e-25,4,6,1265,1175
788.225017,1.285e-29,3,6,1265,1175
788.250339,1.18e-29,3,6,1265,1175
788.267837,7.262e-30,3,6,1265,1175
788.273365,1.054e-29,3,6,1265,1175
788.279055,2.906e-27,3,6,1265,1175
788.283951,5.501e-28,3,6,1265,1175
788.294092,9.062e-30,3,6,1265,1175
788.307224,1.494e-30,3,6,1265,1175
788.31252,7.336e-30,3,6,1265,1175
788.322904,4.012e-24,3,7,1265,1175
788.328647,5.32e-30,3,6,1265,1175
788.342471,2.931e-30,3,6,1265,1175
788.344881,7.613e-29,3,6,1265,1175
788.348783,1.804e-29,3,6,1265,1175
788.389556,1.043e-30,3,6,1265,1175
788.416144,1.844e-30,3,6,1265,1175
788.438958,1.526e-28,3,6,1265,1175
788.490351,1.096e-28,3,6,1265,1175
788.501575,8.206e-27,4,7,1265,1175
788.508501,9.326e-29,3,6,1265,1175
788.523377,2.268e-30,3,6,1265,1175
788.527075,1.351e-29,3,6,1265,1175
788.544679,1.043e-28,4,7,1265,1175
788.579559,9.373e-30,3,6,1265,1175
788.595517,1.131e-25,4,7,1265,1175
788.608742,2.012e-28,3,6,1265,1175
788.622114,1.911e-30,3,6,1265,1175
788.626569,2.35e-27,3,6,1265,1175
788.628904,2.778e-30,3,6,1265,1175
788.678465,5.634e-29,3,6,1265,1175
788.68357,9.754e-29,3,6,1265,1175
788.686434,2.571e-30,3,6,1265,1175
788.689873,1.183e-28,3,6,1265,1175
788.732731,3.389e-30,3,6,1265,1175
788.740251,1.061e-26,4,6,1265,1175
788.744767,4.38e-30,3,6,1265,1175
788.747534,6.768e-28,3,6,1265,1175
788.792403,1.65e-28,3,6,1265,1175
788.792941,1.381e-29,3,6,1265,1175
788.805104,1.671e-28,3,6,1265,1175
788.834844,4.117e-30,3,6,1265,1175
788.843404,5.774e-26,4,6,1265,1175
788.848002,1.745e-28,4,6,1265,1175
788.865882,2.51e-30,3,6,1265,1175
788.888728,3.613e-25,4,6,1265,1175
788.895556,1.414e-30,3,6,1265,1175
788.935244,4.981e-30,3,6,1265,1175
788.965824,2.538e-27,4,6,1265,1175
788.982912,5.59e-27,3,6,1265,1175
788.995165,2.73e-27,3,6,1265,1175
789.011706,7.721e-30,3,6,1265,1175
789.0153,1.223e-28,3,6,1265,1175
789.033922,6.001e-30,3,6,1265,1175
789.119491,2.991e-25,4,7,1265,1175
789.130876,7.2e-30,3,6,1265,1175
789.181187,3.435e-27,3,6,1265,1175
789.18685,4.775e-28,3,6,1265,1175
789.207462,4.778e-27,4,6,1265,1175
789.226098,8.603e-30,3,6,1265,1175
789.227004,4.052e-29,3,6,1265,1175
789.24404,1.187e-28,3,6,1265,1175
789.254691,8.847e-29,3,6,1265,1175
789.276014,3.311e-29,3,6,1265,1175
789.319585,1.024e-29,3,6,1265,1175
789.330069,6.051e-28,4,6,1265,1175
789.339525,1.501e-28,3,6,1265,1175
789.396959,9.696e-30,3,6,1265,1175
789.41133,1.213e-29,3,6,1265,1175
789.422413,6.514e-27,4,6,1265,1175
789.468374,2.297e-30,3,6,1265,1175
789.50133,1.431e-29,3,6,1265,1175
789.516883,8.852e-28,3,6,1265,1175
789.533698,4.297e-28,3,6,1265,1175
789.585518,5.579e-26,4,6,1265,1175
789.589578,1.681e-29,3,6,1265,1175
789.611709,3.355e-29,3,6,1265,1175
789.630646,2.781e-30,3,6,1265,1175
789.650621,3.169e-25,4,6,1265,1175
789.655723,1.802e-28,3,6,1265,1175
789.676071,1.966e-29,3,6,1265,1175
789.703618,2.553e-27,3,6,1265,1175
789.71314,4.149e-28,3,6,1265,1175
789.726018,1.342e-28,3,6,1265,1175
789.751117,8.094e-30,3,6,1265,1175
789.760803,2.29e-29,3,6,1265,1175
789.762225,1.004e-30,3,6,1265,1175
789.840074,7.081e-26,4,7,1265,1175
789.84377,2.656e-29,3,6,1265,1175
789.852176,1.384e-30,3,6,1265,1175
789.885519,1.381e-24,3,7,1265,1175
789.924967,3.067e-29,3,6,1265,1175
789.956174,1.864e-27,3,6,1265,1175
789.9634,2.115e-28,3,6,1265,1175
789.995351,1.263e-28,3,6,1265,1175
789.998882,8.343e-29,3,6,1265,1175
790.004389,3.526e-29,3,6,1265,1175
790.010826,4.226e-27,4,7,1265,1175
790.037713,1.76e-28,3,6,1265,1175
790.082031,4.036e-29,3,6,1265,1175
790.085357,2.047e-30,3,6,1265,1175
790.150353,2.051e-28,3,6,1265,1175
790.156227,1.082e-28,4,6,1265,1175
790.15789,4.6e-29,3,6,1265,1175
790.166725,7.84e-27,4,6,1265,1175
790.212452,9.996e-30,3,6,1265,1175
790.219814,1.519e-27,4,6,1265,1175
790.23196,5.218e-29,3,6,1265,1175
790.262083,2.425e-28,3,6,1265,1175
790.263937,1.492e-28,3,6,1265,1175
790.280556,2.964e-30,3,6,1265,1175
790.284397,1.087e-27,3,6,1265,1175
790.300108,1.569e-29,3,6,1265,1175
790.304237,5.893e-29,3,6,1265,1175
790.30554,2.772e-25,4,6,1265,1175
790.31128,5.548e-29,4,7,1265,1175
790.325932,5.356e-26,4,6,1265,1175
790.354219,1.262e-30,3,6,1265,1175
790.371781,3.384e-27,4,6,1265,1175
790.374718,6.626e-29,3,6,1265,1175
790.377674,7.608e-29,3,6,1265,1175
790.393797,3.017e-30,3,6,1265,1175
790.415617,2.373e-27,3,6,1265,1175
790.427415,1.034e-29,3,6,1265,1175
790.428051,1.417e-29,3,6,1265,1175
790.435692,1.476e-28,3,6,1265,1175
790.443397,7.415e-29,3,6,1265,1175
790.489258,8.382e-30,3,6,1265,1175
790.510271,8.259e-29,3,6,1265,1175
790.542686,7.846e-27,3,6,1265,1175
790.551326,2.713e-28,3,6,1265,1175
790.56377,4.922e-27,3,6,1265,1175
790.575336,9.156e-29,3,6,1265,1175
790.623552,1.929e-25,4,7,1265,1175
790.638587,1.01e-28,3,6,1265,1175
790.648124,3.568e-28,3,6,1265,1175
790.700022,1.109e-28,3,6,1265,1175
790.738652,4.6e-29,3,6,1265,1175
790.742127,7.824e-29,3,6,1265,1175
790.744289,1.325e-28,3,6,1265,1175
790.753219,1.336e-30,3,6,1265,1175
790.759635,1.212e-28,3,6,1265,1175
790.762552,4.657e-29,3,6,1265,1175
790.817424,1.318e-28,3,6,1265,1175
790.830703,2.961e-28,3,6,1265,1175
790.873385,1.425e-28,3,6,1265,1175
790.880935,1.812e-30,3,6,1265,1175
790.927515,1.534e-28,3,6,1265,1175
790.966268,3.883e-28,4,6,1265,1175
790.97981,1.642e-28,3,6,1265,1175
790.989387,3.272e-26,4,6,1265,1175
790.990313,5.73e-26,4,6,1265,1175
790.991802,7.926e-26,4,6,1265,1175
790.992537,1.154e-28,3,6,1265,1175
790.9939,9.771e-26,4,6,1265,1175
790.996666,1.12e-25,4,6,1265,1175
791.000179,1.218e-25,4,6,1265,1175
791.004534,1.271e-25,4,6,1265,1175
791.009838,1.28e-25,4,6,1265,1175
791.016219,1.25e-25,4,6,1265,1175
791.023819,1.188e-25,4,6,1265,1175
791.026033,1.027e-29,3,6,1265,1175
791.030266,1.748e-28,3,6,1265,1175
791.032794,1.101e-25,4,6,1265,1175
791.04332,9.969e-26,4,6,1265,1175
791.050075,1.278e-27,3,6,1265,1175
791.055583,8.822e-26,4,6,1265,1175
791.064478,5.11e-26,4,6,1265,1175
791.06979,7.642e-26,4,6,1265,1175
791.074556,2.409e-25,4,6,1265,1175
791.077578,4.364e-26,4,7,1265,1175
791.078881,1.85e-28,3,6,1265,1175
791.08616,6.485e-26,4,6,1265,1175
791.099813,3.15e-28,3,6,1265,1175
791.104928,5.393e-26,4,6,1265,1175
791.118164,2.195e-27,3,6,1265,1175
791.125652,1.947e-28,3,6,1265,1175
791.126344,4.399e-26,4,6,1265,1175
791.133816,3.076e-28,3,6,1265,1175
791.150672,3.52e-26,4,6,1265,1175
791.15533,3.216e-30,3,6,1265,1175
791.170576,2.037e-28,3,6,1265,1175
791.178191,2.764e-26,4,6,1265,1175
791.209196,2.131e-26,4,6,1265,1175
791.213649,2.117e-28,3,6,1265,1175
791.222016,8.585e-30,3,6,1265,1175
791.24198,1.026e-30,3,6,1265,1175
791.243995,1.614e-26,4,6,1265,1175
791.25487,2.187e-28,3,6,1265,1175
791.27342,1.452e-27,3,6,1265,1175
791.282909,1.2e-26,4,6,1265,1175
791.294235,2.243e-28,3,6,1265,1175
791.326274,8.768e-27,4,6,1265,1175
791.331742,2.284e-28,3,6,1265,1175
791.358277,3.261e-28,3,6,1265,1175
791.367388,2.307e-28,3,6,1265,1175
791.37444,6.295e-27,4,6,1265,1175
791.394945,2.574e-28,3,6,1265,1175
791.401172,2.31e-28,3,6,1265,1175
791.416657,1.17e-30,3,6,1265,1175
791.42777,4.441e-27,4,6,1265,1175
791.433092,2.292e-28,3,6,1265,1175
791.4527,6.938e-24,3,7,1265,1175
791.459046,4.996e-28,3,6,1265,1175
791.462919,6.599e-29,4,6,1265,1175
791.463144,2.251e-28,3,6,1265,1175
791.464638,1.215e-23,3,7,1265,1175
791.468872,8.948e-28,4,6,1265,1175
791.474277,1.6e-30,3,6,1265,1175
791.476342,1.096e-30,3,6,1265,1175
791.483104,7.296e-29,3,6,1265,1175
791.483427,1.68e-23,3,7,1265,1175
791.48664,3.08e-27,4,6,1265,1175
791.490844,1.373e-28,3,6,1265,1175
791.491327,2.184e-28,3,6,1265,1175
791.509103,2.071e-23,3,7,1265,1175
791.51764,2.09e-28,3,6,1265,1175
791.521233,2.357e-27,4,6,1265,1175
791.525152,2.142e-27,4,7,1265,1175
791.54172,2.374e-23,3,7,1265,1175
791.542081,1.966e-28,3,6,1265,1175
791.55144,2.099e-27,4,6,1265,1175
791.564647,1.811e-28,3,6,1265,1175
791.581342,2.581e-23,3,7,1265,1175
791.585339,1.623e-28,3,6,1265,1175
791.588087,5.692e-27,4,6,1265,1175
791.604153,1.398e-28,3,6,1265,1175
791.605739,3.281e-28,3,6,1265,1175
791.62109,1.133e-28,3,6,1265,1175
791.622573,1.407e-27,4,6,1265,1175
791.628048,2.692e-23,3,7,1265,1175
791.636147,8.203e-29,3,6,1265,1175
791.649324,4.493e-29,3,6,1265,1175
791.681932,2.711e-23,3,7,1265,1175
791.691056,2.032e-28,3,6,1265,1175
791.700453,9.27e-28,4,6,1265,1175
791.714662,1.305e-28,3,6,1265,1175
791.714737,2.089e-25,4,6,1265,1175
791.722852,1.29e-30,3,6,1265,1175
791.743099,2.648e-23,3,7,1265,1175
791.769067,1.328e-26,4,6,1265,1175
791.785509,6.006e-28,4,6,1265,1175
791.796891,1.697e-29,3,6,1265,1175
791.799277,2.092e-29,3,6,1265,1175
791.801369,4.845e-26,4,6,1265,1175
791.81167,2.516e-23,3,7,1265,1175
791.813914,1.453e-27,3,6,1265,1175
791.81769,1.972e-30,3,6,1265,1175
791.826284,2.019e-27,3,6,1265,1175
791.837697,1.053e-29,3,6,1265,1175
791.841862,3.205e-28,3,6,1265,1175
791.878183,3.827e-28,4,6,1265,1175
791.887778,2.331e-23,3,7,1265,1175
791.915244,3.376e-30,3,6,1265,1175
791.953877,6.937e-27,3,6,1265,1175
791.954608,8.707e-30,3,6,1265,1175
791.971569,2.109e-23,3,7,1265,1175
791.978926,2.398e-28,4,6,1265,1175
792.063205,1.866e-23,3,7,1265,1175
792.064696,1.237e-28,3,6,1265,1175
792.06633,3.033e-28,3,6,1265,1175
792.073462,1.01e-28,3,6,1265,1175
792.088206,1.478e-28,4,6,1265,1175
792.090359,2.902e-29,4,7,1265,1175
792.105081,1.083e-26,3,6,1265,1175
792.105887,2.621e-28,3,6,1265,1175
792.12755,1.223e-25,4,7,1265,1175
792.162858,1.615e-23,3,7,1265,1175
792.206499,8.957e-29,4,6,1265,1175
792.206767,6.284e-29,3,6,1265,1175
792.223451,6.767e-29,3,6,1265,1175
792.228407,2.815e-24,3,7,1265,1175
792.235026,1.406e-28,3,6,1265,1175
792.238402,9.726e-29,3,6,1265,1175
792.26601,1.133e-30,3,6,1265,1175
792.270714,1.37e-23,3,7,1265,1175
792.27885,2.775e-28,3,6,1265,1175
792.286541,1.403e-30,3,6,1265,1175
792.300923,5.237e-29,3,6,1265,1175
792.308307,2.648e-26,4,7,1265,1175
792.334298,5.34e-29,4,6,1265,1175
792.340039,7.743e-30,3,6,1265,1175
792.386974,1.139e-23,3,7,1265,1175
792.472105,3.132e-29,4,6,1265,1175
792.479147,2.448e-28,3,6,1265,1175
792.492531,1.8e-25,4,6,1265,1175
792.51185,9.283e-24,3,7,1265,1175
792.522678,1.849e-27,3,6,1265,1175
792.526027,1.089e-29,3,6,1265,1175
792.53634,4.568e-26,4,6,1265,1175
792.545663,2.241e-28,3,6,1265,1175
792.575914,1.609e-27,3,6,1265,1175
792.578272,1.112e-27,3,6,1265,1175
792.606824,2.451e-28,4,6,1265,1175
792.620435,1.807e-29,3,6,1265,1175
792.624786,1.229e-30,3,6,1265,1175
792.645567,7.424e-24,3,7,1265,1175
792.647439,1.077e-29,3,6,1265,1175
792.65595,1.615e-27,4,6,1265,1175
792.666965,2.075e-28,3,6,1265,1175
792.673535,3.497e-30,3,6,1265,1175
792.680501,8.75e-30,3,6,1265,1175
792.71265,1.019e-30,3,6,1265,1175
792.713376,5.188e-28,4,6,1265,1175
792.761409,3.702e-28,3,6,1265,1175
792.768707,3.963e-29,4,6,1265,1175
792.779817,1.026e-29,3,6,1265,1175
792.788363,5.826e-24,3,7,1265,1175
792.842069,1.684e-28,3,6,1265,1175
792.852961,1.228e-30,3,6,1265,1175
792.937904,1.268e-30,3,6,1265,1175
792.940488,4.489e-24,3,7,1265,1175
792.95079,5.729e-30,3,6,1265,1175
792.961144,6.244e-29,3,6,1265,1175
792.97682,1.425e-28,3,6,1265,1175
792.983423,1.341e-30,3,6,1265,1175
793.004241,1.302e-28,3,6,1265,1175
793.004467,4.063e-27,4,6,1265,1175
793.045018,1.068e-27,4,7,1265,1175
793.102206,3.396e-24,3,7,1265,1175
793.116231,1.547e-25,4,6,1265,1175
793.133907,3.148e-30,3,6,1265,1175
793.153282,9.53e-29,3,6,1265,1175
793.157286,1.117e-28,3,6,1265,1175
793.20249,1.129e-30,3,6,1265,1175
793.2272,1.684e-27,3,6,1265,1175
793.23093,1.96e-28,3,6,1265,1175
793.26972,4.282e-26,4,6,1265,1175
793.273791,2.524e-24,3,7,1265,1175
793.283195,1.766e-29,3,6,1265,1175
793.289011,6.544e-29,3,6,1265,1175
793.322754,2.64e-26,4,6,1265,1175
793.329735,1.702e-30,3,6,1265,1175
793.336072,1.744e-27,3,6,1265,1175
793.351495,9.614e-27,3,6,1265,1175
793.356433,1.291e-30,3,6,1265,1175
793.357637,5.689e-28,3,6,1265,1175
793.407771,8.72e-30,3,6,1265,1175
793.411265,4.168e-29,3,6,1265,1175
793.4302,3.581e-30,3,6,1265,1175
793.455255,1.1e-29,3,6,1265,1175
793.45553,1.842e-24,3,7,1265,1175
793.463502,8.035e-29,3,6,1265,1175
793.519899,2.422e-29,3,6,1265,1175
793.532562,1.582e-26,4,7,1265,1175
793.560305,1.892e-28,3,6,1265,1175
793.608235,1.171e-30,3,6,1265,1175
793.614783,1.254e-29,3,6,1265,1175
793.63168,7.633e-26,4,7,1265,1175
793.647723,1.321e-24,3,7,1265,1175
793.669816,1.468e-26,3,6,1265,1175
793.679283,9.382e-29,3,6,1265,1175
793.680259,8.435e-29,3,6,1265,1175
793.685328,1.067e-30,3,6,1265,1175
793.695807,5.57e-30,3,6,1265,1175
793.698658,5.731e-29,3,6,1265,1175
793.716245,1.431e-28,3,6,1265,1175
793.762876,1.987e-30,3,6,1265,1175
793.76551,1.316e-28,3,6,1265,1175
793.776076,1.089e-27,4,6,1265,1175
793.789599,5.596e-24,3,7,1265,1175
793.841875,5.756e-29,3,6,1265,1175
793.85068,9.314e-25,3,7,1265,1175
793.870699,8.37e-28,3,6,1265,1175
793.882431,1.493e-29,4,7,1265,1175
793.904647,1.321e-25,4,6,1265,1175
793.917141,1.527e-27,3,6,1265,1175
793.948352,1.605e-28,3,6,1265,1175
793.953728,2.961e-28,4,6,1265,1175
794.001106,3.991e-26,4,6,1265,1175
794.004275,1.281e-29,3,6,1265,1175
794.064724,6.452e-25,3,7,1265,1175
794.074253,2.343e-29,4,6,1265,1175
794.094386,1.858e-27,3,6,1265,1175
794.102973,1.364e-30,3,6,1265,1175
794.126541,8.621e-30,3,6,1265,1175
794.136947,5.232e-28,3,6,1265,1175
794.185238,3.627e-30,3,6,1265,1175
794.25194,1.522e-28,4,6,1265,1175
794.26114,1.124e-29,3,6,1265,1175
794.265033,5.682e-30,3,6,1265,1175
794.290188,4.393e-25,3,7,1265,1175
794.406166,1.435e-30,3,6,1265,1175
794.416001,2.852e-27,4,6,1265,1175
794.432979,5.233e-29,3,6,1265,1175
794.453272,1.424e-28,3,6,1265,1175
794.50993,1.126e-25,4,6,1265,1175
794.510231,1.101e-30,3,6,1265,1175
794.527416,2.941e-25,4,7,1265,1175
794.550161,1.504e-30,3,6,1265,1175
794.570902,5.241e-28,4,7,1265,1175
794.591818,9.381e-29,3,6,1265,1175
794.598668,1.165e-30,3,6,1265,1175
794.618403,1.377e-27,3,6,1265,1175
794.642719,8.197e-30,3,6,1265,1175
794.667728,6.511e-29,3,6,1265,1175
794.724285,1.496e-30,3,6,1265,1175
794.730992,3.7e-26,4,6,1265,1175
794.750658,9.308e-27,4,7,1265,1175
794.7566,1.31e-26,3,6,1265,1175
794.758914,1.778e-29,3,6,1265,1175
794.770069,1.846e-28,3,6,1265,1175
794.776765,1.935e-25,4,7,1265,1175
794.848766,8.462e-30,3,6,1265,1175
794.850857,1.949e-27,3,6,1265,1175
794.867824,3.877e-26,4,6,1265,1175
794.881777,7.223e-28,4,6,1265,1175
794.938645,3.639e-30,3,6,1265,1175
795.011554,1.342e-28,3,6,1265,1175
795.038602,1.252e-25,4,7,1265,1175
795.06509,1.151e-29,3,6,1265,1175
795.136142,4.686e-26,4,7,1265,1175
795.150675,6.193e-28,3,6,1265,1175
795.159018,1.113e-28,3,6,1265,1175
795.167747,4.756e-29,3,6,1265,1175
795.187941,1.406e-28,3,6,1265,1175
795.190348,1.663e-28,4,6,1265,1175
795.229762,6.34e-28,3,6,1265,1175
795.236624,1.955e-26,3,6,1265,1175
795.27934,5.89e-29,3,6,1265,1175
795.301533,1.237e-27,3,6,1265,1175
795.311009,9.533e-26,4,6,1265,1175
795.313301,7.966e-26,4,7,1265,1175
795.341546,1.131e-28,3,6,1265,1175
795.350184,8.214e-24,3,7,1265,1175
795.365919,1.679e-30,3,6,1265,1175
795.380256,1.363e-29,4,6,1265,1175
795.385184,6.174e-29,3,6,1265,1175
795.453514,1.685e-28,3,6,1265,1175
795.45878,3.412e-26,4,6,1265,1175
795.508349,1.037e-30,3,6,1265,1175
795.521405,7.269e-28,3,6,1265,1175
795.560105,8.245e-30,3,6,1265,1175
795.601252,4.984e-26,4,7,1265,1175
795.605481,2.018e-27,3,6,1265,1175
795.688007,7.551e-30,4,7,1265,1175
795.690418,3.619e-30,3,6,1265,1175
795.822838,1.968e-27,4,6,1265,1175
795.850973,5.177e-29,3,6,1265,1175
795.881056,1.589e-30,3,6,1265,1175
795.895733,8.06e-26,4,6,1265,1175
795.898584,4.3e-29,3,6,1265,1175
795.901826,9.295e-29,4,6,1265,1175
795.902849,3.066e-26,4,7,1265,1175
795.920198,1.378e-28,3,6,1265,1175
795.960711,1.574e-30,3,6,1265,1175
795.962933,5.392e-27,4,7,1265,1175
795.973234,4.715e-28,4,6,1265,1175
795.999935,1.105e-27,3,6,1265,1175
796.018274,7.725e-29,3,6,1265,1175
796.103293,2.531e-28,4,7,1265,1175
796.116694,1.647e-30,3,6,1265,1175
796.130837,2.195e-30,3,6,1265,1175
796.169166,1.754e-26,3,6,1265,1175
796.185193,3.131e-26,4,6,1265,1175
796.202481,4.085e-30,3,6,1265,1175
796.218501,1.855e-26,4,7,1265,1175
796.223936,1.739e-29,3,6,1265,1175
796.226757,7.7e-30,3,6,1265,1175
796.234617,1.793e-30,3,6,1265,1175
796.277614,7.982e-30,3,6,1265,1175
796.30858,1.699e-28,3,6,1265,1175
796.358259,2.065e-27,3,6,1265,1175
796.40428,4.987e-26,4,6,1265,1175
796.418181,4.506e-28,3,6,1265,1175
796.423685,9.199e-29,4,6,1265,1175
796.440556,3.568e-30,3,6,1265,1175
796.45982,9.367e-29,3,6,1265,1175
796.548623,1.104e-26,4,7,1265,1175
796.630719,3.869e-29,3,6,1265,1175
796.641145,2.831e-26,4,7,1265,1175
796.642935,1.441e-28,3,6,1265,1175
796.650112,1.34e-28,3,6,1265,1175
796.675832,9.837e-28,3,6,1265,1175
796.687442,7.81e-30,4,6,1265,1175
796.711729,6.763e-26,4,6,1265,1175
796.724893,7.832e-29,3,6,1265,1175
796.778138,6.041e-30,3,6,1265,1175
796.805246,2.558e-26,3,6,1265,1175
796.864778,2.024e-29,3,6,1265,1175
796.893422,2.697e-30,3,6,1265,1175
796.89364,6.464e-27,4,7,1265,1175
796.909365,2.858e-26,4,6,1265,1175
796.910161,1.056e-23,3,7,1265,1175
796.914631,9.925e-28,3,6,1265,1175
796.930639,6.448e-29,3,6,1265,1175
796.981162,7.676e-30,3,6,1265,1175
797.013139,4.04e-29,3,6,1265,1175
797.050649,3.029e-28,4,6,1265,1175
797.075688,6.908e-28,3,6,1265,1175
797.10919,2.091e-27,3,6,1265,1175
797.137183,2.118e-28,3,6,1265,1175
797.158461,3.521e-30,3,6,1265,1175
797.169743,3.076e-27,4,7,1265,1175
797.189054,3.491e-30,3,6,1265,1175
797.225132,1.336e-27,4,6,1265,1175
797.253986,3.722e-27,4,7,1265,1175
797.273532,5.671e-26,4,6,1265,1175
797.35793,3.465e-29,3,6,1265,1175
797.362503,1.718e-30,3,6,1265,1175
797.371846,8.705e-28,3,6,1265,1175
797.377594,1.295e-28,3,6,1265,1175
797.436672,6.242e-29,3,6,1265,1175
797.50759,3.757e-30,4,7,1265,1175
797.531157,1.123e-30,3,6,1265,1175
797.550372,1.768e-30,3,6,1265,1175
797.556695,5.585e-29,4,6,1265,1175
797.573444,2.737e-30,3,6,1265,1175
797.589158,2.307e-26,3,6,1265,1175
797.59999,4.168e-30,3,6,1265,1175
797.629634,6.239e-30,3,6,1265,1175
797.630103,2.108e-27,4,7,1265,1175
797.632334,2.595e-26,4,6,1265,1175
797.642694,1.203e-28,4,7,1265,1175
797.653671,3.168e-30,3,6,1265,1175
797.654208,5.007e-29,3,6,1265,1175
797.662002,9.18e-30,3,6,1265,1175
797.673203,3.224e-28,3,6,1265,1175
797.67814,1.657e-29,3,6,1265,1175
797.682857,1.76e-30,3,6,1265,1175
797.69434,7.339e-30,3,6,1265,1175
797.696725,1.328e-29,3,6,1265,1175
797.733336,2.012e-30,3,6,1265,1175
797.73344,1.888e-29,3,6,1265,1175
797.771791,2.637e-29,3,6,1265,1175
797.811427,3.619e-29,3,6,1265,1175
797.839173,1.748e-30,3,6,1265,1175
797.846581,1.53e-28,3,6,1265,1175
797.852006,4.879e-29,3,6,1265,1175
797.858272,2.097e-27,3,6,1265,1175
797.893193,6.46e-29,3,6,1265,1175
797.905301,6.427e-29,3,6,1265,1175
797.93214,5.924e-26,4,6,1265,1175
797.932234,9.021e-30,3,6,1265,1175
797.934664,8.398e-29,3,6,1265,1175
797.935912,3.391e-30,3,6,1265,1175
797.976104,1.072e-28,3,6,1265,1175
797.996578,4.404e-30,4,6,1265,1175
798.017206,1.342e-28,3,6,1265,1175
798.022442,1.175e-27,4,7,1265,1175
798.040009,7.679e-28,3,6,1265,1175
798.05768,1.649e-28,3,6,1265,1175
798.087576,3.088e-29,3,6,1265,1175
798.097244,1.987e-28,3,6,1265,1175
798.098036,5.335e-29,3,6,1265,1175
798.102758,1.243e-28,3,6,1265,1175
798.106927,4.717e-26,4,6,1265,1175
798.114245,1.915e-28,4,6,1265,1175
798.131894,1.834e-28,3,6,1265,1175
798.13563,2.345e-28,3,6,1265,1175
798.146903,1.683e-26,4,7,1265,1175
798.152469,2.878e-30,3,6,1265,1175
798.154132,3.097e-29,3,6,1265,1175
798.172585,2.712e-28,3,6,1265,1175
798.207868,3.069e-28,3,6,1265,1175
798.241255,3.396e-28,3,6,1265,1175
798.272536,3.669e-28,3,6,1265,1175
798.301519,3.864e-28,3,6,1265,1175
798.316477,1.331e-27,3,6,1265,1175
798.328027,3.959e-28,3,6,1265,1175
798.351899,3.934e-28,3,6,1265,1175
798.352868,2.346e-26,4,6,1265,1175
798.371465,1.728e-27,4,7,1265,1175
798.372994,3.775e-28,3,6,1265,1175
798.375434,3.286e-26,3,6,1265,1175
798.389685,6.971e-30,3,6,1265,1175
798.391187,3.474e-28,3,6,1265,1175
798.406372,3.032e-28,3,6,1265,1175
798.411582,3.601e-30,3,6,1265,1175
798.418459,2.46e-28,3,6,1265,1175
798.427379,1.779e-28,3,6,1265,1175
798.431461,6.438e-28,4,7,1265,1175
798.433079,1.016e-28,3,6,1265,1175
798.466768,4.544e-30,3,6,1265,1175
798.469536,1.252e-23,3,7,1265,1175
798.478047,6.541e-29,3,6,1265,1175
798.605505,2.083e-27,3,6,1265,1175
798.623047,8.92e-28,4,6,1265,1175
798.643211,3.924e-26,4,6,1265,1175
798.681123,3.271e-30,3,6,1265,1175
798.704101,1.56e-29,3,6,1265,1175
798.707233,1.003e-30,3,6,1265,1175
798.734191,6.733e-28,3,6,1265,1175
798.792391,1.158e-30,3,6,1265,1175
798.810983,2.74e-29,3,6,1265,1175
798.816239,2.613e-28,3,6,1265,1175
798.82546,1.186e-28,3,6,1265,1175
798.847034,4.952e-29,3,6,1265,1175
798.850438,1.809e-30,3,6,1265,1175
798.857626,3.471e-28,4,7,1265,1175
798.87567,1.331e-30,3,6,1265,1175
798.882414,2.683e-29,3,6,1265,1175
798.895658,7.348e-28,3,6,1265,1175
798.915737,2.269e-28,3,6,1265,1175
798.932289,4.361e-30,3,6,1265,1175
798.957068,1.524e-30,3,6,1265,1175
799.016539,2.982e-26,3,6,1265,1175
799.036581,1.736e-30,3,6,1265,1175
799.072429,2.11e-26,4,6,1265,1175
799.098971,6.588e-30,3,6,1265,1175
799.114205,1.97e-30,3,6,1265,1175
799.121397,1.541e-29,3,6,1265,1175
799.164266,1.192e-28,4,6,1265,1175
799.167153,3.988e-30,3,6,1265,1175
799.18962,5.623e-29,4,7,1265,1175
799.189936,2.225e-30,3,6,1265,1175
799.215381,4.124e-29,3,6,1265,1175
799.216764,3.301e-29,4,6,1265,1175
799.22026,2.149e-30,3,6,1265,1175
799.248496,1.83e-30,3,6,1265,1175
799.263771,2.501e-30,3,6,1265,1175
799.273871,2.331e-29,3,6,1265,1175
799.301409,1.841e-28,4,7,1265,1175
799.308458,2.444e-30,4,6,1265,1175
799.335708,2.798e-30,3,6,1265,1175
799.341669,1.838e-30,3,7,1265,1175
799.348202,4.337e-29,3,6,1265,1175
799.350889,2.053e-27,3,6,1265,1175
799.384203,1.35e-28,3,6,1265,1175
799.394033,5.887e-28,3,6,1265,1175
799.405742,3.116e-30,3,6,1265,1175
799.424691,3.134e-30,3,6,1265,1175
799.451441,6.655e-26,4,6,1265,1175
799.460611,3.576e-29,3,6,1265,1175
799.47387,3.453e-30,3,6,1265,1175
799.474057,2.266e-29,3,6,1265,1175
799.496733,3.236e-26,4,6,1265,1175
799.538321,2.419e-29,3,6,1265,1175
799.540089,3.809e-30,3,6,1265,1175
799.545882,1.124e-28,3,6,1265,1175
799.568499,9.559e-28,4,7,1265,1175
799.604397,4.181e-30,3,6,1265,1175
799.625778,2.29e-28,3,6,1265,1175
799.653639,9.842e-27,4,7,1265,1175
799.666789,4.566e-30,3,6,1265,1175
799.726797,1.754e-27,3,6,1265,1175
799.727263,4.961e-30,3,6,1265,1175
799.738304,1.873e-30,3,6,1265,1175
799.763289,9.611e-29,4,7,1265,1175
799.785643,6.186e-30,3,6,1265,1175
799.785816,5.362e-30,3,6,1265,1175
799.789296,1.888e-26,4,6,1265,1175
799.842446,5.765e-30,3,6,1265,1175
799.897149,6.165e-30,3,6,1265,1175
799.920382,4.324e-30,3,6,1265,1175
799.946951,4.145e-26,3,6,1265,1175
799.949923,6.556e-30,3,6,1265,1175
